﻿<?xml version="1.0" encoding="utf-8"?>
<Elements xmlns="http://schemas.microsoft.com/sharepoint/">
  <Module Name="ProjectSpacePage"
        Url="Style Library"
          Path="" >
    <File Path="ProjectSpacePage\SiteAssets\js\home.js"
          Url="DocsDSI/ProjectSpacePage/SiteAssets/js/home.js"
          Type="GhostableInLibrary" />

    <File Path="ProjectSpacePage\SiteAssets\html\home.html"
          Url="DocsDSI/ProjectSpacePage/SiteAssets/html/home.html"
          Type="GhostableInLibrary" />
  </Module>


  <Module Name="ProjectSpacePage"
          Url="Pages"  >
    <File Path="ProjectSpacePage\ProjectSpace.aspx"
          Url="ProjectSpace.aspx"
          Type="GhostableInLibrary"
          IgnoreIfAlreadyExists="True"
          NavBarHome="False">
      <AllUsersWebPart WebPartZoneID="wpzMyZone"
                       WebPartOrder="1">

        <![CDATA[
     <?xml version="1.0" encoding="utf-8"?>
        <WebPart xmlns:xsi="http://www.w3.org/2001/XMLSchema-instance" xmlns:xsd="http://www.w3.org/2001/XMLSchema" xmlns="http://schemas.microsoft.com/WebPart/v2">
        <Title>Content Editor</Title>
        <FrameType>None</FrameType>
        <Description>Allows authors to enter rich text content.</Description>
        <IsIncluded>true</IsIncluded>
        <ZoneID>Body</ZoneID>
        <PartOrder>0</PartOrder>
        <FrameState>Normal</FrameState>
        <Height />
        <Width />
        <AllowRemove>true</AllowRemove>
        <AllowZoneChange>true</AllowZoneChange>
        <AllowMinimize>true</AllowMinimize>
        <AllowConnect>true</AllowConnect>
        <AllowEdit>true</AllowEdit>
        <AllowHide>true</AllowHide>
        <IsVisible>true</IsVisible>
        <DetailLink />
        <HelpLink />
        <HelpMode>Modeless</HelpMode>
        <Dir>Default</Dir>
        <PartImageSmall />
        <MissingAssembly>Cannot import this Web Part.</MissingAssembly>
        <PartImageLarge>/_layouts/images/mscontl.gif</PartImageLarge>
        <IsIncludedFilter>;;;;Initiator,Vetting Support Team</IsIncludedFilter>
        <Assembly>Microsoft.SharePoint, Version=14.0.0.0, Culture=neutral, PublicKeyToken=71e9bce111e9429c</Assembly>
        <TypeName>Microsoft.SharePoint.WebPartPages.ContentEditorWebPart</TypeName>
        <ContentLink xmlns="http://schemas.microsoft.com/WebPart/v2/ContentEditor">/sites/DocsDSI/Style Library/DocsDSI/ProjectSpacePage/SiteAssets/html/home.html</ContentLink>
        <Content xmlns="http://schemas.microsoft.com/WebPart/v2/ContentEditor" />
        <PartStorage xmlns="http://schemas.microsoft.com/WebPart/v2/ContentEditor" />
      </WebPart>
        ]]>

      </AllUsersWebPart>
    </File>
  </Module>
  

</Elements>
