﻿<?xml version="1.0" encoding="utf-8"?>
<Elements xmlns="http://schemas.microsoft.com/sharepoint/">  
  <Field
       ID="{09341b6b-2fb8-457a-8c30-e4918fc81b4f}"
       Name="SpecificationType"
       DisplayName="$Resources:BNPPI.RE.DocsDSI.portal,Fields_SpecificationTypeDisplayName;"
         Type="Choice"
    Required="True"
    Format="Dropdown"
    FillInChoice="FALSE"
    EnforceUniqueValues="FALSE"
         Group="$Resources:BNPPI.RE.DocsDSI.portal,Fields_GroupName;">


    <CHOICES>
      <CHOICE>Fonctionnelles</CHOICE>
      <CHOICE>Techniques</CHOICE>
      <CHOICE>Technico-Fonctionnelles</CHOICE>
    </CHOICES>
  </Field>
</Elements>

