﻿<?xml version="1.0" encoding="utf-8"?>
<Elements xmlns="http://schemas.microsoft.com/sharepoint/">  
  <Field
       ID="{193a0552-752c-4439-b396-e27370c0b5e9}"
       Name="SponsoOutcomeLegalTeam"
       DisplayName="Sponso Outcome Legal Team"
        Type="OutcomeChoice"
       Required="FALSE"
       Group="BNP RE Site Columns">
	  <CHOICES>

		  <CHOICE>Accept</CHOICE>
		  <CHOICE>Reject</CHOICE>
		  <CHOICE>Accept with reservations</CHOICE>
		  <CHOICE>Accept with Local Compliance validation</CHOICE>

	  </CHOICES>
  </Field>
</Elements>
