﻿<?xml version="1.0" encoding="utf-8"?>
<Elements xmlns="http://schemas.microsoft.com/sharepoint/">
  <Receivers ListTemplateId="100101">
    <Receiver>
      <Name>EventApplicationsListItemAdded</Name>
      <Type>ItemAdded</Type>
      <Assembly>$SharePoint.Project.AssemblyFullName$</Assembly>
      <Class>BNPPI.RE.DocsDsi.Portal.EventReceivers.EventApplicationsList.EventApplicationsList</Class>
      <SequenceNumber>10000</SequenceNumber>
    </Receiver>
    <Receiver>
      <Name>EventApplicationsListItemDeleted</Name>
      <Type>ItemDeleted</Type>
      <Assembly>$SharePoint.Project.AssemblyFullName$</Assembly>
      <Class>BNPPI.RE.DocsDsi.Portal.EventReceivers.EventApplicationsList.EventApplicationsList</Class>
      <SequenceNumber>10000</SequenceNumber>
    </Receiver>
	  <Receiver>
		  <Name>EventProjectsListItemUpdating</Name>
		  <Type>ItemUpdating</Type>
		  <Assembly>$SharePoint.Project.AssemblyFullName$</Assembly>
		  <Class>BNPPI.RE.DocsDsi.Portal.EventReceivers.EventApplicationsList.EventApplicationsList</Class>
		  <SequenceNumber>10000</SequenceNumber>
	  </Receiver>
        <Receiver>
          <Name>EventProjectsListItemUpdated</Name>
          <Type>ItemUpdated</Type>
          <Assembly>$SharePoint.Project.AssemblyFullName$</Assembly>
          <Class>BNPPI.RE.DocsDsi.Portal.EventReceivers.EventApplicationsList.EventApplicationsList</Class>
          <SequenceNumber>10000</SequenceNumber>
        </Receiver>
  </Receivers>
</Elements>