﻿<?xml version="1.0" encoding="utf-8"?>
<Elements xmlns="http://schemas.microsoft.com/sharepoint/">
	<!-- Parent ContentType: Document Set (0x0120D520) -->
	<ContentType ID="0x0120D52000B63DC7306D8245168F5BAACF56A49D5D"
				 Name="$Resources:BNPPI.RE.DocsDSI.portal,ContentTypes_TestsBookDocSetsName;"
				 Description="$Resources:BNPPI.RE.DocsDSI.portal,ContentTypes_TestsBookDocSetsDescription;"
				 Group="$Resources:BNPPI.RE.DocsDSI.portal,ContentTypes_GroupName"
				 Inherits="TRUE"
				 Version="0">
		<FieldRefs />
	</ContentType>

	<!-- Parent ContentType: Document Set (0x0120D520) -->
	<ContentType ID="0x0120D5200021C0D5212A0A40D794E82810BA21BAAB"
				 Name="$Resources:BNPPI.RE.DocsDSI.portal,ContentTypes_SpecificationsDocSetsName;"
				 Description="$Resources:BNPPI.RE.DocsDSI.portal,ContentTypes_SpecificationsDocSetsDescription;"
				 Group="$Resources:BNPPI.RE.DocsDSI.portal,ContentTypes_GroupName;"
				 Inherits="TRUE"
				 Version="0">
		<FieldRefs />
	</ContentType>

	<!-- Parent ContentType: Document Set (0x0120D520) -->
	<ContentType ID="0x0120D520007C32182155514E27B41F8FFCD92CBE49"
				 Name="$Resources:BNPPI.RE.DocsDSI.portal,ContentTypes_ReleaseNotesDocSetsName;"
				 Description="$Resources:BNPPI.RE.DocsDSI.portal,ContentTypes_ReleaseNotesDocSetsDescription;"
				 Group="$Resources:BNPPI.RE.DocsDSI.portal,ContentTypes_GroupName;"
				 Inherits="TRUE"
				 Version="0">
		<FieldRefs />
	</ContentType>

	<!-- Parent ContentType: Document Set (0x0120D520) -->
	<ContentType ID="0x0120D520004D90214F561B415088662E65161F7DB3"
				 Name="$Resources:BNPPI.RE.DocsDSI.portal,ContentTypes_OtherDocumentsDocSetsName;"
				 Description="$Resources:BNPPI.RE.DocsDSI.portal,ContentTypes_OtherDocumentsDocSetsDescription;"
				 Group="$Resources:BNPPI.RE.DocsDSI.portal,ContentTypes_GroupName"
				 Inherits="TRUE"
				 Version="0">
		<FieldRefs />
	</ContentType>

	<!-- Parent ContentType: Document Set (0x0120D520) -->
	<ContentType ID="0x0120D520006D435F321EB44D709D21080CB2086520"
				 Name="$Resources:BNPPI.RE.DocsDSI.portal,ContentTypes_MinutesOfMeetingDocSetsName;"
				 Description="$Resources:BNPPI.RE.DocsDSI.portal,ContentTypes_MinutesOfMeetingDocSetsDescription;"
				 Group="$Resources:BNPPI.RE.DocsDSI.portal,ContentTypes_GroupName;"
				 Inherits="TRUE"
				 Version="0">
		<FieldRefs />
	</ContentType>

	<!-- Parent ContentType: Document Set (0x0120D520) -->
	<ContentType ID="0x0120D520008C7A9F8F118F4B0EA5E52955BCFE1388"
				 Name="$Resources:BNPPI.RE.DocsDSI.portal,ContentTypes_IRPPDocSetsName;"
				 Description="$Resources:BNPPI.RE.DocsDSI.portal,ContentTypes_IRPPDocSetsDescription;"
				 Group="$Resources:BNPPI.RE.DocsDSI.portal,ContentTypes_GroupName;"
				 Inherits="TRUE"
				 Version="0">
		<FieldRefs />
	</ContentType>

	<!-- Parent ContentType: Document Set (0x0120D520) -->
	<ContentType ID="0x0120D520000B403C5A1AD744AB82866BAA9564FC68"
				 Name="$Resources:BNPPI.RE.DocsDSI.portal,ContentTypes_DemandsDocSetsName;"
				 Description="$Resources:BNPPI.RE.DocsDSI.portal,ContentTypes_DemandsDocSetsDescription;"
				 Group="$Resources:BNPPI.RE.DocsDSI.portal,ContentTypes_GroupName;"
				 Inherits="TRUE"
				 Version="0">
		<FieldRefs />
	</ContentType>
	<!-- Parent ContentType: Document Set (0x0120D520) -->
	<ContentType ID="0x0120D52000F3759784C3B246A4B750DB89EE3B7835"
				 Name="$Resources:BNPPI.RE.DocsDSI.portal,ContentTypes_DeliveryCardsDocSetsName;"
				 Description="$Resources:BNPPI.RE.DocsDSI.portal,ContentTypes_DeliveryCardsDocSetsDescription;"
				 Group="$Resources:BNPPI.RE.DocsDSI.portal,ContentTypes_GroupName;"
				 Inherits="TRUE"
				 Version="0">
		<FieldRefs />
	</ContentType>

	<!-- Parent ContentType: Document Set (0x0120D520) -->
	<ContentType ID="0x0120D5200078E642D4A3AD4894A2B938FBD462E95A"
				 Name="$Resources:BNPPI.RE.DocsDSI.portal,ContentTypes_ComitDocSetsName;"
				 Description="$Resources:BNPPI.RE.DocsDSI.portal,ContentTypes_ComitDocSetsDescription;"
				 Group="$Resources:BNPPI.RE.DocsDSI.portal,ContentTypes_GroupName;"
				 Inherits="TRUE"
				 Version="0">
		<FieldRefs />
	</ContentType>

	<!-- Parent ContentType: Document Set (0x0120D520) -->
	<ContentType ID="0x0120D52000AE860C4D965D401785C1D82F9B3A0593"
				 Name="$Resources:BNPPI.RE.DocsDSI.portal,ContentTypes_CMATDocSetsName;"
				 Description="$Resources:BNPPI.RE.DocsDSI.portal,ContentTypes_CMATDocSetsDescription"
				 Group="$Resources:BNPPI.RE.DocsDSI.portal,ContentTypes_GroupName;"
				 Inherits="TRUE"
				 Version="0">
		<FieldRefs />
	</ContentType>

	<!-- Parent ContentType: Document Set (0x0120D520) -->
	<ContentType ID="0x0120D52000D1D396130B854D6DB8EC179BFB357406"
				 Name="$Resources:BNPPI.RE.DocsDSI.portal,ContentTypes_CvitDocSetsName;"
				 Description="$Resources:BNPPI.RE.DocsDSI.portal,ContentTypes_CvitDocSetsDescription;"
				 Group="$Resources:BNPPI.RE.DocsDSI.portal,ContentTypes_GroupName;"
				 Inherits="TRUE"
				 Version="0">
		<FieldRefs />
	</ContentType>

	<!-- Parent ContentType: Document Set (0x0120D520) -->
	<ContentType ID="0x0120D520000A0C037802FA4E4C914526BC1136B54F"
				 Name="$Resources:BNPPI.RE.DocsDSI.portal,ContentTypes_C2iDocSetsName;"
				 Description="$Resources:BNPPI.RE.DocsDSI.portal,ContentTypes_C2iDocSetsDescription;"
				 Group="$Resources:BNPPI.RE.DocsDSI.portal,ContentTypes_GroupName;"
				 Inherits="TRUE"
				 Version="0">
		<FieldRefs />
	</ContentType>

	<!-- Parent ContentType: Document Set (0x0120D520) -->
	<ContentType ID="0x0120D52000E003F8A732CC4E54A58A95D024A8441E"
				 Name="$Resources:BNPPI.RE.DocsDSI.portal,ContentTypes_BalanceSheetDocSetsName"
				 Description="$Resources:BNPPI.RE.DocsDSI.portal,ContentTypes_BalanceSheetDocSetsDescription"
				 Group="$Resources:BNPPI.RE.DocsDSI.portal,ContentTypes_GroupName"
				 Inherits="TRUE"
				 Version="0">
		<FieldRefs />
	</ContentType>

	<!-- Parent ContentType: Document Set (0x0120D520) -->
	<ContentType ID="0x0120D520006C520FAF975C4EDEBE66D1A01AED4AA8"
				  Name="$Resources:BNPPI.RE.DocsDSI.portal,ContentTypes_COPILDocSetsNameDocSetsName"
				 Group="$Resources:BNPPI.RE.DocsDSI.portal,ContentTypes_GroupName"
				 Description="$Resources:BNPPI.RE.DocsDSI.portal,ContentTypes_COPILDocSetsDescription"
				 Inherits="TRUE"
				 Version="0">
		<FieldRefs>
		</FieldRefs>
	</ContentType>

	<ContentType ID="0x0120D52000C03630D2177349A7A8A61A41A97B1DE9"
				Name="$Resources:BNPPI.RE.DocsDSI.portal,ContentTypes_SVCocSetsNameDocSetsName"
				Group="$Resources:BNPPI.RE.DocsDSI.portal,ContentTypes_GroupName"
				Description="$Resources:BNPPI.RE.DocsDSI.portal,ContentTypes_SVCDocSetsDescription"
				Inherits="TRUE"
				Version="0">
		<FieldRefs>
		</FieldRefs>
	</ContentType>

	<!-- Parent ContentType: Document Set (0x0120D520) -->
	<ContentType ID="0x0120D5200092E94FEDE24C41F680F4AB1F739C2F64"
			   Name="$Resources:BNPPI.RE.DocsDSI.portal,ContentTypes_IDCardDocSetsNameDocSetsName"
			   Group="$Resources:BNPPI.RE.DocsDSI.portal,ContentTypes_GroupName"
			   Description="$Resources:BNPPI.RE.DocsDSI.portal,ContentTypes_IDCardDocSetsDescription"
			   Inherits="TRUE"
			   Version="0">
		<FieldRefs>
		</FieldRefs>
	</ContentType>

</Elements>