{
  "$schema": "https://developer.microsoft.com/json-schemas/spfx/client-side-web-part-manifest.schema.json",
  "id": "543fa5b6-c240-4960-972a-b31c042204f2",
  "alias": "WebPartProjectsSpacePageWebPart",
  "componentType": "WebPart",

  // The "*" signifies that the version should be taken from the package.json
  "version": "*",
  "manifestVersion": 2,

  // If true, the component can only be installed on sites where Custom Script is allowed.
  // Components that allow authors to embed arbitrary script code should set this to true.
  // https://support.office.com/en-us/article/Turn-scripting-capabilities-on-or-off-1f2c515f-5d7e-448a-9fd7-835da935584f
  "requiresCustomScript": false,

  "preconfiguredEntries": [{
    "groupId": "237bc53d-1295-4d1b-92b6-9c6362a23d85", // Other
    "group": { "default": "DSI Site" },
    "title": { "default": "DSI Projects Space Webpart" },
    "description": { "default": "This WebPart is used in projects space page" },
    "officeFabricIconFontName": "Page",
    "iconImageUrl": "http://pars402i2701.bnppi.priv/sites/DocsDSI/Style%20Library/DocsDSI/Commun/images/logo.jpg",
    "properties": {
      "description": "WebPart Projects Space Page"
    }
  }]
}
