﻿<?xml version="1.0" encoding="utf-8"?>
<Elements xmlns="http://schemas.microsoft.com/sharepoint/">  
  <Field
       ID="{b354043f-06f5-4f33-8c6d-df0b8a783b36}"
       Name="SponsoOutcomeCsr"
       DisplayName="Sponso Outcome Csr"
        Type="OutcomeChoice"
       Required="FALSE"
       Group="BNP RE Site Columns">
	  <CHOICES>

		  <CHOICE>Accept</CHOICE>
		  <CHOICE>Reject</CHOICE>
		  <CHOICE>Accept with reservations</CHOICE>
		  <CHOICE>Accept with Local Compliance validation</CHOICE>
		  
	  </CHOICES>
  </Field>
</Elements>
