﻿<?xml version="1.0" encoding="utf-8"?>
<Elements xmlns="http://schemas.microsoft.com/sharepoint/">
  <Module Name="Scripts">
    <File Path="Scripts\App.js" Url="Scripts/App.js" ReplaceContent="TRUE" />
    <File Path="Scripts\jquery-3.5.0.slim.min.map" Url="Scripts/jquery-3.5.0.slim.min.map" ReplaceContent="TRUE" />
    <File Path="Scripts\jquery-3.5.0.slim.min.js" Url="Scripts/jquery-3.5.0.slim.min.js" ReplaceContent="TRUE" />
    <File Path="Scripts\jquery-3.5.0.slim.js" Url="Scripts/jquery-3.5.0.slim.js" ReplaceContent="TRUE" />
    <File Path="Scripts\jquery-3.5.0.min.map" Url="Scripts/jquery-3.5.0.min.map" ReplaceContent="TRUE" />
    <File Path="Scripts\jquery-3.5.0.min.js" Url="Scripts/jquery-3.5.0.min.js" ReplaceContent="TRUE" />
    <File Path="Scripts\jquery-3.5.0.js" Url="Scripts/jquery-3.5.0.js" ReplaceContent="TRUE" />
  </Module>
</Elements>