﻿<?xml version="1.0" encoding="utf-8"?>
<Elements xmlns="http://schemas.microsoft.com/sharepoint/">  
  <Field
       ID="{f83ec0f5-acb3-4ce2-99b9-b2d332a6e7e5}"
       Name="SponsoOutcomeBmc"
       DisplayName="Sponso Outcome Bmc"
        Type="OutcomeChoice"
       Required="FALSE"
       Group="BNP RE Site Columns">
	  <CHOICES>

		  <CHOICE>Accept</CHOICE>
		  <CHOICE>Reject</CHOICE>
		  <CHOICE>Accept with reservations</CHOICE>
		  <CHOICE>Accept with Local Compliance validation</CHOICE>
		 
	  </CHOICES>
  </Field>
</Elements>
