﻿<?xml version="1.0" encoding="utf-8"?>
<Elements xmlns="http://schemas.microsoft.com/sharepoint/">  
  <Field
       ID="{b01a9891-f936-4385-a1da-f3c1c52e1aba}"
       Name="AppCloudServiceModel"
       DisplayName="$Resources:BNPPI.RE.DocsDSI.portal,Fields_AppCloudServiceModelDisplayName;"
       Type="Choice"
	   Format="Dropdown"
	   Mult="FALSE"
       Required="TRUE"
	   Group="$Resources:BNPPI.RE.DocsDSI.portal,Fields_GroupName;">
	  <CHOICES>
		  <CHOICE>N/A</CHOICE>
		  <CHOICE>IaaS</CHOICE>
		  <CHOICE>PaaS</CHOICE>
		 <CHOICE>SaaS</CHOICE>
	  </CHOICES>
	  <Default></Default>
  </Field>
</Elements>
