﻿<?xml version="1.0" encoding="utf-8"?>
<Elements xmlns="http://schemas.microsoft.com/sharepoint/">
  <!-- Parent ContentType: Item (0x01) -->
  <ContentType ID="0x01004C0439BF4DA143F2AF4C38B344B7CF02" Name="CTAnnualDashboard" Group="BNP RE Content Types" Description="Content Type for Annual Dashboard" Inherits="TRUE" Version="0">
    <FieldRefs>
      <FieldRef ID="{40be6f53-f3e8-4960-8252-ce89db581c41}" Name="AnnualDeclarationDate" DisplayName="$Resources:bnp,DeclarationDate;" Required="FALSE" />
      <FieldRef ID="{34daf5b2-de9e-4458-8bdb-7a156ee81c83}" Name="AnnualDeclarationID" DisplayName="$Resources:bnp,DeclarationID;" Required="FALSE" />
      <FieldRef ID="{9ac6b2ee-93aa-49b1-bd47-ea54f23a43a6}" Name="AnnualDeclarationStatus" DisplayName="$Resources:bnp,DeclarationStatus;" Required="FALSE" />
      <FieldRef ID="{f38541a9-3d50-4dc3-b64c-a5da74c4814d}" Name="AnnualDeclarationUrl" DisplayName="$Resources:bnp,DeclarationUrl;" Required="FALSE" />
      <FieldRef ID="{a9d27a26-0e77-4353-98d9-291d56220774}" Name="AnnualDeclarationYear" DisplayName="$Resources:bnp,Annual_Form_Year;" Required="FALSE" />
      <FieldRef ID="{371bfcc7-d5aa-4c65-80bd-c02256e72c75}" Name="AnnualEmployeeCountry" DisplayName="$Resources:bnp,EmployeeCountry;" Required="FALSE" />
      <FieldRef ID="{132cf135-22eb-418b-9e3d-423d3ef1c250}" Name="AnnualEmployeeEntity" DisplayName="$Resources:bnp,EmployeeEntity;" Required="FALSE" />
      <FieldRef ID="{23993ffb-4497-46fa-9eed-8faf25ce2288}" Name="AnnualEmployeeFirstName" DisplayName="$Resources:bnp,FirstName;" Required="FALSE" />
      <FieldRef ID="{B388D2FF-14A1-4074-82EC-FE40C02EFDB4}" Name="AnnualEmployeeLastName" DisplayName="$Resources:bnp, LastName;" Required="FALSE" />
      <FieldRef ID="{fc8fb98e-dbcf-41a8-98fd-04ce3083195f}" Name="AnnualEmployeeInformation" DisplayName="$Resources:bnp,EmployeeInformation;" Required="FALSE" />
      <FieldRef ID="{c6c67977-680e-4bf3-9e30-6d9ca7a370a0}" Name="AnnualRequestor" DisplayName="$Resources:bnp, Requestor;" Required="FALSE" />
      <FieldRef ID="{5667F68A-0483-4F55-98A6-4A6218F99D40}" Name="AnnualEmployeeDepartment" DisplayName="$Resources:bnp, Department;" Required="FALSE" />
      <FieldRef ID="{5e7e0332-de7f-4520-950d-8ddd89c6bb4d}" Name="RefUID" DisplayName="Ref UID" Required="FALSE" ShowInDisplayForm="FALSE" />
    </FieldRefs>
  </ContentType>
</Elements>