﻿<?xml version="1.0" encoding="utf-8"?>
<Elements xmlns="http://schemas.microsoft.com/sharepoint/">
  <!-- Parent ContentType: Document (0x0101) -->
  <ContentType ID="0x010100E6AB66B1361149FF8F9520026F9307DD"
               Name="$Resources:BNPPI.RE.DocsDSI.portal,ContentTypes_DefaultDocTemplateName;"
               Group="$Resources:BNPPI.RE.DocsDSI.portal,ContentTypes_GroupName"
               Description="My Content Type"
               Inherits="TRUE"
               Version="0">
    <FieldRefs>     
      <FieldRef ID="{4abf781e-519f-469c-981e-650ab952c1c8}"
                DisplayName="$Resources:BNPPI.RE.DocsDSI.portal,Fields_CountriesConcernedDisplayName;"
                Required="TRUE"
                Name="CountriesConcerned" />
      
      <FieldRef ID="{d58ff58f-d159-4c62-805e-db5e2782740d}"
                DisplayName="$Resources:BNPPI.RE.DocsDSI.portal,Fields_BusinessLineAndFunctionDisplayName;"
                Required="True"
                Name="BusinessLineAndFunction" />
      <FieldRef ID="{0efdbda6-9c2c-4fcb-aae4-eef3908cb8e3}"
                DisplayName="$Resources:BNPPI.RE.DocsDSI.portal,Fields_DocumentStatusDisplayName;"
                Required="TRUE"
                Name="DocumentStatus"
                Format="Dropdown" />
      <FieldRef ID="{aa9b80c1-bb57-4f43-a90e-4e9efd5094e3}"
                DisplayName="$Resources:BNPPI.RE.DocsDSI.portal,Fields_CommonColCommentDisplayName;"
                Required="FALSE"
                Name="CommonColComment"
                NumLines="6" />
    </FieldRefs>
  </ContentType>

</Elements>
