﻿<?xml version="1.0" encoding="utf-8"?>
<Elements xmlns="http://schemas.microsoft.com/sharepoint/">

    <Field
	 ID="{45C26F95-68BE-4266-8E17-B1C62F1DC7A0}"
	 Name="InvitationQ28"
	 DisplayName="$Resources:bnp, Invitation_Q28;"
	 Type="Text"
	 Required="FALSE"
	 Group="BNP RE Site Columns">
	</Field>
	
  <Field
       ID="{aadd5269-ba59-41b1-9f24-af683901e4f2}"
       Name="InvitationQ34"
       DisplayName="$Resources:bnp, Invitation_Q34;"
       Type="Text"
       Required="FALSE"
       Group="BNP RE Site Columns">
  </Field>

	<Field
       ID="{443B0B4E-1330-4C85-B0C7-647323C63589}"
       Name="InvitationQ36"
       DisplayName="$Resources:bnp, Gift_Q11;"
       Type="Text"
       Required="FALSE"
       Group="BNP RE Site Columns">
	</Field>


	<Field
       ID="{8EF4061A-E85B-4818-8104-BD21B5C1FD61}"
       Name="InvitationQ39"
       DisplayName="$Resources:bnp, Invitation_Q39;"
       Type="Text"
       Required="FALSE"
       Group="BNP RE Site Columns">
	</Field>
	
	<Field
       ID="{F958D47F-AD7E-458B-ACE5-769C0C8FF47D}"
       Name="InvitationQ40"
       DisplayName="$Resources:bnp, Invitation_Q40;"
       Type="Text"
       Required="FALSE"
       Group="BNP RE Site Columns">
	</Field>

	<Field
       ID="{6D59045A-8013-4A03-A463-2AFB6153EF6E}"
       Name="InvitationQ41"
       DisplayName="$Resources:bnp, Invitation_Q41;"
       Type="Text"
       Required="FALSE"
       Group="BNP RE Site Columns">
	</Field>


	<Field
	  ID="{6F8CDB45-E7FD-40D4-B0D9-BAAEDCF683FE}"
	  Name="InvitationQ42"
	  DisplayName="$Resources:bnp, Invitation_Q42;"
	  Type="Text"
	  Required="FALSE"
	  Group="BNP RE Site Columns">
	</Field>
	
	<Field
       ID="{A9872D54-E318-4B13-911D-89F3AC79627B}"
       Name="InvitationQ43"
       DisplayName="$Resources:bnp, Invitation_Q43;"
       Type="Text"
       Required="FALSE"
       Group="BNP RE Site Columns">
	</Field>

	<Field
       ID="{BCC80003-2537-48BC-93B1-1E1875440D2E}"
       Name="InvitationQ44"
       DisplayName="$Resources:bnp, Invitation_Q44;"
       Type="Text"
       Required="FALSE"
       Group="BNP RE Site Columns">
	</Field>
	
	
	<Field
       ID="{331D1252-703F-4F2D-BA18-2BCDFAD8DD57}"
       Name="InvitationQ45"
       DisplayName="$Resources:bnp, Invitation_Q45;"
       Type="Text"
       Required="FALSE"
       Group="BNP RE Site Columns">
	</Field>	
	
</Elements>
