﻿<?xml version="1.0" encoding="utf-8"?>
<Elements xmlns="http://schemas.microsoft.com/sharepoint/">  
  <Field
       ID="{44ef7f7d-c1bf-4cdf-a0ad-7e7080598a5f}"
       Name="AppIntegrity"
       DisplayName="$Resources:BNPPI.RE.DocsDSI.portal,Fields_AppIntegrityDisplayName;"
       Type="Choice"
	   Format="Dropdown"
	   Mult="FALSE"
       Required="TRUE"
	   Group="$Resources:BNPPI.RE.DocsDSI.portal,Fields_GroupName;">
	  <CHOICES>
		  <CHOICE>1 – None</CHOICE>
		  <CHOICE>2 - Standard</CHOICE>
		  <CHOICE>3 – Reinforced</CHOICE>
		  <CHOICE>4 - Unalterable</CHOICE>
	  </CHOICES>
	  <Default></Default>
  </Field>
</Elements>
