﻿<?xml version="1.0" encoding="utf-8"?>
<Elements xmlns="http://schemas.microsoft.com/sharepoint/">  
  <Field
       ID="{1a8f9508-9006-4534-a130-ca21de29baaa}"
       Name="SponsoOutcomeComplianceTeam"
       DisplayName="Sponso Outcome Compliance Team"
       Type="OutcomeChoice"
       Required="FALSE"
       Group="BNP RE Site Columns">
	  <CHOICES>
		  <CHOICE>Accept</CHOICE>
		  <CHOICE>Reject</CHOICE>
		  <CHOICE>Accept with reservations</CHOICE>
	  </CHOICES>
  </Field>

	<Field
	 ID="{71B79C8F-7EA9-4FFE-8BAE-0C52E33F6E25}"
	 Name="SponsoOutcomeGlobalTeam"
	 DisplayName="Sponso Outcome Global Team"
	 Type="OutcomeChoice"
	 Required="FALSE"
	 Group="BNP RE Site Columns">
		<CHOICES>
			<CHOICE>Accept</CHOICE>
			<CHOICE>Reject</CHOICE>
			<CHOICE>Accept with reservations</CHOICE>
		</CHOICES>
	</Field>
	
</Elements>
