﻿<?xml version="1.0" encoding="utf-8"?>
<Elements xmlns="http://schemas.microsoft.com/sharepoint/">
  <Field
    ID="{5b069dac-c045-4870-bd4f-825f31e7d752}"
    Name="IRPPType"
    DisplayName="$Resources:BNPPI.RE.DocsDSI.portal,Fields_IRPPTypeDisplayName;"
    Type="Choice"
    Format="Dropdown"
    FillInChoice="FALSE"
    Required="FALSE"
    Group="$Resources:BNPPI.RE.DocsDSI.portal,Fields_GroupName;">
    <CHOICES>
      <CHOICE>Project catégorisation</CHOICE>
      <CHOICE>PDP-Q</CHOICE>
      <CHOICE>ASC</CHOICE>
      <CHOICE>Analyse de risque IT</CHOICE>
      <CHOICE>DPIA</CHOICE>
      <CHOICE>Plan d'action Sécurité</CHOICE>
    </CHOICES>
  </Field>
</Elements>

