﻿<?xml version="1.0" encoding="utf-8"?>
<Elements xmlns="http://schemas.microsoft.com/sharepoint/">  
  <Field
       ID="{fde7fb13-df19-494f-8171-69992ed11e16}"
       Name="AppInternetFacing"
  	  DisplayName="$Resources:BNPPI.RE.DocsDSI.portal,Fields_AppInternetFacingDisplayName;"
       Type="Choice"
	   Format="Dropdown"
	   Mult="FALSE"
       Required="TRUE"
	   Group="$Resources:BNPPI.RE.DocsDSI.portal,Fields_GroupName;">
	  <CHOICES>
		  <CHOICE>O</CHOICE>
		  <CHOICE>N</CHOICE>
	  </CHOICES>
	  <Default></Default>
  </Field>
</Elements>
