﻿<?xml version="1.0" encoding="utf-8"?>
<Elements xmlns="http://schemas.microsoft.com/sharepoint/">  
  <Field
       ID="{3ffd4548-c20d-444c-bfdb-4dbc9bc6217e}"
       Name="GiftOutcomeLocalCompliance"
       DisplayName="Gift Outcome Local Compliance"
       Type="OutcomeChoice"
       Required="FALSE"
       Group="BNP RE Site Columns">
	  <CHOICES>
		  <CHOICE>Accept</CHOICE>
		  <CHOICE>Reject</CHOICE>
		  <CHOICE>Escalade to global compliance</CHOICE>
	  </CHOICES>
  </Field>
</Elements>
