{
  "$schema": "https://developer.microsoft.com/json-schemas/spfx-build/package-solution.schema.json",
  "solution": {
    "name": "bnpre-dsi-spfx-extensions-client-side-solution",
    "id": "bf8575c6-1bc0-4705-849e-4455f54868a4",
    "version": "1.0.0.0",
    "includeClientSideAssets": true,
    "features": [
      {
        "title": "Application Extension - Deployment of custom action.",
        "description": "Deploys a custom action with ClientSideComponentId association",
        "id": "53bd71ae-fcd4-4f9e-a222-fd8182520e4f",
        "version": "1.0.0.0",
        "assets": {
          "elementManifests": [
            "elements.xml"
          ]
        }
      }
    ]
  },
  "paths": {
    "zippedPackage": "solution/bnpre-dsi-spfx-extensions.sppkg"
  }
}
