﻿<?xml version="1.0" encoding="utf-8"?>
<Elements xmlns="http://schemas.microsoft.com/sharepoint/">  
  <Field
       ID="{8f0a3082-685a-42d7-8fdc-a58389eb75c8}"
       Name="GiftQ1"
       DisplayName="$Resources:bnp,Gift_Q1"
       Type="Text"
       Required="FALSE"
       Group="BNP RE Site Columns">
  </Field>

  <Field
        ID="{C48B7B6C-4073-4180-8894-EA86F921E15E}"
        Name="Gift_Type"
        DisplayName="$Resources:bnp,Gift_Type"
        Type="Text"
        Required="FALSE"
        Group="BNP PRE Site Columns">
  </Field>

  <Field
       ID="{ED52993F-684F-42C0-A277-9C13A1A65E75}"
       Name="Gift_Q15_1"
       DisplayName="$Resources:bnp,Gift_Q15_1"
       Type="Text"
       Required="FALSE"
       Group="BNP PRE Site Columns">
  </Field>

  <Field
      ID="{1412E32E-9A5A-4F36-A683-4584732AAF11}"
      Name="Gift_Q30"
      DisplayName="$Resources:bnp,Gift_Q30;"
      Type="Text"
      Required="FALSE"
      Group="BNP PRE Site Columns">
  </Field>

  <Field
     ID="{85BAE626-6E65-4BFD-8D88-8D83C809FBBF}"
     Name="Gift_Q33"
     DisplayName="$Resources:bnp,Gift_Q33;"
     Type="Text"
     Required="FALSE"
     Group="BNP PRE Site Columns">
  </Field>

  <Field
     ID="{B1BE93BB-BD11-4AC9-8360-4ECA2D9EAB87}"
     Name="Gift_Q34"
     DisplayName="$Resources:bnp,Gift_Q34;"
     Type="Text"
     Required="FALSE"
     Group="BNP PRE Site Columns">
  </Field>

  <Field
     ID="{05BF12FE-60E5-49D5-BFB8-854924B24A92}"
     Name="Gift_Q35"
     DisplayName="$Resources:bnp,Gift_Q35;"
     Type="Text"
     Required="FALSE"
     Group="BNP PRE Site Columns">
  </Field>

  <Field
    ID="{51A40069-5DBD-4E8D-8D5E-6DD28652E7D9}"
    Name="Gift_Q36"
    DisplayName="$Resources:bnp,Gift_Q36;"
    Type="Text"
    Required="FALSE"
    Group="BNP PRE Site Columns">
  </Field>

  <Field
      ID="{7859C18B-EF67-42BA-B97C-42E6933DDE9D}"
      Name="Gift_Q38"
      DisplayName="$Resources:bnp,Gift_Q38;"
      Type="Text"
      Required="FALSE"
      Group="BNP PRE Site Columns">
  </Field>

  <Field
    ID="{E5FE2059-3E45-4A03-AD05-BAF0051C58C0}"
    Name="Gift_Q40"
    DisplayName="$Resources:bnp,Gift_Q40;"
    Type="Text"
    Required="FALSE"
    Group="BNP PRE Site Columns">
  </Field>

  <Field
    ID="{148EF7BB-5AEF-4DAB-986E-CEC3FFABC88C}"
    Name="Gift_Q42"
    DisplayName="$Resources:bnp,Gift_Q42;"
    Type="Text"
    Required="FALSE"
    Group="BNP PRE Site Columns">
  </Field>

  <Field
    ID="{BFB28771-732D-4243-8284-59ABD72C024E}"
    Name="Gift_Q43"
    DisplayName="$Resources:bnp,Gift_Q43;"
    Type="Text"
    Required="FALSE"
    Group="BNP PRE Site Columns">
  </Field>


  <Field
   ID="{42DBD3E9-B2F6-4DA0-B595-023EF0C8D869}"
   Name="Gift_Q45"
   DisplayName="$Resources:bnp,Gift_Q45;"
   Type="Text"
   Required="FALSE"
   Group="BNP PRE Site Columns">
  </Field>


	<Field
       ID="{8E4C430A-5537-4206-82A0-3B7B6BA450DC}"
       Name="Gift_Q46"
       DisplayName="$Resources:bnp,Gift_Q46;"
       Type="Text"
       Required="FALSE"
       Group="BNP PRE Site Columns">
	</Field>
	


	<Field
       ID="{8B7FD343-5406-44B6-AD2F-1650A1612438}"
       Name="Gift_Description"
       DisplayName="$Resources:bnp,Gift_Description;"
       Type="Note"
	   NumLines="6"
       Required="FALSE"
       Group="BNP PRE Site Columns">
	</Field>

	<Field
       ID="{93D95A8C-5787-4C05-87F0-E4EFFC67D93E}"
       Name="Gift_Refusal"
       DisplayName="$Resources:bnp,Gift_Refusal;"
       Type="Note"
	   NumLines="6"
       Required="FALSE"
       Group="BNP PRE Site Columns">
	</Field>

	<Field
       ID="{2090680C-80B3-4E69-B9FE-5365C7A059AC}"
       Name="RestrictedPEP"
       DisplayName="RestrictedPEP"
       Type="Text"
       Required="FALSE"
       Group="BNP PRE Site Columns">
	</Field>
	
</Elements>
