﻿<?xml version="1.0" encoding="utf-8"?>
<Elements xmlns="http://schemas.microsoft.com/sharepoint/">  
  <Field
       ID="{55bd8c59-efa6-4c6f-9fb9-3542058aee8b}"
       Name="AppTraceability"
       DisplayName="$Resources:BNPPI.RE.DocsDSI.portal,Fields_AppTraceabilityDisplayName;"
       Type="Choice"
	   Format="Dropdown"
	   Mult="FALSE"
       Required="TRUE"
	   Group="$Resources:BNPPI.RE.DocsDSI.portal,Fields_GroupName;">
	  <CHOICES>
		  <CHOICE>1 – None</CHOICE>
		  <CHOICE>2 - Minimal</CHOICE>
		  <CHOICE>3 – Simple</CHOICE>
		  <CHOICE>4 - detailed</CHOICE>
	  </CHOICES>
	  <Default></Default>
  </Field>
</Elements>
