{
    "$schema": "https://developer.microsoft.com/json-schemas/spfx-build/package-solution.schema.json",
    "solution": {
        "name": "bnpre-spfx-news-extensions-client-side-solution",
        "id": "bc3ff45d-294a-48a3-aec4-233cf5f33a36",
        "version": "1.0.0.145",
        "includeClientSideAssets": true,
        "skipFeatureDeployment": false,
        "features": [
            {
                "title": "Application Extension - Deployment of custom action.",
                "description": "Deploys a custom action with ClientSideComponentId association",
                "id": "98aa9a9f-4ab4-48e6-a827-74ce6f6ce753",
                "version": "1.0.0.0",
                "assets": {
                    "elementManifests": [
                        "elements.xml",
                        "listElements.xml"
                    ],
                    "elementFiles": [
                        "listSchema_Setings.xml"
                    ]
                }
            }
        ]
    },
    "paths": {
        "zippedPackage": "solution/bnpre-spfx-news-extensions.sppkg"
    }
}