﻿<?xml version="1.0" encoding="utf-8"?>
<Elements xmlns="http://schemas.microsoft.com/sharepoint/">
  <!-- Parent ContentType: Workflow Task (SharePoint 2013) (0x0108003365C4474CAE8C42BCE396314E88E51F) -->
  <ContentType ID="0x0108003365C4474CAE8C42BCE396314E88E51F0085DF4A5C76944273AA4FADD0A511AE74" Name="CTObiOutcomeSecondPhase2" Group="Custom Content Types" Description="My Content Type" Inherits="TRUE" Version="0">
    <FieldRefs>
      <FieldRef ID="{4bdd6b09-c0ab-4b2d-9c79-d7dc94f0aa4d}" DisplayName="Obi Global Comment" Required="TRUE" Name="ObiGlobalComment" />
	  <FieldRef ID="{bcc882bd-efc5-4ae6-92b3-3790696f57ea}" Name="ObiGlobalFollowUpActions" DisplayName="Obi Global Follow Up Actions" Required="TRUE" />
		<FieldRef ID="{05ea7d8b-6a28-4379-82ca-6cd99a1124f3}" Name="ObiGlobaldeadlineFollowUp" DisplayName="Obi Globaldeadline Follow Up" Required="TRUE" />
      <FieldRef ID="{f86eaf7b-a23f-4ac4-9ffb-83f1f548f40f}" DisplayName="Obi Outcome Second Phase" Required="FALSE" Name="ObiOutcomeSecondPhase" />
    </FieldRefs>
  </ContentType>
</Elements>