﻿<?xml version="1.0" encoding="utf-8"?>
<Elements xmlns="http://schemas.microsoft.com/sharepoint/">  
  <Field
       ID="{b51ed3f0-71e4-47a1-8561-3ea73c830add}"
       Name="AppClass"
       DisplayName="$Resources:BNPPI.RE.DocsDSI.portal,Fields_AppClassDisplayName;"
       Type="Choice"
	   Format="Dropdown"
	   Mult="FALSE"
       Required="TRUE"
	   Group="$Resources:BNPPI.RE.DocsDSI.portal,Fields_GroupName;">
	  <CHOICES>
		  <CHOICE>Class 1</CHOICE>
		  <CHOICE>Class 2</CHOICE>
		  <CHOICE>Class 3</CHOICE>
	  </CHOICES>
	  <Default></Default>
  </Field>
</Elements>
