﻿<?xml version="1.0" encoding="utf-8" ?>
<Elements xmlns="http://schemas.microsoft.com/sharepoint/">
  <Module Name="WorkflowOBI" Url="wfsvc/83bc77f1198e40ed9d1edb035a8b734a">
    <File Url="Workflow.xaml" Type="GhostableInLibrary" Path="WorkflowOBI\Workflow.xaml" DoGUIDFixUp="TRUE" ReplaceContent="TRUE">
      <Property Name="ContentType" Value="WorkflowServiceDefinition" />
      <Property Name="isReusable" Value="true" />
      <Property Name="RequiresInitiationForm" Value="False" />
      <Property Name="RequiresAssociationForm" Value="False" />
      <Property Name="WSPublishState" Value="3" />
      <Property Name="WSDisplayName" Value="WorkflowOBI" />
      <Property Name="WSDescription" Value="My 'WorkflowOBI' Workflow" />
      <!-- If you change the name or Url of your custom initiation or association form, 
           remember to update the corresponding property value (InitiationUrl or AssociationUrl) to match the new web relative url.
      -->
      <Property Name="RestrictToType" Value="List" />
      <Property Name="RestrictToScope" Value="{$ListId:Lists/ListOBI;}" />
    </File>
    <File Url="ItemAddedAssociation" Path="WorkflowOBI\ItemAddedAssociation" Type="GhostableInLibrary">
      <Property Name="WSDisplayName" Value="WorkflowOBI - Item Added" />
      <Property Name="ContentType" Value="WorkflowServiceSubscription" />
      <Property Name="WSPublishState" Value="3" />
      <Property Name="WSEventType" Value="ItemAdded" />
      <Property Name="WSEnabled" Value="true" />
      <Property Name="WSGUID" Value="e3a19c21-0ffb-46ba-a06b-dd44f48f9bc0" />
      <Property Name="WSEventSourceGUID" Value="{$ListId:Lists/ListOBI;}" />
      <Property Name="Microsoft.SharePoint.ActivationProperties.ListId" Value="{$ListId:Lists/ListOBI;}" />
      <Property Name="HistoryListId" Value="{$ListId:Lists/OBIHistoryList;}" />
      <Property Name="TaskListId" Value="{$ListId:Lists/OBITaskList;}" />
    </File>
  </Module>
  <ListInstance FeatureId="{2c63df2b-ceab-42c6-aeff-b3968162d4b1}"
                TemplateType="4501"
                Title="wfsvc"
                Description="This list instance is used by SharePoint to keep track of workflows. Do not modify."
                Url="wfsvc"
                RootWebOnly="FALSE" />
</Elements>