﻿<?xml version="1.0" encoding="utf-8"?>
<Elements xmlns="http://schemas.microsoft.com/sharepoint/">
  <!-- Parent ContentType: Item (0x01) -->
  <ContentType ID="0x0100B90291CD145A4925A5C9917285761C66"
               Name="CTGiftList"
               Group="BNP RE Content Types"
               Description="My Content Type"
               Inherits="TRUE"
               Version="0">
    <FieldRefs>
		<FieldRef ID="{8f0a3082-685a-42d7-8fdc-a58389eb75c8}" Name="GiftQ1" DisplayName="$Resources:bnp,Gift_Q1" Required="FALSE" />
		<FieldRef ID="{9afb20a1-7c11-4008-b9c3-aa8eb81b2338}" Name="GiftQ2" DisplayName="$Resources:bnp,Gift_Q2" Required="FALSE" />
		<FieldRef ID="{979005e3-f090-4c5c-8b85-d14b4d1bb5ac}" Name="GiftQ3" DisplayName="$Resources:bnp,Gift_Q3" Required="FALSE" />
		<FieldRef ID="{7b80156f-0839-4913-9029-329e2da8f0ed}" Name="GiftQ4" DisplayName="$Resources:bnp,Gift_Q4" Required="FALSE" />
		<FieldRef ID="{a25775a2-bb01-4c3c-a3ee-b76300c40c30}" Name="GiftQ5" DisplayName="$Resources:bnp,Gift_Q5" Required="FALSE" />
		<FieldRef ID="{f7748beb-919f-4d6a-b056-65b4d41c7538}" Name="GiftQ6" DisplayName="$Resources:bnp,Gift_Q6" Required="FALSE" />
		<FieldRef ID="{16738f42-8749-4567-ad91-3f7e2b816de9}" Name="GiftQ6_1" DisplayName="$Resources:bnp, Gift_Q6_1;" Required="FALSE" />
		<FieldRef ID="{9a339044-11df-4e99-b667-53bc0189c495}" Name="GiftQ7" DisplayName="$Resources:bnp,Gift_Q7" Required="FALSE" />
		<FieldRef ID="{13ad5cd8-6149-4ec1-bb0c-9522a37abc31}" Name="GiftQ8" DisplayName="$Resources:bnp,Gift_Q8" Required="FALSE" />
		<FieldRef ID="{8ec51ca4-0341-4fdb-8404-5b915b5665d1}" Name="GiftQ9" DisplayName="$Resources:bnp,Gift_Q9" Required="FALSE" />
		<FieldRef ID="{ecfbafa1-44a4-4c5c-8383-147cddcfe922}" Name="GiftQ10" DisplayName="$Resources:bnp,Gift_Q10" Required="FALSE" />
		<FieldRef ID="{f6ef7a6a-d9d7-4553-83ad-e4b878928601}" Name="GiftQ11" DisplayName="$Resources:bnp,Gift_Q11" Required="FALSE" />
		<FieldRef ID="{4a3c6fed-590f-4b41-a280-2873e1195ec8}" Name="GiftQ12" DisplayName="$Resources:bnp,Gift_Q12" Required="FALSE" />
		<FieldRef ID="{0c41735c-e3d5-4567-abf5-da48ec4aabfc}" Name="GiftQ13" DisplayName="$Resources:bnp,Gift_Q13" Required="FALSE" />
		<FieldRef ID="{C48B7B6C-4073-4180-8894-EA86F921E15E}" Name="Gift_Type" DisplayName="$Resources:bnp,Gift_Type" Required="FALSE"/>
		<FieldRef ID="{2b673cad-5a4d-40c3-911a-4bfa2d822555}" Name="GiftQ14" DisplayName="$Resources:bnp,Gift_Q14" Required="FALSE" />
		<FieldRef ID="{605e47bc-70f1-4c6e-8df6-845056b8b337}" Name="GiftQ15" DisplayName="$Resources:bnp,Gift_Q15" Required="FALSE" />
		<FieldRef ID="{ED52993F-684F-42C0-A277-9C13A1A65E75}" Name="Gift_Q15_1"  DisplayName="$Resources:bnp,Gift_Q15_1" Required="FALSE" />
      
		<FieldRef ID="{c2d31156-3b59-4c17-a5b0-bc4768646301}" Name="GiftQ16" DisplayName="$Resources:bnp,Gift_Q16" Required="FALSE" />
		<FieldRef ID="{9b990891-0e7a-453d-9d61-db95adf02831}" Name="GiftQ17" DisplayName="$Resources:bnp,Gift_Q17" Required="FALSE" />
		<FieldRef ID="{66e36a98-15ab-47a1-8a62-d8f2434b722c}" Name="GiftQ18" DisplayName="$Resources:bnp,Gift_Q18" Required="FALSE" />
		<FieldRef ID="{1412E32E-9A5A-4F36-A683-4584732AAF11}" Name="Gift_Q30" DisplayName="$Resources:bnp,Gift_Q30;" Required="FALSE" />
		<FieldRef ID="{85BAE626-6E65-4BFD-8D88-8D83C809FBBF}" Name="Gift_Q33" DisplayName="$Resources:bnp,Gift_Q33;" Required="FALSE" />
		<FieldRef ID="{B1BE93BB-BD11-4AC9-8360-4ECA2D9EAB87}" Name="Gift_Q34" DisplayName="$Resources:bnp,Gift_Q34;" Required="FALSE" />
		<FieldRef ID="{05BF12FE-60E5-49D5-BFB8-854924B24A92}" Name="Gift_Q35" DisplayName="$Resources:bnp,Gift_Q35;" Required="FALSE" />
		<FieldRef ID="{51A40069-5DBD-4E8D-8D5E-6DD28652E7D9}" Name="Gift_Q36" DisplayName="$Resources:bnp,Gift_Q36;" Required="FALSE" />
		<FieldRef ID="{7859C18B-EF67-42BA-B97C-42E6933DDE9D}" Name="Gift_Q38" DisplayName="$Resources:bnp,Gift_Q38;" Required="FALSE" />
		<FieldRef ID="{E5FE2059-3E45-4A03-AD05-BAF0051C58C0}" Name="Gift_Q40" DisplayName="$Resources:bnp,Gift_Q40;" Required="FALSE" />
		<FieldRef ID="{148EF7BB-5AEF-4DAB-986E-CEC3FFABC88C}" Name="Gift_Q42" DisplayName="$Resources:bnp,Gift_Q42;" Required="FALSE" />
		<FieldRef ID="{BFB28771-732D-4243-8284-59ABD72C024E}" Name="Gift_Q43" DisplayName="$Resources:bnp,Gift_Q43;" Required="FALSE" />
		<FieldRef ID="{42DBD3E9-B2F6-4DA0-B595-023EF0C8D869}" Name="Gift_Q45" DisplayName="$Resources:bnp,Gift_Q45;" Required="FALSE" />
		<FieldRef ID="{8E4C430A-5537-4206-82A0-3B7B6BA450DC}" Name="Gift_Q46" DisplayName="$Resources:bnp,Gift_Q46;" Required="FALSE" />

		<FieldRef ID="{8B7FD343-5406-44B6-AD2F-1650A1612438}" Name="Gift_Description" DisplayName="$Resources:bnp,Gift_Description;" Required="FALSE" />
		<FieldRef ID="{93D95A8C-5787-4C05-87F0-E4EFFC67D93E}" Name="Gift_Refusal"  DisplayName="$Resources:bnp,Gift_Refusal;" Required="FALSE" />
		
		<FieldRef ID="{e9a845cd-1c64-4df4-8ae5-444169b5f733}" Name="GiftManager" DisplayName="Gift Manager" Required="FALSE" />
		<FieldRef ID="{bda409ba-97aa-4c63-b99e-0ad82a0354c5}" Name="GiftQLanguage" DisplayName="Gift Q Language" Required="FALSE" />
		<FieldRef ID="{9ae025f8-969d-4caf-9d3f-6f57be930c77}" Name="GiftQLocalCountry" DisplayName="Gift Q Local Country" Required="FALSE" />
		<FieldRef ID="{b21ddee2-6171-4ab5-bd77-89660a513381}" Name="GiftQLocalCompliance" DisplayName="Gift Q Local Compliance" Required="FALSE" />
		<FieldRef ID="{e286e886-0fec-48b0-a8d1-8831ba72f4b2}" Name="QGlobalCompliance"  DisplayName="Q Global Compliance" Required="FALSE" />
		<FieldRef ID="{4e02dd7e-625d-451d-809d-f593c5c02e7e}" Name="GiftManagerComment" DisplayName="Gift Manager Comment" Required="FALSE" />
		<FieldRef ID="{a4f58347-621b-44f6-aee1-277f21afe1e3}" Name="GiftLocalComplianceComment" DisplayName="Gift Local Compliance Comment" Required="FALSE" />
		<FieldRef ID="{57be9fdd-94fc-4e56-9321-43610b863901}" Name="GiftGlobalComplianceComment" DisplayName="Gift Global Compliance Comment" Required="FALSE" />
		<FieldRef ID="{5211afb7-3a70-4647-b476-82b26e8bdaa5}" Name="RefEPId" DisplayName="Ref EP Id" Required="FALSE" />
		<FieldRef ID="{2090680C-80B3-4E69-B9FE-5365C7A059AC}" Name="RestrictedPEP"  DisplayName="RestrictedPEP" Required="FALSE" />
	</FieldRefs>
  </ContentType>
</Elements>
