﻿<?xml version="1.0" encoding="utf-8" ?>
<Elements xmlns="http://schemas.microsoft.com/sharepoint/">
  <Module Name="WorkflowCOIv2" Url="wfsvc/ef4670846f424e24bdb850cf17557132">
    <File Url="Workflow.xaml" Type="GhostableInLibrary" Path="WorkflowCOIv2\Workflow.xaml" DoGUIDFixUp="TRUE" ReplaceContent="TRUE">
      <Property Name="ContentType" Value="WorkflowServiceDefinition" />
      <Property Name="isReusable" Value="true" />
      <Property Name="RequiresInitiationForm" Value="False" />
      <Property Name="RequiresAssociationForm" Value="False" />
      <Property Name="WSPublishState" Value="3" />
      <Property Name="WSDisplayName" Value="WorkflowCOI" />
      <Property Name="WSDescription" Value="My 'WorkflowCOI' Workflow" />
      <!-- If you change the name or Url of your custom initiation or association form, 
           remember to update the corresponding property value (InitiationUrl or AssociationUrl) to match the new web relative url.
      -->
      <Property Name="RestrictToType" Value="List" />
      <Property Name="RestrictToScope" Value="{$ListId:Lists/ListCOI;}" />
    </File>
    <File Url="ItemAddedAssociation" Path="WorkflowCOIv2\ItemAddedAssociation" Type="GhostableInLibrary">
      <Property Name="WSDisplayName" Value="WorkflowCOIv2 - Item Added" />
      <Property Name="ContentType" Value="WorkflowServiceSubscription" />
      <Property Name="WSPublishState" Value="3" />
      <Property Name="WSEventType" Value="ItemAdded" />
      <Property Name="WSEnabled" Value="true" />
      <Property Name="WSGUID" Value="750ff875-236d-4791-8be7-8e517781c9e6" />
      <Property Name="WSEventSourceGUID" Value="{$ListId:Lists/ListCOI;}" />
      <Property Name="Microsoft.SharePoint.ActivationProperties.ListId" Value="{$ListId:Lists/ListCOI;}" />
      <Property Name="HistoryListId" Value="{$ListId:Lists/WorkflowCOIHistoryList;}" />
      <Property Name="TaskListId" Value="{$ListId:Lists/WorkflowCOITaskList;}" />
    </File>
  </Module>
  <ListInstance FeatureId="{2c63df2b-ceab-42c6-aeff-b3968162d4b1}"
                TemplateType="4501"
                Title="wfsvc"
                Description="This list instance is used by SharePoint to keep track of workflows. Do not modify."
                Url="wfsvc"
                RootWebOnly="FALSE" />
</Elements>