﻿<?xml version="1.0" encoding="utf-8"?>
<Elements xmlns="http://schemas.microsoft.com/sharepoint/">
  <!-- Parent ContentType: Item (0x01) -->
  <ContentType ID="0x0100C4946CCB9AFB4533ABB6143A69194250"
               Name="CTObiRegister"
               Group="BNP PRE Content Types"
               Description="Content Type for Register OBI"
               Inherits="TRUE"
               Version="0">
    <FieldRefs>
		<FieldRef ID="{b04846b0-7c07-48db-a86a-9c74953eb865}" Name="BNPPDirectory" DisplayName="BNPP Directory" Required="FALSE" />
		<FieldRef ID="{66991F9D-FB25-4DE1-82EF-9BC7387F5F16}" Name="EmployeeFirstName" DisplayName="Employee First Name" Required="FALSE" />
		<FieldRef ID="{75006C9D-8C6D-4081-9BE3-AA95164A7053}" Name="EmployeeLastName" DisplayName="Employee Last Name" Required="FALSE" />
		<FieldRef ID="{C434A913-CFCD-440E-96EB-7589657F29A3}" Name="EmployeeCountryCode" DisplayName="Employee Country Code" Required="FALSE" />
		<FieldRef ID="{4EBCFED1-B0B9-44CA-AECA-D44FA6684C7D}" Name="EmployeeBusinessLine" DisplayName="Employee Business Line" Required="FALSE" />
		<FieldRef ID="{279D9C4F-D468-4944-9E44-B57684664B2D}" Name="EmployeeJobDescription" DisplayName="Employee Job Description"   Required="FALSE" />
		
		<FieldRef ID="{0DA2EB2C-5355-4598-8AC0-23E2E4BC27C6}" Name="CompanyName" DisplayName="Company/Institution/ Person Name" Required="FALSE" />
		<FieldRef ID="{E87BE486-E6DC-4C84-83C3-4891DB8FBBC6}" Name="CompanyRegistrationNumber"  DisplayName="Registration  number" Required="FALSE" />
		<FieldRef ID="{013B56A9-133E-4A7C-B065-00A5538F0DCD}" Name="CompanyClientRMPM" DisplayName="When client RMPM id" Required="FALSE" />		
		<FieldRef ID="{482AE9C1-645F-4978-B2CF-0BC2D45643D6}" Name="CompanyCountryISOCode" DisplayName="Company Country ISO Code" Required="FALSE" />
		<FieldRef ID="{135E4CCA-DCBB-4C90-83BA-FA61F1A57763}" Name="ListedCompany" DisplayName="Listed Company ?" Required="FALSE" />
		<FieldRef ID="{96BA473B-F579-4D31-8036-B95987D559FC}" Name="CompanyISINCode" DisplayName="ISIN Code" Required="FALSE" />
		<FieldRef ID="{677EFE41-1F1B-42A4-8C93-EC565F9FB5B4}" Name="CompanyTypeClient" DisplayName="Type of client list" Required="FALSE" />
		<FieldRef ID="{AF4AD21C-7B60-4617-B94F-FB5AE1E63138}" Name="CompanyActivity" DisplayName="Company / Instit. / Name type of activity" Required="FALSE" />
		
		<FieldRef ID="{E5D1BCF6-F38E-48DB-ADA1-4AA4A05213DD}" Name="OBITypeList" DisplayName="Personal Office / OBI Type Code" Required="FALSE" />
		<FieldRef ID="{42B56239-1965-4CBA-971B-E85510D79D6E}" Name="OBISubTypeList" DisplayName="Personal Office / Mandate sub-type Code" Required="FALSE" />
		<FieldRef ID="{488B918D-23C4-4C5A-840C-E2E9FCD338D0}" Name="DescriptionActivity" DisplayName="Description of the activity" Required="FALSE" />
		<FieldRef ID="{823E9263-6218-47FE-87D1-5FFA1D2692B3}" Name="StartingDate" DisplayName="Starting Date" Required="FALSE" />
		<FieldRef ID="{8F524E61-D4C0-4A42-A44F-63BB52B07960}" Name="EmployeeEndDate" DisplayName="End Date" Required="FALSE" />
		<FieldRef ID="{9A57A71D-B1E6-4F3A-95D6-84CFA99B0287}" Name="TimeSpent" DisplayName="Time spent" Required="FALSE" />
		<FieldRef ID="{9522736E-232D-46D1-ABE1-18EDD8CFDE34}" Name="InvestmentMade" DisplayName="Investment made  %" Required="FALSE" />
		<FieldRef ID="{4C5CA97C-CB83-42D8-A8FD-6B744CF57C0C}" Name="Revenue" DisplayName="Revenue" Required="FALSE" />
		
		<FieldRef ID="{839DC66D-D123-4EB4-BF1E-E156C1911A69}" Name="ManagerUserID" DisplayName="Manager BNPP Directory User ID" Required="FALSE" />
		<FieldRef ID="{C61959DD-5E2C-45BC-BAC9-205F14AAC62C}" Name="ManagerName" DisplayName="Manager Name" Required="FALSE" />
		<FieldRef ID="{81DA8D97-F00C-4E54-A7B9-C131CF0B1218}" Name="ManagerPosition" DisplayName="Manager Position / Title  within BNPP" Required="FALSE" />
		<FieldRef ID="{00D87638-4AA3-4D6B-BDAA-EB0323CD1485}" Name="ManagerDecision" DisplayName="Manager Decision / recommendation" Required="FALSE" />
		<FieldRef ID="{6C7F192E-FEB1-48BB-A93A-3BA2E6F6BD0A}" Name="ManagerNatureofDecision"   DisplayName="Manager Nature of the decision / recommendation" Required="FALSE" />
		<FieldRef ID="{79641A16-6565-4558-84A9-3C5B47763C3A}" Name="ManagerRationale" DisplayName="Manager Rationale behind the decision / recommendation" Required="FALSE" />
		<FieldRef ID="{E50241DE-D457-482B-AEA8-2C2D1053FDC2}" Name="ManagerMitigations" DisplayName="Manager Detailed mitigations measures if any" Required="FALSE" />
		<FieldRef ID="{B1B1FF4C-6D60-4075-B4F5-E721BE51715C}" Name="ManagerDateDecision" DisplayName="Manager Date of decision / recommendation" Required="FALSE" />
		
		<FieldRef ID="{5E10EF59-6B7E-4431-B351-68BF09912AF9}" Name="ComplianceOfficerUserID" DisplayName="BNPP Directory User ID of the first level Compliance Officer" Required="FALSE" />
		<FieldRef ID="{92CC7D84-959F-427C-B887-2ACF6A66A763}" Name="ComplianceName" DisplayName="First level Compliance Officer Name" Required="FALSE" />
		<FieldRef ID="{35CA4404-CFD1-4BF8-A9A5-3A71B0CA217C}" Name="CompliancePosition" DisplayName="First level Compliance Officer Position" Required="FALSE" />
		<FieldRef ID="{A867BD84-AF2A-4D9B-9BB0-5212B8511CCD}" Name="ComplianceDecision" DisplayName="Compliance Decision / recommendation" Required="FALSE" />
		<FieldRef ID="{695C96CE-5515-418B-A2C9-7C99E09BC9BD}" Name="ComplianceNatureofDecision" DisplayName="Compliance Nature of the decision / recommendation" Required="FALSE" />
		<FieldRef ID="{6EA81ACE-523B-4293-B711-2F97817C06E2}" Name="ComplianceRationale" DisplayName="Compliance Rationale behind the decision / recommendation" Required="FALSE" />
		<FieldRef ID="{C6B4DB00-0FFA-4B2F-8BA0-535D60A8BDF5}" Name="ComplianceMitigations" DisplayName="Compliance Detailed mitigations measures if any" Required="FALSE" />
		<FieldRef ID="{F84748F8-C9E9-4360-B6DD-ACA5BF5FB0DB}" Name="ComplianceDateDecision" DisplayName="Compliance Date of decision / recommendation" Required="FALSE" />
		
		<FieldRef ID="{314AC63C-E4E8-4929-8318-5C364AFAE0A5}" Name="ComplianceOfficerSLUserID" DisplayName="BNPP Directory User ID of the second level Compliance Officer" Required="FALSE" />
		<FieldRef ID="{E31E1D7D-A4E0-4894-B59C-C748D4B22CDD}" Name="ComplianceSLName" DisplayName="Second level Compliance Officer Name" Required="FALSE" />
		<FieldRef ID="{7837252F-1BB8-48E4-8A2F-791C7415E172}" Name="ComplianceSLPosition" DisplayName="Second level Compliance Officer Position" Required="FALSE" />
		<FieldRef ID="{5B75FB39-0EC5-4D5F-8953-D420DFE2E0A4}" Name="ComplianceSLDecision" DisplayName="Compliance Second level Decision / recommendation" Required="FALSE" />
		<FieldRef ID="{902D8323-4097-4F13-828E-5FAA21486000}" Name="ComplianceSLNatureofDecision" DisplayName="Compliance Second level Nature of the decision / recommendation" Required="FALSE" />
		<FieldRef ID="{4C85950A-3DB0-4E45-9E22-30B05F3B8084}" Name="ComplianceSLRationale" DisplayName="Compliance Second level Rationale behind the decision / recommendation" Required="FALSE" />
		<FieldRef ID="{CD455BE8-118D-4155-8204-8070B4B085A8}" Name="ComplianceSLMitigations" DisplayName="Compliance Second level Detailed mitigations measures if any" Required="FALSE" />
		<FieldRef ID="{DF799A8B-FC9E-444F-9FFE-6B03B7DD95DE}" Name="ComplianceSLDateDecision" DisplayName="Compliance Second level Date of decision / recommendation" Required="FALSE" />
		
		<FieldRef ID="{29433763-CF2F-4AEE-BDBA-834325C3F3A4}" Name="DateNotificationEmployee" DisplayName="Date of notification to the employee" Required="FALSE" />
		<FieldRef ID="{4C909BBD-3A13-491C-A193-A96A69DE6C73}" Name="Transmitted" DisplayName="Transmitted to MI Control Room (GCR)" Required="FALSE" />
		
		<FieldRef ID="{EB4C2EBD-62C8-411F-B981-AB067C066C8F}" Name="RegisterGlobalComment" DisplayName="Global Comment" Required="FALSE" />
		
	</FieldRefs>
  </ContentType>
</Elements>
