﻿<?xml version="1.0" encoding="utf-8"?>
<Elements xmlns="http://schemas.microsoft.com/sharepoint/">
  <ListInstance Title= "$Resources:BNPPI.RE.DocsDSI.portal,ListInstances_ParamRolesFunctionsListName;"
                OnQuickLaunch="FALSE"
                TemplateType="100"
                FeatureId="00bfea71-de22-43b2-a848-c05709900100"
                Url="Lists/ParamRolesFunctionsList"           
                Description="$Resources:BNPPI.RE.DocsDSI.portal,ListInstances_ParamRolesFunctionsListDescription;">

    <Data>
      <Rows>
        <Row >
          <Field Name='ID'>1</Field>
          <Field Name='Title'>Investment Management</Field>
        </Row>
        <Row >
          <Field Name='ID'>2</Field>
          <Field Name='Title'>Property Management</Field>
        </Row>
        <Row >
          <Field Name='ID'>3</Field>
          <Field Name='Title'>Promotion - Résidentiel</Field>
        </Row>
        <Row >
          <Field Name='ID'>4</Field>
          <Field Name='Title'>Promotion - Immobilier d'entreprise</Field>
        </Row>
        <Row >
          <Field Name='ID'>5</Field>
          <Field Name='Title'>Advisory - Transaction</Field>
        </Row>
        <Row >
          <Field Name='ID'>6</Field>
          <Field Name='Title'>Advisory - Conseil</Field>
        </Row>
        <Row >
          <Field Name='ID'>7</Field>
          <Field Name='Title'>Advisory - Expertise</Field>
        </Row>
        <Row >
          <Field Name='ID'>8</Field>
          <Field Name='Title'>Achats</Field>
        </Row>
        <Row >
          <Field Name='ID'>9</Field>
          <Field Name='Title'>Affaires fiscales</Field>
        </Row>
        <Row >
          <Field Name='ID'>10</Field>
          <Field Name='Title'>Business Marketing et Communications</Field>
        </Row>
        <Row >
          <Field Name='ID'>11</Field>
          <Field Name='Title'>Compliance</Field>
        </Row>
        <Row >
          <Field Name='ID'>12</Field>
          <Field Name='Title'>Développement Durable / RSE</Field>
        </Row>
        <Row >
          <Field Name='ID'>13</Field>
          <Field Name='Title'>Direction de l'environnement de Travail</Field>
        </Row>
        <Row >
          <Field Name='ID'>14</Field>
          <Field Name='Title'>Direction des Risques</Field>
        </Row>
        <Row >
          <Field Name='ID'>15</Field>
          <Field Name='Title'>Direction Financière</Field>
        </Row>
        <Row >
          <Field Name='ID'>16</Field>
          <Field Name='Title'>Direction Technologie et Services</Field>
        </Row>
        <Row >
          <Field Name='ID'>17</Field>
          <Field Name='Title'>Global Research</Field>
        </Row>
        <Row >
          <Field Name='ID'>18</Field>
          <Field Name='Title'>Informatique</Field>
        </Row>
        <Row >
          <Field Name='ID'>19</Field>
          <Field Name='Title'>Juridique</Field>
        </Row>
        <Row >
          <Field Name='ID'>20</Field>
          <Field Name='Title'>PCA / Gestion de crise</Field>
        </Row>
        <Row >
          <Field Name='ID'>21</Field>
          <Field Name='Title'>Real Estate Consulting</Field>
        </Row>
      </Rows>
    </Data>

  </ListInstance>
</Elements>
