﻿<?xml version="1.0" encoding="utf-8"?>
<Feature xmlns="http://schemas.microsoft.com/sharepoint/" Description="$Resources:BNPPI.RE.DocsDSI.portal,Feature_Web_CommonDataForProjectsLibrariesDescription" Id="1dab4231-67c8-48a7-9da9-281b39cd76be" ReceiverAssembly="BNPPI.RE.DocsDsi.Portal, Version=1.0.0.0, Culture=neutral, PublicKeyToken=7d338a002c73e681" ReceiverClass="BNPPI.RE.DocsDsi.Portal.Features._04_DocsDsi___WebCommonDataForProjectLibraries._04_DocsDsi___WebCommonDataForProjectLibrariesEventReceiver" Scope="Web" Title="$Resources:BNPPI.RE.DocsDSI.portal,Feature_Web_CommonDataForProjectsLibrariesName">
  <ElementManifests>
    <ElementManifest Location="MinutesOfMeetingTemplate\Elements.xml" />
    <ElementManifest Location="DeliveryCardsTemplate\Elements.xml" />
    <ElementManifest Location="BalanceSheetTemplate\Elements.xml" />
    <ElementManifest Location="ProjectsLibrariesDocSets\Elements.xml" />
    <ElementManifest Location="TestsBookTemplate\Elements.xml" />
    <ElementManifest Location="ReleaseNotesTemplate\Elements.xml" />
    <ElementManifest Location="SpecificationsTemplate\Elements.xml" />
    <ElementManifest Location="DemandsTemplate\Elements.xml" />
    <ElementManifest Location="IRPP-SecurityActionPlanTemplate\Elements.xml" />
    <ElementManifest Location="IRPP-ProjectCategorisationTemplate\Elements.xml" />
    <ElementManifest Location="IRPP-PDP-QTemplate\Elements.xml" />
    <ElementManifest Location="IRPP-ITRiskAnalysisTemplate\Elements.xml" />
    <ElementManifest Location="IRPP-DPIATemplate\Elements.xml" />
    <ElementManifest Location="IRPP-ASCTemplate\Elements.xml" />
    <ElementManifest Location="C2ITemplate\Elements.xml" />
    <ElementManifest Location="CVITTemplate\Elements.xml" />
    <ElementManifest Location="CMATTemplate\Elements.xml" />
    <ElementManifest Location="COMITTemplate\Elements.xml" />
    <ElementManifest Location="ProjectsBalanceSheetDocsLibrary\Elements.xml" />
    <ElementManifest Location="ProjectsC2IDocsLibrary\Elements.xml" />
    <ElementManifest Location="ProjectsCMATDocsLibrary\Elements.xml" />
    <ElementManifest Location="ProjectsCOMITDocsLibrary\Elements.xml" />
    <ElementManifest Location="ProjectsCvitDocsLibrary\Elements.xml" />
    <ElementManifest Location="ProjectsDeliveryCardsDocsLibrary\Elements.xml" />
    <ElementManifest Location="ProjectsDemandsDocsLibrary\Elements.xml" />
    <ElementManifest Location="ProjectsIRPPDocsLibrary\Elements.xml" />
    <ElementManifest Location="ProjectsMinutesOfMeetingDocsLibrary\Elements.xml" />
    <ElementManifest Location="ProjectsOtherDocsLibrary\Elements.xml" />
    <ElementManifest Location="ProjectsReleaseNotesDocsLibrary\Elements.xml" />
    <ElementManifest Location="ProjectsSpecificationsDocsLibrary\Elements.xml" />
    <ElementManifest Location="ProjectsTestsBookDocsLibrary\Elements.xml" />
    <ElementManifest Location="COPILCT\Elements.xml" />
    <ElementManifest Location="ProjectsCOPILDocsLibrary\Elements.xml" />
    <ElementManifest Location="ProjectsSVCDocsLibrary\Elements.xml" />
    <ElementManifest Location="ProjectsIDCard\Elements.xml" />
  </ElementManifests>
</Feature>
