﻿<?xml version="1.0" encoding="utf-8"?>
<Elements xmlns="http://schemas.microsoft.com/sharepoint/">
  <!-- Parent ContentType: Item (0x01) -->
  <ContentType ID="0x0100FCD00A731EAD4330B5376A9F6683C496"
               Name="SensibilityCT"
               Group="BNPPRE Sensibility Content Types"
               Description="Content Type for Sensibility"
               Inherits="TRUE"
               Version="0">
    <FieldRefs>
		<FieldRef ID="{1F588968-A866-4290-AD6F-ED3079C09E6E}" Name="PERefPays"  DisplayName="Compliance" Required="FALSE" />
		<FieldRef ID="{b332573e-01de-4106-947a-298ac0601b6e}" Name="PECategory" DisplayName="Category" Required="FALSE" />
		<FieldRef ID="{18A2BAA6-83FB-42B5-A479-0AEACD4F7B31}" Name="PESubcategory" DisplayName="Sub-category" Required="FALSE" />
		<FieldRef ID="{235C7B9D-8410-4D63-A076-E3A6219F0E4B}" Name="SensiDescription" DisplayName="Description" Required="FALSE" />
		<FieldRef ID="{BAF9289A-E1B6-472C-A93A-21DFAB2DEF1D}" Name="PESensibility" DisplayName="Professional Ethic Sensibility"	 Required="FALSE" />
		
		<FieldRef ID="{34EC291C-51D2-41DC-8D34-BC70EC04CB0C}" Name="PTSensibility"  DisplayName="Personal Transaction Sensibility" Required="FALSE" />
		<FieldRef ID="{99EB109E-632A-47ED-82AA-06DA34CFD423}" Name="GlobalJobCode" DisplayName="Global job code" Required="FALSE" />
		<FieldRef ID="{A94F6629-FD02-41EC-AAF9-80ED0518605F}" Name="LocalJobCode" DisplayName="Local job code" Required="FALSE" />
		
	</FieldRefs>
  </ContentType>
</Elements>
