﻿<?xml version="1.0" encoding="utf-8"?>
<List xmlns:ows="Microsoft SharePoint" Title="Invitation" FolderCreation="FALSE" Direction="$Resources:Direction;" Url="Lists/Invitation" BaseType="0" xmlns="http://schemas.microsoft.com/sharepoint/" EnableContentTypes="TRUE">
  <MetaData>
    <ContentTypes>
      
      
    <ContentType ID="0x0100DD7C6C1B37F04314B5A6BCE93B89E122" Name="CTInvitationList" Group="BNP RE Content Types" Description="Content Type for Invitation List" Inherits="TRUE" Version="0"><FieldRefs><FieldRef ID="{e622714c-5b83-48db-8b6d-d8f5a76deefd}" Name="InvitationQ1" DisplayName="$Resources:bnp, Invitation_Q1;" Required="FALSE" /><FieldRef ID="{94114198-9a10-4d9f-a5d5-2cebe853ae88}" Name="InvitationQ2" DisplayName="$Resources:bnp, Invitation_Q1;" Required="FALSE" /><FieldRef ID="{4E2F6267-A23E-4074-9D8E-1D832355822F}" Name="InvitationPEP" DisplayName="$Resources:bnp, Invitation_PEP;" Required="FALSE" /><FieldRef ID="{124eaf43-7801-497e-abbe-a3dbfbc5327d}" Name="InvitationQ3" DisplayName="$Resources:bnp, Invitation_Q3;" Required="FALSE" /><FieldRef ID="{10ca08ba-1f47-45c7-8262-a7bae50fe9f4}" Name="InvitationQ4" DisplayName="$Resources:bnp, Invitation_Q4;" Required="FALSE" /><FieldRef ID="{7c9a7077-ebcf-4f98-82d3-597c009ba48a}" Name="InvitationQ5" DisplayName="$Resources:bnp, Invitation_Q5;" Required="FALSE" /><FieldRef ID="{ad051608-d775-4a5c-aafd-dd931f0f98fe}" Name="InvitationQ6" DisplayName="$Resources:bnp, Invitation_Q6;" Required="FALSE" /><FieldRef ID="{d588f65c-f777-4f00-b2ad-a2da35f0cccd}" Name="InvitationQ7" DisplayName="$Resources:bnp, Invitation_Q7;" Required="FALSE" /><FieldRef ID="{6aa8ff5a-7cfb-4fa6-8686-914e792a88ec}" Name="InvitationQ8" DisplayName="$Resources:bnp, Invitation_Q8;" Required="FALSE" /><FieldRef ID="{D887B4B5-CD3E-4574-9AE2-324D81B911A8}" Name="InvitationQ9_1" DisplayName="$Resources:bnp, Invitation_Q9_1;" Required="FALSE" /><FieldRef ID="{3B5AB621-E0F8-4E67-A8B9-8B5E1F9EF99A}" Name="InvitationQ9_2" DisplayName="$Resources:bnp, Invitation_Q9_2;" Required="FALSE" /><FieldRef ID="{16fef00a-4117-477d-b4b5-ae0df22f8b44}" Name="InvitationQ10" DisplayName="$Resources:bnp, Invitation_Q10;" Required="FALSE" /><FieldRef ID="{a4483926-d73e-471e-bacf-c5024ffe7546}" Name="InvitationQ11" DisplayName="$Resources:bnp, Invitation_Q11;" Required="FALSE" /><FieldRef ID="{95f7fc2f-366e-4269-be33-450236aefedd}" Name="InvitationQ12" DisplayName="$Resources:bnp, Invitation_Q12;" Required="FALSE" /><FieldRef ID="{e0bf8b42-1a06-4ed0-a002-aa98c44a4157}" Name="InvitationQ13" DisplayName="$Resources:bnp, Invitation_Q13;" Required="FALSE" /><FieldRef ID="{7ca1604d-24d4-4532-9477-5f5de2ffa659}" Name="InvitationQ14" DisplayName="$Resources:bnp, Invitation_Q14;" Required="FALSE" /><FieldRef ID="{05978319-6743-4dea-a7f6-7a94040cac81}" Name="InvitationQ15" DisplayName="$Resources:bnp, Invitation_Q15;" Required="FALSE" /><FieldRef ID="{6c27eb27-236f-404b-a13e-5792a42b131b}" Name="InvitationQ16" DisplayName="$Resources:bnp, Invitation_Q16;" Required="FALSE" /><FieldRef ID="{17b44f59-926d-447e-893a-0c77d340e7a0}" Name="InvitationQ17" DisplayName="$Resources:bnp, Invitation_Q17;" Required="FALSE" /><FieldRef ID="{09d6f467-6c34-402c-bcb1-aa4197c71585}" Name="InvitationQ18" DisplayName="$Resources:bnp, Invitation_Q18;" Required="FALSE" /><FieldRef ID="{1A5868EC-9138-40AC-B120-AF30840DB8DC}" Name="InvitationQ18_1" DisplayName="$Resources:bnp, Invitation_Q18_1;" Required="FALSE" /><FieldRef ID="{7058457d-de7f-43d3-81ef-d5e5c15c2253}" Name="InvitationQ19" DisplayName="$Resources:bnp, Invitation_Q19;" Required="FALSE" /><FieldRef ID="{61068e96-6d47-4829-8ad0-fee18a09dfdc}" Name="InvitationQ20" DisplayName="$Resources:bnp, Invitation_Q20;" Required="FALSE" /><!--<FieldRef ID="{d1e2764f-3e29-427b-9eb1-85b16caa66b5}" Name="InvitationQ21" DisplayName="$Resources:bnp, Invitation_Q21;" Required="FALSE" />--><FieldRef ID="{5ff72ac9-3a09-4e76-b725-90e3588cab5f}" Name="InvitationQ22" DisplayName="$Resources:bnp, Invitation_Q22;" Required="FALSE" /><FieldRef ID="{b2598b67-88ff-4593-881f-08d521b6652a}" Name="InvitationQ23" DisplayName="$Resources:bnp, Invitation_Q23;" Required="FALSE" /><FieldRef ID="{8cf8880c-20c3-4240-a033-ed33b8cff099}" Name="InvitationQ24" DisplayName="$Resources:bnp, Invitation_Q24;" Required="FALSE" /><FieldRef ID="{45C26F95-68BE-4266-8E17-B1C62F1DC7A0}" Name="InvitationQ28" DisplayName="$Resources:bnp, Invitation_Q28;" Required="FALSE" /><FieldRef ID="{aadd5269-ba59-41b1-9f24-af683901e4f2}" Name="InvitationQ34" DisplayName="$Resources:bnp, Invitation_Q34;" Required="FALSE" /><FieldRef ID="{443B0B4E-1330-4C85-B0C7-647323C63589}" Name="InvitationQ36" DisplayName="$Resources:bnp, Gift_Q11;" Required="FALSE" /><FieldRef ID="{8EF4061A-E85B-4818-8104-BD21B5C1FD61}" Name="InvitationQ39" DisplayName="$Resources:bnp, Invitation_Q39;" Required="FALSE" /><FieldRef ID="{F958D47F-AD7E-458B-ACE5-769C0C8FF47D}" Name="InvitationQ40" DisplayName="$Resources:bnp, Invitation_Q40;" Required="FALSE" /><FieldRef ID="{6D59045A-8013-4A03-A463-2AFB6153EF6E}" Name="InvitationQ41" DisplayName="$Resources:bnp, Invitation_Q41;" Required="FALSE" /><FieldRef ID="{6FA03EE2-ACD9-4B58-B976-B1B6B03A9EC4}" Name="InvitationQ41_1" DisplayName="$Resources:bnp, Invitation_Q41_1;" Required="FALSE" /><FieldRef ID="{6F8CDB45-E7FD-40D4-B0D9-BAAEDCF683FE}" Name="InvitationQ42" DisplayName="$Resources:bnp, Invitation_Q42;" Required="FALSE" /><FieldRef ID="{85BAE626-6E65-4BFD-8D88-8D83C809FBBF}" Name="Gift_Q33" DisplayName="$Resources:bnp,Gift_Q33;" Required="FALSE" /><FieldRef ID="{B1BE93BB-BD11-4AC9-8360-4ECA2D9EAB87}" Name="Gift_Q34" DisplayName="$Resources:bnp,Gift_Q34;" Required="FALSE" /><FieldRef ID="{05BF12FE-60E5-49D5-BFB8-854924B24A92}" Name="Gift_Q35" DisplayName="$Resources:bnp,Gift_Q35;" Required="FALSE" /><FieldRef ID="{51A40069-5DBD-4E8D-8D5E-6DD28652E7D9}" Name="Gift_Q36" DisplayName="$Resources:bnp,Gift_Q36;" Required="FALSE" /><FieldRef ID="{A9872D54-E318-4B13-911D-89F3AC79627B}" Name="InvitationQ43" DisplayName="$Resources:bnp, Invitation_Q43;" Required="FALSE" /><FieldRef ID="{BCC80003-2537-48BC-93B1-1E1875440D2E}" Name="InvitationQ44" DisplayName="$Resources:bnp, Invitation_Q44;" Required="FALSE" /><FieldRef ID="{331D1252-703F-4F2D-BA18-2BCDFAD8DD57}" Name="InvitationQ45" DisplayName="$Resources:bnp, Invitation_Q45;" Required="FALSE" /><FieldRef ID="{16CB9722-ECC1-482F-B43D-F15DD3195C74}" Name="InvitationQ47" DisplayName="$Resources:bnp, Invitation_Q47;" Required="FALSE" /><FieldRef ID="{B22AA139-D5DF-445E-8287-E5286900BDBD}" Name="InvitationQ49" DisplayName="$Resources:bnp, Invitation_Q49;" Required="FALSE" /><FieldRef ID="{91810CB3-971E-466D-A87F-16911CEACF7D}" Name="InvitationQ51" DisplayName="$Resources:bnp, Invitation_Q51;" Required="FALSE" /><FieldRef ID="{67FEF04E-1834-4DE3-A225-C87ADED0B2A5}" Name="InvitationQ53" DisplayName="$Resources:bnp, Invitation_Q53;" Required="FALSE" /><FieldRef ID="{34605275-A71A-49BD-AF88-850833CDB355}" Name="InvitationQ55" DisplayName="$Resources:bnp, Invitation_Q55;" Required="FALSE" /><FieldRef ID="{31164265-766E-41C3-B4D5-78C287284110}" Name="InvitationQ56" DisplayName="$Resources:bnp, Invitation_Q56;" Required="FALSE" /><FieldRef ID="{F1A197F5-D7D0-4D4F-837A-1E55AB59D90F}" Name="InvitationQ57" DisplayName="$Resources:bnp, Gift_Q46;" Required="FALSE" /><FieldRef ID="{faf1cb6e-efbe-427c-98d7-8dbc94801232}" Name="InvitationManager" DisplayName="Invitation Manager" Required="FALSE" /><FieldRef ID="{ae8ebd8c-425b-4aa7-b271-923d81f5b94c}" Name="InvitationQLanguage" DisplayName="Invitation Q Language" Required="FALSE" /><FieldRef ID="{111cedab-248a-436d-b005-7982b5f45ba6}" Name="InvitationQLocalCompliance" DisplayName="Invitation Q Local Compliance" Required="FALSE" /><FieldRef ID="{e286e886-0fec-48b0-a8d1-8831ba72f4b2}" Name="QGlobalCompliance" DisplayName="Q Global Compliance" Required="FALSE" /><FieldRef ID="{bd29fc44-e69f-4089-84d2-0286cbbc9304}" Name="InvitationQLocalCountry" DisplayName="Invitation Q Local Coutry" Required="FALSE" /><FieldRef ID="{5211afb7-3a70-4647-b476-82b26e8bdaa5}" Name="RefEPId" DisplayName="Ref EP Id" Required="FALSE" /><FieldRef ID="{ecffe97e-81b6-4135-8248-b5d97dec35c7}" Name="InvitationManagerComment" DisplayName="Invitation Manager Comment" Required="FALSE" /><FieldRef ID="{6259ed8d-1a03-4145-a507-1f1fe54e71dd}" Name="InvitationLocalComplianceComment" DisplayName="Invitation Local Compliance Comment" Required="FALSE" /><FieldRef ID="{2f2a4d2e-b8c1-4c72-9012-63dfe32233eb}" Name="InvitationGlobalComplianceComment" DisplayName="Invitation Global Compliance Comment" Required="FALSE" /><FieldRef ID="{2090680C-80B3-4E69-B9FE-5365C7A059AC}" Name="RestrictedPEP" DisplayName="RestrictedPEP" Required="FALSE" /></FieldRefs></ContentType></ContentTypes>
    <Fields>
      
    <Field ID="{fa564e0f-0c70-4ab9-b863-0177e6ddd247}" Type="Text" Name="Title" DisplayName="$Resources:core,Title;" Required="TRUE" SourceID="http://schemas.microsoft.com/sharepoint/v3" StaticName="Title" MaxLength="255" /><Field ID="{e622714c-5b83-48db-8b6d-d8f5a76deefd}" Name="InvitationQ1" DisplayName="$Resources:bnp, Invitation_Q1;" Type="Text" Required="FALSE" Group="BNP RE Site Columns"></Field><Field ID="{94114198-9a10-4d9f-a5d5-2cebe853ae88}" Name="InvitationQ2" DisplayName="$Resources:bnp, Invitation_Q1;" Type="Text" Required="FALSE" Group="BNP RE Site Columns"></Field><Field ID="{4E2F6267-A23E-4074-9D8E-1D832355822F}" Name="InvitationPEP" DisplayName="$Resources:bnp, Invitation_PEP;" Type="Text" Required="FALSE" Group="BNP PRE Site Columns"></Field><Field ID="{124eaf43-7801-497e-abbe-a3dbfbc5327d}" Name="InvitationQ3" DisplayName="$Resources:bnp, Invitation_Q3;" Type="Text" Required="FALSE" Group="BNP RE Site Columns"></Field><Field ID="{10ca08ba-1f47-45c7-8262-a7bae50fe9f4}" Name="InvitationQ4" DisplayName="$Resources:bnp, Invitation_Q4;" Type="Text" Required="FALSE" Group="BNP RE Site Columns"></Field><Field ID="{7c9a7077-ebcf-4f98-82d3-597c009ba48a}" Name="InvitationQ5" DisplayName="$Resources:bnp, Invitation_Q5;" Type="Text" Required="FALSE" Group="BNP RE Site Columns"></Field><Field ID="{ad051608-d775-4a5c-aafd-dd931f0f98fe}" Name="InvitationQ6" DisplayName="$Resources:bnp, Invitation_Q6;" Type="DateTime" Format="DateOnly" Required="FALSE" Group="BNP RE Site Columns"></Field><Field ID="{d588f65c-f777-4f00-b2ad-a2da35f0cccd}" Name="InvitationQ7" DisplayName="$Resources:bnp, Invitation_Q7;" Type="Text" Required="FALSE" Group="BNP RE Site Columns"></Field><Field ID="{6aa8ff5a-7cfb-4fa6-8686-914e792a88ec}" Name="InvitationQ8" DisplayName="$Resources:bnp, Invitation_Q8;" Type="Text" Required="FALSE" Group="BNP RE Site Columns"></Field><Field ID="{D887B4B5-CD3E-4574-9AE2-324D81B911A8}" Name="InvitationQ9_1" DisplayName="$Resources:bnp, Invitation_Q9_1;" Type="Text" Required="FALSE" Group="BNP PRE Site Columns"></Field><Field ID="{3B5AB621-E0F8-4E67-A8B9-8B5E1F9EF99A}" Name="InvitationQ9_2" DisplayName="$Resources:bnp, Invitation_Q9_2;" Type="Text" Required="FALSE" Group="BNP PRE Site Columns"></Field><Field ID="{16fef00a-4117-477d-b4b5-ae0df22f8b44}" Name="InvitationQ10" DisplayName="$Resources:bnp, Invitation_Q10;" Type="Text" Required="FALSE" Group="BNP RE Site Columns"></Field><Field ID="{a4483926-d73e-471e-bacf-c5024ffe7546}" Name="InvitationQ11" DisplayName="$Resources:bnp, Invitation_Q11;" Type="Text" Required="FALSE" Group="BNP RE Site Columns"></Field><Field ID="{95f7fc2f-366e-4269-be33-450236aefedd}" Name="InvitationQ12" DisplayName="$Resources:bnp, Invitation_Q12;" Type="Text" Required="FALSE" Group="BNP RE Site Columns"></Field><Field ID="{e0bf8b42-1a06-4ed0-a002-aa98c44a4157}" Name="InvitationQ13" DisplayName="$Resources:bnp, Invitation_Q13;" Type="Text" Required="FALSE" Group="BNP RE Site Columns"></Field><Field ID="{7ca1604d-24d4-4532-9477-5f5de2ffa659}" Name="InvitationQ14" DisplayName="$Resources:bnp, Invitation_Q14;" Type="Text" Required="FALSE" Group="BNP RE Site Columns"></Field><Field ID="{05978319-6743-4dea-a7f6-7a94040cac81}" Name="InvitationQ15" DisplayName="$Resources:bnp, Invitation_Q15;" Type="DateTime" Format="DateOnly" Required="FALSE" Group="BNP RE Site Columns"></Field><Field ID="{6c27eb27-236f-404b-a13e-5792a42b131b}" Name="InvitationQ16" DisplayName="$Resources:bnp, Invitation_Q16;" Type="Text" Required="FALSE" Group="BNP RE Site Columns"></Field><Field ID="{17b44f59-926d-447e-893a-0c77d340e7a0}" Name="InvitationQ17" DisplayName="$Resources:bnp, Invitation_Q17;" Type="Text" Required="FALSE" Group="BNP RE Site Columns"></Field><Field ID="{09d6f467-6c34-402c-bcb1-aa4197c71585}" Name="InvitationQ18" DisplayName="$Resources:bnp, Invitation_Q18;" Type="Text" Required="FALSE" Group="BNP RE Site Columns"></Field><Field ID="{1A5868EC-9138-40AC-B120-AF30840DB8DC}" Name="InvitationQ18_1" DisplayName="$Resources:bnp, Invitation_Q18_1;" Type="Text" Required="FALSE" Group="BNP PRE Site Columns"></Field><Field ID="{7058457d-de7f-43d3-81ef-d5e5c15c2253}" Name="InvitationQ19" DisplayName="$Resources:bnp, Invitation_Q19;" Type="Text" Required="FALSE" Group="BNP RE Site Columns"></Field><Field ID="{61068e96-6d47-4829-8ad0-fee18a09dfdc}" Name="InvitationQ20" DisplayName="$Resources:bnp, Invitation_Q20;" Type="Text" Required="FALSE" Group="BNP RE Site Columns"></Field><Field ID="{5ff72ac9-3a09-4e76-b725-90e3588cab5f}" Name="InvitationQ22" DisplayName="$Resources:bnp, Invitation_Q22;" Type="Text" Required="FALSE" Group="BNP RE Site Columns"></Field><Field ID="{b2598b67-88ff-4593-881f-08d521b6652a}" Name="InvitationQ23" DisplayName="$Resources:bnp, Invitation_Q23;" Type="Text" Required="FALSE" Group="BNP RE Site Columns"></Field><Field ID="{8cf8880c-20c3-4240-a033-ed33b8cff099}" Name="InvitationQ24" DisplayName="$Resources:bnp, Invitation_Q24;" Type="Text" Required="FALSE" Group="BNP RE Site Columns"></Field><Field ID="{45C26F95-68BE-4266-8E17-B1C62F1DC7A0}" Name="InvitationQ28" DisplayName="$Resources:bnp, Invitation_Q28;" Type="Text" Required="FALSE" Group="BNP RE Site Columns"></Field><Field ID="{aadd5269-ba59-41b1-9f24-af683901e4f2}" Name="InvitationQ34" DisplayName="$Resources:bnp, Invitation_Q34;" Type="Text" Required="FALSE" Group="BNP RE Site Columns"></Field><Field ID="{443B0B4E-1330-4C85-B0C7-647323C63589}" Name="InvitationQ36" DisplayName="$Resources:bnp, Gift_Q11;" Type="Text" Required="FALSE" Group="BNP RE Site Columns"></Field><Field ID="{8EF4061A-E85B-4818-8104-BD21B5C1FD61}" Name="InvitationQ39" DisplayName="$Resources:bnp, Invitation_Q39;" Type="Text" Required="FALSE" Group="BNP RE Site Columns"></Field><Field ID="{F958D47F-AD7E-458B-ACE5-769C0C8FF47D}" Name="InvitationQ40" DisplayName="$Resources:bnp, Invitation_Q40;" Type="Text" Required="FALSE" Group="BNP RE Site Columns"></Field><Field ID="{6D59045A-8013-4A03-A463-2AFB6153EF6E}" Name="InvitationQ41" DisplayName="$Resources:bnp, Invitation_Q41;" Type="Text" Required="FALSE" Group="BNP RE Site Columns"></Field><Field ID="{6FA03EE2-ACD9-4B58-B976-B1B6B03A9EC4}" Name="InvitationQ41_1" DisplayName="$Resources:bnp, Invitation_Q41_1;" Type="Text" Required="FALSE" Group="BNP PRE Site Columns"></Field><Field ID="{6F8CDB45-E7FD-40D4-B0D9-BAAEDCF683FE}" Name="InvitationQ42" DisplayName="$Resources:bnp, Invitation_Q42;" Type="Text" Required="FALSE" Group="BNP RE Site Columns"></Field><Field ID="{85BAE626-6E65-4BFD-8D88-8D83C809FBBF}" Name="Gift_Q33" DisplayName="$Resources:bnp,Gift_Q33;" Type="Text" Required="FALSE" Group="BNP PRE Site Columns"></Field><Field ID="{B1BE93BB-BD11-4AC9-8360-4ECA2D9EAB87}" Name="Gift_Q34" DisplayName="$Resources:bnp,Gift_Q34;" Type="Text" Required="FALSE" Group="BNP PRE Site Columns"></Field><Field ID="{05BF12FE-60E5-49D5-BFB8-854924B24A92}" Name="Gift_Q35" DisplayName="$Resources:bnp,Gift_Q35;" Type="Text" Required="FALSE" Group="BNP PRE Site Columns"></Field><Field ID="{51A40069-5DBD-4E8D-8D5E-6DD28652E7D9}" Name="Gift_Q36" DisplayName="$Resources:bnp,Gift_Q36;" Type="Text" Required="FALSE" Group="BNP PRE Site Columns"></Field><Field ID="{A9872D54-E318-4B13-911D-89F3AC79627B}" Name="InvitationQ43" DisplayName="$Resources:bnp, Invitation_Q43;" Type="Text" Required="FALSE" Group="BNP RE Site Columns"></Field><Field ID="{BCC80003-2537-48BC-93B1-1E1875440D2E}" Name="InvitationQ44" DisplayName="$Resources:bnp, Invitation_Q44;" Type="Text" Required="FALSE" Group="BNP RE Site Columns"></Field><Field ID="{331D1252-703F-4F2D-BA18-2BCDFAD8DD57}" Name="InvitationQ45" DisplayName="$Resources:bnp, Invitation_Q45;" Type="Text" Required="FALSE" Group="BNP RE Site Columns"></Field><Field ID="{16CB9722-ECC1-482F-B43D-F15DD3195C74}" Name="InvitationQ47" DisplayName="$Resources:bnp, Invitation_Q47;" Type="Text" Required="FALSE" Group="BNP PRE Site Columns"></Field><Field ID="{B22AA139-D5DF-445E-8287-E5286900BDBD}" Name="InvitationQ49" DisplayName="$Resources:bnp, Invitation_Q49;" Type="Text" Required="FALSE" Group="BNP PRE Site Columns"></Field><Field ID="{91810CB3-971E-466D-A87F-16911CEACF7D}" Name="InvitationQ51" DisplayName="$Resources:bnp, Invitation_Q51;" Type="Text" Required="FALSE" Group="BNP PRE Site Columns"></Field><Field ID="{67FEF04E-1834-4DE3-A225-C87ADED0B2A5}" Name="InvitationQ53" DisplayName="$Resources:bnp, Invitation_Q53;" Type="Text" Required="FALSE" Group="BNP PRE Site Columns"></Field><Field ID="{34605275-A71A-49BD-AF88-850833CDB355}" Name="InvitationQ55" DisplayName="$Resources:bnp, Invitation_Q55;" Type="Text" Required="FALSE" Group="BNP PRE Site Columns"></Field><Field ID="{31164265-766E-41C3-B4D5-78C287284110}" Name="InvitationQ56" DisplayName="$Resources:bnp, Invitation_Q56;" Type="Text" Required="FALSE" Group="BNP PRE Site Columns"></Field><Field ID="{faf1cb6e-efbe-427c-98d7-8dbc94801232}" Name="InvitationManager" DisplayName="Invitation Manager" Type="Text" Required="FALSE" Group="BNP RE Site Columns"></Field><Field ID="{ae8ebd8c-425b-4aa7-b271-923d81f5b94c}" Name="InvitationQLanguage" DisplayName="Invitation Q Language" Type="Text" Required="FALSE" Group="BNP RE Site Columns"></Field><Field ID="{111cedab-248a-436d-b005-7982b5f45ba6}" Name="InvitationQLocalCompliance" DisplayName="Invitation Q Local Compliance" Type="Text" Required="FALSE" Group="BNP RE Site Columns"></Field><Field ID="{e286e886-0fec-48b0-a8d1-8831ba72f4b2}" Name="QGlobalCompliance" DisplayName="Q Global Compliance" Type="Text" Required="FALSE" Group="BNP RE Site Columns"></Field><Field ID="{bd29fc44-e69f-4089-84d2-0286cbbc9304}" Name="InvitationQLocalCoutry" DisplayName="Invitation Q Local Coutry" Type="Text" Required="FALSE" Group="BNP RE Site Columns"></Field><Field ID="{5211afb7-3a70-4647-b476-82b26e8bdaa5}" Name="RefEPId" DisplayName="Ref EP Id" Type="Number" Required="FALSE" Group="BNP RE Site Columns" /><Field ID="{ecffe97e-81b6-4135-8248-b5d97dec35c7}" Name="InvitationManagerComment" DisplayName="Invitation Manager Comment" Type="Note" NumLines="3" Required="FALSE" Group="BNP RE Site Columns"></Field><Field ID="{6259ed8d-1a03-4145-a507-1f1fe54e71dd}" Name="InvitationLocalComplianceComment" DisplayName="Invitation Local Compliance Comment" Type="Note" NumLines="3" Required="FALSE" Group="BNP RE Site Columns"></Field><Field ID="{2f2a4d2e-b8c1-4c72-9012-63dfe32233eb}" Name="InvitationGlobalComplianceComment" DisplayName="Invitation Global Compliance Comment" Type="Note" NumLines="3" Required="FALSE" Group="BNP RE Site Columns"></Field><Field ID="{F1A197F5-D7D0-4D4F-837A-1E55AB59D90F}" Name="InvitationQ57" DisplayName="$Resources:bnp, Gift_Q46;" Type="Text" Required="FALSE" Group="BNP PRE Site Columns"></Field><Field ID="{2090680C-80B3-4E69-B9FE-5365C7A059AC}" Name="RestrictedPEP" DisplayName="RestrictedPEP" Type="Text" Required="FALSE" Group="BNP PRE Site Columns"></Field></Fields>
    <Views>
      
      
    <View BaseViewID="0" Type="HTML" MobileView="TRUE" TabularView="FALSE">
        <Toolbar Type="Standard" />
        <XslLink Default="TRUE">main.xsl</XslLink>
        <RowLimit Paged="TRUE">30</RowLimit>
        <ViewFields>
          
        <FieldRef Name="LinkTitleNoMenu"></FieldRef></ViewFields>
        <Query>
          <OrderBy>
            
          <FieldRef Name="Modified" Ascending="FALSE"></FieldRef></OrderBy>
        </Query>
        <ParameterBindings>
          <ParameterBinding Name="AddNewAnnouncement" Location="Resource(wss,addnewitem)" />
          <ParameterBinding Name="NoAnnouncements" Location="Resource(wss,noXinviewofY_LIST)" />
          <ParameterBinding Name="NoAnnouncementsHowTo" Location="Resource(wss,noXinviewofY_ONET_HOME)" />
        </ParameterBindings>
      </View><View BaseViewID="1" Type="HTML" WebPartZoneID="Main" DisplayName="$Resources:core,objectiv_schema_mwsidcamlidC24;" DefaultView="TRUE" MobileView="TRUE" MobileDefaultView="TRUE" SetupPath="pages\viewpage.aspx" ImageUrl="/_layouts/15/images/generic.png?rev=23" Url="AllItems.aspx">
        <Toolbar Type="Standard" />
        <XslLink Default="TRUE">main.xsl</XslLink>
        <JSLink>clienttemplates.js</JSLink>
        <RowLimit Paged="TRUE">30</RowLimit>
        <ViewFields>
          
        <FieldRef Name="LinkTitle"></FieldRef><FieldRef Name="InvitationQ1" /><FieldRef Name="InvitationQ2" /><FieldRef Name="InvitationPEP" /><FieldRef Name="InvitationQ3" /><FieldRef Name="InvitationQ4" /><FieldRef Name="InvitationQ5" /><FieldRef Name="InvitationQ6" /><FieldRef Name="InvitationQ7" /><FieldRef Name="InvitationQ8" /><FieldRef Name="InvitationQ9_1" /><FieldRef Name="InvitationQ9_2" /><FieldRef Name="InvitationQ10" /><FieldRef Name="InvitationQ11" /><FieldRef Name="InvitationQ12" /><FieldRef Name="InvitationQ13" /><FieldRef Name="InvitationQ14" /><FieldRef Name="InvitationQ15" /><FieldRef Name="InvitationQ16" /><FieldRef Name="InvitationQ17" /><FieldRef Name="InvitationQ18" /><FieldRef Name="InvitationQ18_1" /><FieldRef Name="InvitationQ19" /><FieldRef Name="InvitationQ20" /><FieldRef Name="InvitationQ22" /><FieldRef Name="InvitationQ23" /><FieldRef Name="InvitationQ24" /><FieldRef Name="InvitationQ28" /><FieldRef Name="InvitationQ34" /><FieldRef Name="InvitationQ36" /><FieldRef Name="InvitationQ39" /><FieldRef Name="InvitationQ40" /><FieldRef Name="InvitationQ41" /><FieldRef Name="InvitationQ41_1" /><FieldRef Name="InvitationQ42" /><FieldRef Name="Gift_Q33" /><FieldRef Name="Gift_Q34" /><FieldRef Name="Gift_Q35" /><FieldRef Name="Gift_Q36" /><FieldRef Name="InvitationQ43" /><FieldRef Name="InvitationQ44" /><FieldRef Name="InvitationQ45" /><FieldRef Name="InvitationQ47" /><FieldRef Name="InvitationQ49" /><FieldRef Name="InvitationQ51" /><FieldRef Name="InvitationQ53" /><FieldRef Name="InvitationQ55" /><FieldRef Name="InvitationQ56" /><FieldRef Name="InvitationManager" /><FieldRef Name="InvitationQLanguage" /><FieldRef Name="InvitationQLocalCompliance" /><FieldRef Name="QGlobalCompliance" /><FieldRef Name="InvitationQLocalCoutry" /><FieldRef Name="RefEPId" /><FieldRef Name="InvitationManagerComment" /><FieldRef Name="InvitationLocalComplianceComment" /><FieldRef Name="InvitationGlobalComplianceComment" /><FieldRef Name="InvitationQ57" /><FieldRef Name="RestrictedPEP" /></ViewFields>
        <Query>
          <OrderBy>
            
          <FieldRef Name="ID"></FieldRef></OrderBy>
        </Query>
        <ParameterBindings>
          <ParameterBinding Name="NoAnnouncements" Location="Resource(wss,noXinviewofY_LIST)" />
          <ParameterBinding Name="NoAnnouncementsHowTo" Location="Resource(wss,noXinviewofY_DEFAULT)" />
        </ParameterBindings>
      </View></Views>
    <Forms>
      <Form Type="DisplayForm" Url="DispForm.aspx" SetupPath="pages\form.aspx" WebPartZoneID="Main" />
      <Form Type="EditForm" Url="EditForm.aspx" SetupPath="pages\form.aspx" WebPartZoneID="Main" />
      <Form Type="NewForm" Url="NewForm.aspx" SetupPath="pages\form.aspx" WebPartZoneID="Main" />
    </Forms>
  </MetaData>
</List>