﻿<?xml version="1.0" encoding="utf-8"?>
<Feature xmlns="http://schemas.microsoft.com/sharepoint/" Description="$Resources:BNPPI.RE.DocsDSI.portal,Feature_Web_CommonDataRunLibrariesDescription" Id="9f2bd38b-f8eb-43c2-b439-ff6bca829c6b" ReceiverAssembly="BNPPI.RE.DocsDsi.Portal, Version=1.0.0.0, Culture=neutral, PublicKeyToken=7d338a002c73e681" ReceiverClass="BNPPI.RE.DocsDsi.Portal.Features.DocsDsi___Web_Lists_instances___Run.DocsDsi___Web_Lists_instances___RunEventReceiver" Scope="Web" Title="$Resources:BNPPI.RE.DocsDSI.portal,Feature_Web_CommonDataRunLibrariesName">
  <ElementManifests>
    <ElementManifest Location="AppProceduresDocsSet\Elements.xml" />
    <ElementManifest Location="AppGeneralInformationsDocSet\Elements.xml" />
    <ElementManifest Location="DefaultDocTemplate\Elements.xml" />
    <ElementManifest Location="RunApplicationDocsSet\Elements.xml" />
    <ElementManifest Location="RunApplicationDocsTemplateCT\Elements.xml" />
    <ElementManifest Location="RunSanityCheckApplicationLibrary\Elements.xml" />
    <ElementManifest Location="RunSecurityDocumentLibrary\Elements.xml" />
    <ElementManifest Location="RunSupportDocumentationLibrary\Elements.xml" />
    <ElementManifest Location="RunUserGuideLibrary\Elements.xml" />
    <ElementManifest Location="RunFileArchitectureSchemeLibrary\Elements.xml" />
    <ElementManifest Location="RunFileSchemeOfExploitationLibrary\Elements.xml" />
    <ElementManifest Location="RunFileSchemeOfInstallationLibrary\Elements.xml" />
    <ElementManifest Location="RunNonRegressionTestsBookLibrary\Elements.xml" />
    <ElementManifest Location="ApplicationMappingLibrary\Elements.xml" />
    <ElementManifest Location="RunOtherDocsLibrary\Elements.xml" />
  </ElementManifests>
</Feature>