﻿<?xml version="1.0" encoding="utf-8"?>
<Feature xmlns="http://schemas.microsoft.com/sharepoint/" AlwaysForceInstall="TRUE" Description="$Resources:BNPPI.RE.DocsDSI.portal,Feature_Site_CommonDataSiteColumnsDescription" Id="5507e823-27e6-4aeb-add7-9d89a4b2b53a" Scope="Site" Title="$Resources:BNPPI.RE.DocsDSI.portal,Feature_Site_CommonDataSiteColumnsName">
  <ElementManifests>
    <ElementManifest Location="SiteColumnsDateTime\Elements.xml" />
    <ElementManifest Location="SiteColumnsTextAndNote\Elements.xml" />
    <ElementManifest Location="SiteColumnsUserMulti\Elements.xml" />
    <ElementManifest Location="SiteColumnsChoice\Elements.xml" />
    <ElementManifest Location="SiteColumnsHyperlink\Elements.xml" />
    <ElementManifest Location="SiteColumnAppRefUpdate\Elements.xml" />
  </ElementManifests>
</Feature>