﻿<?xml version="1.0" encoding="utf-8"?>
<Feature xmlns="http://schemas.microsoft.com/sharepoint/" Description="$Resources:BNPPI.RE.DocsDSI.portal,Feature_Site_BrandingDescription" Id="124c15b3-5cc0-4a1a-bcba-5fe0bbea8fbd" ReceiverAssembly="BNPPI.RE.DocsDsi.Portal, Version=1.0.0.0, Culture=neutral, PublicKeyToken=7d338a002c73e681" ReceiverClass="BNPPI.RE.DocsDsi.Portal.Features.Site_Feature_Branding.Site_Feature_BrandingEventReceiver" Scope="Site" Title="$Resources:BNPPI.RE.DocsDSI.portal,Feature_Site_BrandingName">
  <Properties>
    <Property Key="FrontMasterPageUrlSiteRelative" Value="_catalogs/masterpage/DocsDsi-front.master" />
    <Property Key="SystemMasterPageUrlSiteRelative" Value="_catalogs/masterpage/DocsDsi-system.master" />
  </Properties>
  <ElementManifests>
    <ElementManifest Location="Masterpages\Elements.xml" />
    <ElementFile Location="Masterpages\DocsDsi-front.master" />
    <ElementFile Location="Masterpages\DocsDsi-system.master" />
  </ElementManifests>
</Feature>