﻿<?xml version="1.0" encoding="utf-8"?>
<Feature xmlns="http://schemas.microsoft.com/sharepoint/" Description="$Resources:BNPPI.RE.DocsDSI.portal,Feature_Web_CommonDataApplicationsListsDescription" Id="8b0c9671-0a84-4af0-89f9-4de4d22aa4ed" ReceiverAssembly="BNPPI.RE.DocsDsi.Portal, Version=1.0.0.0, Culture=neutral, PublicKeyToken=7d338a002c73e681" ReceiverClass="BNPPI.RE.DocsDsi.Portal.Features._01_DocsDsi___WebCommonDataApplicationsList._01_DocsDsi___WebCommonDataApplicationsListEventReceiver" Scope="Web" Title="$Resources:BNPPI.RE.DocsDSI.portal,Feature_Web_CommonDataApplicationsListsName">
  <ActivationDependencies>
    <ActivationDependency FeatureDescription="$Resources:BNPPI.RE.DocsDSI.portal,Feature_Site_CommonDataSiteColumnsDescription" FeatureId="5507e823-27e6-4aeb-add7-9d89a4b2b53a" FeatureTitle="$Resources:BNPPI.RE.DocsDSI.portal,Feature_Site_CommonDataSiteColumnsName" />
  </ActivationDependencies>
  <ElementManifests>
    <ElementManifest Location="ApplicationsListCT\Elements.xml" />
    <ElementManifest Location="AppsList\Elements.xml" />
    <ElementFile Location="AppsList\Schema.xml" />
    <ElementManifest Location="AppsListInstance\Elements.xml" />
    <ElementManifest Location="EventApplicationsList\Elements.xml" />
  </ElementManifests>
</Feature>