﻿<?xml version="1.0" encoding="utf-8"?>
<Feature xmlns="http://schemas.microsoft.com/sharepoint/" Description="$Resources:BNPPI.RE.DocsDSI.portal,Feature_Web_CommonDataParamsListsDescription" Id="f5d404b4-a72a-4847-bd37-958c60cbac34" ReceiverAssembly="BNPPI.RE.DocsDsi.Portal, Version=1.0.0.0, Culture=neutral, PublicKeyToken=7d338a002c73e681" ReceiverClass="BNPPI.RE.DocsDsi.Portal.Features._00_DocsDsi___WebCommonDataParamsLists._00_DocsDsi___WebCommonDataParamsListsEventReceiver" Scope="Web" Title="$Resources:BNPPI.RE.DocsDSI.portal,Feature_Web_CommonDataParamsListsName">
  <ElementManifests>
    <ElementManifest Location="ParamRolesList\Elements.xml" />
    <ElementManifest Location="ParamTypesTemplateDoctsList\Elements.xml" />
    <ElementManifest Location="ParamEmailTemplates\Elements.xml" />
    <ElementManifest Location="AppTemplateDocsLibrary\Elements.xml" />
    <ElementManifest Location="AppProceduresDocsLibrary\Elements.xml" />
    <ElementManifest Location="AppGeneralInfDocsLibrary\Elements.xml" />
    <ElementManifest Location="ParamRolesFunctionsList\Elements.xml" />
    <ElementManifest Location="ParamCountryList\Elements.xml" />
    <ElementManifest Location="ParamITResponsibleList\Elements.xml" />
  </ElementManifests>
</Feature>