﻿<?xml version="1.0" encoding="utf-8"?>
<Feature xmlns="http://schemas.microsoft.com/sharepoint/" Description="$Resources:BNPPI.RE.DocsDSI.portal,Feature_Site_ProvisionPagesDescription" Id="02dfce18-d44c-4bfc-b0cb-8800855cb04e" ReceiverAssembly="BNPPI.RE.DocsDsi.Portal, Version=1.0.0.0, Culture=neutral, PublicKeyToken=7d338a002c73e681" ReceiverClass="BNPPI.RE.DocsDsi.Portal.Features._00_DocsDsi___Web_ProvisionPages._00_DocsDsi___Web_ProvisionPagesEventReceiver" Scope="Site" Title="$Resources:BNPPI.RE.DocsDSI.portal,Feature_Site_ProvisionPagesName">
  <ElementManifests>
    <ElementManifest Location="Commun\Elements.xml" />
    <ElementFile Location="Commun\Style Library\js\knockout-3.5.1.js" />
    <ElementFile Location="Commun\Style Library\Css\BNPPI.RE.DocsDSI.css" />
    <ElementFile Location="Commun\Style Library\Css\bootstrap-grid.css" />
    <ElementFile Location="Commun\Style Library\Css\bootstrap-grid.min.css" />
    <ElementFile Location="Commun\Style Library\Css\bootstrap-grid.rtl.css" />
    <ElementFile Location="Commun\Style Library\Css\bootstrap-grid.rtl.min.css" />
    <ElementFile Location="Commun\Style Library\Css\bootstrap-reboot.css" />
    <ElementFile Location="Commun\Style Library\Css\bootstrap-reboot.min.css" />
    <ElementFile Location="Commun\Style Library\Css\bootstrap-reboot.rtl.css" />
    <ElementFile Location="Commun\Style Library\Css\bootstrap-reboot.rtl.min.css" />
    <ElementFile Location="Commun\Style Library\Css\bootstrap-utilities.css" />
    <ElementFile Location="Commun\Style Library\Css\bootstrap-utilities.min.css" />
    <ElementFile Location="Commun\Style Library\Css\bootstrap-utilities.rtl.css" />
    <ElementFile Location="Commun\Style Library\Css\bootstrap-utilities.rtl.min.css" />
    <ElementFile Location="Commun\Style Library\Css\bootstrap.css" />
    <ElementFile Location="Commun\Style Library\Css\bootstrap.min.css" />
    <ElementFile Location="Commun\Style Library\Css\bootstrap.rtl.css" />
    <ElementFile Location="Commun\Style Library\Css\bootstrap.rtl.min.css" />
    <ElementFile Location="Commun\Style Library\js\bootstrap.bundle.js" />
    <ElementFile Location="Commun\Style Library\js\bootstrap.bundle.min.js" />
    <ElementFile Location="Commun\Style Library\js\bootstrap.esm.js" />
    <ElementFile Location="Commun\Style Library\js\bootstrap.esm.min.js" />
    <ElementFile Location="Commun\Style Library\js\bootstrap.js" />
    <ElementFile Location="Commun\Style Library\js\bootstrap.min.js" />
    <ElementFile Location="Commun\Style Library\images\folder-yellow.png" />
    <ElementFile Location="Commun\Style Library\images\folder-grey.png" />
    <ElementFile Location="Commun\Style Library\images\Documents-icon-90x90.png" />
    <ElementFile Location="Commun\Style Library\images\folder-blue.png" />
    <ElementFile Location="Commun\Style Library\images\folder-greenLight.png" />
    <ElementFile Location="Commun\Style Library\Css\BNPPI.RE.DocsDSI.MasterPage.css" />
    <ElementFile Location="Commun\Style Library\images\logo.jpg" />
    <ElementFile Location="Commun\Style Library\js\jquery.easy-ticker.min.js" />
    <ElementFile Location="Commun\Style Library\js\jquery-3.6.0.min.js" />
    <ElementFile Location="Commun\Style Library\js\jquery.carouselTicker.min.js" />
    <ElementFile Location="Commun\Style Library\Css\carouselTicker.css" />
    <ElementFile Location="Commun\Style Library\Css\bootstrap-utilities.min.css.map" />
    <ElementFile Location="Commun\Style Library\Css\bootstrap.min.css.map" />
    <ElementFile Location="Commun\Style Library\Css\bootstrap.rtl.min.css.map" />
    <ElementFile Location="Commun\Style Library\js\bootstrap.min.js.map" />
    <ElementFile Location="Commun\Style Library\images\Documents-icon-36x36.png" />
    <ElementFile Location="Commun\Style Library\images\information.png" />
    <ElementManifest Location="HomePage\Elements.xml" />
    <ElementFile Location="HomePage\HomePage.aspx" />
    <ElementFile Location="HomePage\SiteAssets\js\home.js" />
    <ElementFile Location="HomePage\SiteAssets\html\home.html" />
    <ElementFile Location="HomePage\SiteAssets\images\project.png" />
    <ElementFile Location="HomePage\SiteAssets\images\apps.png" />
    <ElementFile Location="HomePage\SiteAssets\html\latestdocs.html" />
    <ElementFile Location="HomePage\SiteAssets\js\latestdocs.js" />
    <ElementFile Location="HomePage\SiteAssets\images\template-library.png" />
    <ElementFile Location="HomePage\SiteAssets\images\reference-documents.png" />
    <ElementFile Location="HomePage\SiteAssets\images\general-Informations.png" />
    <ElementFile Location="HomePage\SiteAssets\images\check-in-out.png" />
    <ElementFile Location="HomePage\SiteAssets\images\application-mapping.png" />
    <ElementManifest Location="RunPage\Elements.xml" />
    <ElementFile Location="RunPage\Run.aspx" />
    <ElementFile Location="RunPage\SiteAssets\html\run.html" />
    <ElementFile Location="RunPage\SiteAssets\js\run.js" />
    <ElementManifest Location="ProjectSpacePage\Elements.xml" />
    <ElementFile Location="ProjectSpacePage\ProjectSpace.aspx" />
    <ElementFile Location="ProjectSpacePage\SiteAssets\js\home.js" />
    <ElementFile Location="ProjectSpacePage\SiteAssets\html\home.html" />
  </ElementManifests>
</Feature>