﻿<?xml version="1.0" encoding="utf-8" ?>
<Elements xmlns="http://schemas.microsoft.com/sharepoint/">
  <Module Name="WorkflowSponsorship" Url="wfsvc/0c7833eeda284b138179a7f908bd5b8e">
    <File Url="Workflow.xaml" Type="GhostableInLibrary" Path="WorkflowSponsorship\Workflow.xaml" DoGUIDFixUp="TRUE" ReplaceContent="TRUE">
      <Property Name="ContentType" Value="WorkflowServiceDefinition" />
      <Property Name="isReusable" Value="true" />
      <Property Name="RequiresInitiationForm" Value="False" />
      <Property Name="RequiresAssociationForm" Value="False" />
      <Property Name="WSPublishState" Value="3" />
      <Property Name="WSDisplayName" Value="WorkflowSponsorship" />
      <Property Name="WSDescription" Value="My 'WorkflowSponsorship' Workflow" />
      <!-- If you change the name or Url of your custom initiation or association form, 
           remember to update the corresponding property value (InitiationUrl or AssociationUrl) to match the new web relative url.
      -->
      <Property Name="RestrictToType" Value="List" />
      <Property Name="RestrictToScope" Value="{$ListId:Lists/ListSponsor;}" />
    </File>
    <File Url="ItemAddedAssociation" Path="WorkflowSponsorship\ItemAddedAssociation" Type="GhostableInLibrary" ReplaceContent="TRUE">
      <Property Name="WSDisplayName" Value="WorkflowSponsorship - Item Added" />
      <Property Name="ContentType" Value="WorkflowServiceSubscription" />
      <Property Name="WSPublishState" Value="3" />
      <Property Name="WSEventType" Value="ItemAdded" />
      <Property Name="WSEnabled" Value="true" />
      <Property Name="WSGUID" Value="2cb74dad-898e-4879-b832-2d145053d6c7" />
      <Property Name="WSEventSourceGUID" Value="{$ListId:Lists/ListSponsor;}" />
      <Property Name="Microsoft.SharePoint.ActivationProperties.ListId" Value="{$ListId:Lists/ListSponsor;}" />
      <Property Name="HistoryListId" Value="{$ListId:Lists/SponsorshipHistoryList;}" />
      <Property Name="TaskListId" Value="{$ListId:Lists/SponsorshipTaskList;}" />
    </File>
  </Module>
  <ListInstance FeatureId="{2c63df2b-ceab-42c6-aeff-b3968162d4b1}"
                TemplateType="4501"
                Title="wfsvc"
                Description="This list instance is used by SharePoint to keep track of workflows. Do not modify."
                Url="wfsvc"
                RootWebOnly="FALSE" />
</Elements>