﻿<?xml version="1.0" encoding="utf-8"?>
<List xmlns:ows="Microsoft SharePoint" Title="AnnualDashboard" FolderCreation="FALSE" Direction="$Resources:Direction;" Url="Lists/AnnualDashboard" BaseType="0" xmlns="http://schemas.microsoft.com/sharepoint/" EnableContentTypes="TRUE">
  <MetaData>
    <ContentTypes>
      
      
    <ContentType ID="0x01004C0439BF4DA143F2AF4C38B344B7CF02" Name="CTAnnualDashboard" Group="BNP RE Content Types" Description="Content Type for Annual Dashboard" Inherits="TRUE" Version="0"><FieldRefs><FieldRef ID="{40be6f53-f3e8-4960-8252-ce89db581c41}" Name="AnnualDeclarationDate" DisplayName="$Resources:bnp,DeclarationDate;" Required="FALSE" /><FieldRef ID="{34daf5b2-de9e-4458-8bdb-7a156ee81c83}" Name="AnnualDeclarationID" DisplayName="$Resources:bnp,DeclarationID;" Required="FALSE" /><FieldRef ID="{9ac6b2ee-93aa-49b1-bd47-ea54f23a43a6}" Name="AnnualDeclarationStatus" DisplayName="$Resources:bnp,DeclarationStatus;" Required="FALSE" /><FieldRef ID="{f38541a9-3d50-4dc3-b64c-a5da74c4814d}" Name="AnnualDeclarationUrl" DisplayName="$Resources:bnp,DeclarationUrl;" Required="FALSE" /><FieldRef ID="{a9d27a26-0e77-4353-98d9-291d56220774}" Name="AnnualDeclarationYear" DisplayName="$Resources:bnp,Annual_Form_Year;" Required="FALSE" /><FieldRef ID="{371bfcc7-d5aa-4c65-80bd-c02256e72c75}" Name="AnnualEmployeeCountry" DisplayName="$Resources:bnp,EmployeeCountry;" Required="FALSE" /><FieldRef ID="{132cf135-22eb-418b-9e3d-423d3ef1c250}" Name="AnnualEmployeeEntity" DisplayName="$Resources:bnp,EmployeeEntity;" Required="FALSE" /><FieldRef ID="{23993ffb-4497-46fa-9eed-8faf25ce2288}" Name="AnnualEmployeeFirstName" DisplayName="$Resources:bnp,FirstName;" Required="FALSE" /><FieldRef ID="{B388D2FF-14A1-4074-82EC-FE40C02EFDB4}" Name="AnnualEmployeeLastName" DisplayName="$Resources:bnp, LastName;" Required="FALSE" /><FieldRef ID="{fc8fb98e-dbcf-41a8-98fd-04ce3083195f}" Name="AnnualEmployeeInformation" DisplayName="$Resources:bnp,EmployeeInformation;" Required="FALSE" /><FieldRef ID="{c6c67977-680e-4bf3-9e30-6d9ca7a370a0}" Name="AnnualRequestor" DisplayName="$Resources:bnp, Requestor;" Required="FALSE" /><FieldRef ID="{5667F68A-0483-4F55-98A6-4A6218F99D40}" Name="AnnualEmployeeDepartment" DisplayName="$Resources:bnp, Department;" Required="FALSE" /><FieldRef ID="{5e7e0332-de7f-4520-950d-8ddd89c6bb4d}" Name="RefUID" DisplayName="Ref UID" Required="FALSE" ShowInDisplayForm="FALSE" /></FieldRefs></ContentType></ContentTypes>
    <Fields>
      
    <Field ID="{fa564e0f-0c70-4ab9-b863-0177e6ddd247}" Type="Text" Name="Title" DisplayName="$Resources:core,Title;" Required="TRUE" SourceID="http://schemas.microsoft.com/sharepoint/v3" StaticName="Title" MaxLength="255" /><Field ID="{40be6f53-f3e8-4960-8252-ce89db581c41}" Name="AnnualDeclarationDate" DisplayName="$Resources:bnp,DeclarationDate;" Type="DateTime" Format="DateOnly" Required="FALSE" Group="BNP RE Site Columns"><Default>[today]</Default></Field><Field ID="{34daf5b2-de9e-4458-8bdb-7a156ee81c83}" Name="AnnualDeclarationID" DisplayName="$Resources:bnp,DeclarationID;" Type="Text" Required="FALSE" Group="BNP RE Site Columns"></Field><Field ID="{9ac6b2ee-93aa-49b1-bd47-ea54f23a43a6}" Name="AnnualDeclarationStatus" DisplayName="$Resources:bnp,DeclarationStatus;" Type="Choice" Required="FALSE" Group="BNP RE Site Columns"><CHOICES><CHOICE>$Resources:bnp,Ongoing</CHOICE><CHOICE>$Resources:bnp,Accepted</CHOICE><CHOICE>$Resources:bnp,Rejected</CHOICE></CHOICES></Field><Field ID="{f38541a9-3d50-4dc3-b64c-a5da74c4814d}" Name="AnnualDeclarationUrl" DisplayName="$Resources:bnp,DeclarationUrl;" Type="URL" Format="Hyperlink" Required="FALSE" Group="BNP RE Site Columns"></Field><Field ID="{a9d27a26-0e77-4353-98d9-291d56220774}" Name="AnnualDeclarationYear" DisplayName="$Resources:bnp,Annual_Form_Year;" Type="Text" Required="FALSE" Group="BNP RE Site Columns"></Field><Field ID="{371bfcc7-d5aa-4c65-80bd-c02256e72c75}" Name="AnnualEmployeeCountry" DisplayName="$Resources:bnp,EmployeeCountry;" Type="Text" Required="FALSE" Group="BNP RE Site Columns"></Field><Field ID="{132cf135-22eb-418b-9e3d-423d3ef1c250}" Name="AnnualEmployeeEntity" DisplayName="$Resources:bnp,EmployeeEntity;" Type="Text" Required="FALSE" Group="BNP RE Site Columns"></Field><Field ID="{B388D2FF-14A1-4074-82EC-FE40C02EFDB4}" Name="AnnualEmployeeLastName" DisplayName="$Resources:bnp, LastName;" Type="Text" Required="FALSE" Group="BNP RE Site Columns"></Field><Field ID="{c6c67977-680e-4bf3-9e30-6d9ca7a370a0}" Name="AnnualRequestor" DisplayName="$Resources:bnp, Requestor;" Type="Text" Required="FALSE" Group="BNP RE Site Columns"></Field><Field ID="{23993ffb-4497-46fa-9eed-8faf25ce2288}" Name="AnnualEmployeeFirstName" DisplayName="$Resources:bnp,FirstName;" Type="Text" Required="FALSE" Group="BNP RE Site Columns"></Field><Field ID="{fc8fb98e-dbcf-41a8-98fd-04ce3083195f}" Name="AnnualEmployeeInformation" DisplayName="$Resources:bnp,EmployeeInformation;" Type="Text" Required="FALSE" Group="BNP RE Site Columns"></Field><Field ID="{5667F68A-0483-4F55-98A6-4A6218F99D40}" Name="AnnualEmployeeDepartment" DisplayName="$Resources:bnp, Department;" Type="Text" Required="FALSE" Group="BNP RE Site Columns"></Field><Field ID="{5e7e0332-de7f-4520-950d-8ddd89c6bb4d}" Name="RefUID" DisplayName="Ref UID" Type="Text" Required="FALSE" Group="BNP RE Site Columns" ShowInDisplayForm="FALSE" /></Fields>
    <Views>
      
      
    <View BaseViewID="0" Type="HTML" MobileView="TRUE" TabularView="FALSE">
        <Toolbar Type="Standard" />
        <XslLink Default="TRUE">main.xsl</XslLink>
        <RowLimit Paged="TRUE">30</RowLimit>
        <ViewFields>
          
        <FieldRef Name="LinkTitleNoMenu"></FieldRef></ViewFields>
        <Query>
          <OrderBy>
            
          <FieldRef Name="Modified" Ascending="FALSE"></FieldRef></OrderBy>
        </Query>
        <ParameterBindings>
          <ParameterBinding Name="AddNewAnnouncement" Location="Resource(wss,addnewitem)" />
          <ParameterBinding Name="NoAnnouncements" Location="Resource(wss,noXinviewofY_LIST)" />
          <ParameterBinding Name="NoAnnouncementsHowTo" Location="Resource(wss,noXinviewofY_ONET_HOME)" />
        </ParameterBindings>
      </View><View BaseViewID="1" Type="HTML" WebPartZoneID="Main" DisplayName="$Resources:core,objectiv_schema_mwsidcamlidC24;" DefaultView="TRUE" MobileView="TRUE" MobileDefaultView="TRUE" SetupPath="pages\viewpage.aspx" ImageUrl="/_layouts/15/images/generic.png?rev=23" Url="AllItems.aspx">
        <Toolbar Type="Standard" />
        <XslLink Default="TRUE">main.xsl</XslLink>
        <JSLink>clienttemplates.js</JSLink>
        <RowLimit Paged="TRUE">30</RowLimit>
        <ViewFields>
          
        <FieldRef Name="LinkTitle"></FieldRef><FieldRef Name="AnnualDeclarationDate" /><FieldRef Name="AnnualDeclarationID" /><FieldRef Name="AnnualDeclarationStatus" /><FieldRef Name="AnnualDeclarationUrl" /><FieldRef Name="AnnualDeclarationYear" /><FieldRef Name="AnnualEmployeeCountry" /><FieldRef Name="AnnualEmployeeEntity" /><FieldRef Name="AnnualEmployeeLastName" /><FieldRef Name="AnnualRequestor" /><FieldRef Name="AnnualEmployeeFirstName" /><FieldRef Name="AnnualEmployeeInformation" /><FieldRef Name="AnnualEmployeeDepartment" /><FieldRef Name="RefUID" /></ViewFields>
        <Query>
          <OrderBy>
            
          <FieldRef Name="ID"></FieldRef></OrderBy>
        </Query>
        <ParameterBindings>
          <ParameterBinding Name="NoAnnouncements" Location="Resource(wss,noXinviewofY_LIST)" />
          <ParameterBinding Name="NoAnnouncementsHowTo" Location="Resource(wss,noXinviewofY_DEFAULT)" />
        </ParameterBindings>
      </View></Views>
    <Forms>
      <Form Type="DisplayForm" Url="DispForm.aspx" SetupPath="pages\form.aspx" WebPartZoneID="Main" />
      <Form Type="EditForm" Url="EditForm.aspx" SetupPath="pages\form.aspx" WebPartZoneID="Main" />
      <Form Type="NewForm" Url="NewForm.aspx" SetupPath="pages\form.aspx" WebPartZoneID="Main" />
    </Forms>
  </MetaData>
</List>