﻿<?xml version="1.0" encoding="utf-8" ?>
<Elements xmlns="http://schemas.microsoft.com/sharepoint/">
  <Module Name="WorkflowInvitation" Url="wfsvc/1cb438d16c39404fbb8a0d579f9323f3">
    <File Url="Workflow.xaml" Type="GhostableInLibrary" Path="WorkflowInvitation\Workflow.xaml" DoGUIDFixUp="TRUE" ReplaceContent="TRUE">
      <Property Name="ContentType" Value="WorkflowServiceDefinition" />
      <Property Name="isReusable" Value="true" />
      <Property Name="RequiresInitiationForm" Value="False" />
      <Property Name="RequiresAssociationForm" Value="False" />
      <Property Name="WSPublishState" Value="3" />
      <Property Name="WSDisplayName" Value="WorkflowInvitation" />
      <Property Name="WSDescription" Value="My 'WorkflowInvitation' Workflow to manage invitations" />
      <!-- If you change the name or Url of your custom initiation or association form, 
           remember to update the corresponding property value (InitiationUrl or AssociationUrl) to match the new web relative url.
      -->
      <Property Name="RestrictToType" Value="List" />
      <Property Name="RestrictToScope" Value="{$ListId:Lists/Invitation;}" />
    </File>
    <File Url="ItemAddedAssociation" Path="WorkflowInvitation\ItemAddedAssociation" Type="GhostableInLibrary">
      <Property Name="WSDisplayName" Value="WorkflowInvitation - Item Added" />
      <Property Name="ContentType" Value="WorkflowServiceSubscription" />
      <Property Name="WSPublishState" Value="3" />
      <Property Name="WSEventType" Value="ItemAdded" />
      <Property Name="WSEnabled" Value="true" />
      <Property Name="WSGUID" Value="1091a15b-9a74-42f7-b2b7-1363c71d693d" />
      <Property Name="WSEventSourceGUID" Value="{$ListId:Lists/Invitation;}" />
      <Property Name="Microsoft.SharePoint.ActivationProperties.ListId" Value="{$ListId:Lists/Invitation;}" />
      <Property Name="HistoryListId" Value="{$ListId:Lists/InvitationWorkflowHistoryList;}" />
      <Property Name="TaskListId" Value="{$ListId:Lists/InvitationWorkflowTaskList;}" />
    </File>
  </Module>
  <ListInstance FeatureId="{2c63df2b-ceab-42c6-aeff-b3968162d4b1}"
                TemplateType="4501"
                Title="wfsvc"
                Description="This list instance is used by SharePoint to keep track of workflows. Do not modify."
                Url="wfsvc"
                RootWebOnly="FALSE" />
</Elements>