﻿<?xml version="1.0" encoding="utf-8"?>
<List xmlns:ows="Microsoft SharePoint" Title="RegisterOBIList" FolderCreation="FALSE" Direction="$Resources:Direction;" Url="Lists/RegisterOBIList" BaseType="0" xmlns="http://schemas.microsoft.com/sharepoint/" EnableContentTypes="TRUE">
  <MetaData>
    <ContentTypes>
      
      
    <ContentType ID="0x0100C4946CCB9AFB4533ABB6143A69194250" Name="CTObiRegister" Group="BNP PRE Content Types" Description="Content Type for Register OBI" Inherits="TRUE" Version="0"><FieldRefs><FieldRef ID="{b04846b0-7c07-48db-a86a-9c74953eb865}" Name="BNPPDirectory" DisplayName="BNPP Directory" Required="FALSE" /><FieldRef ID="{66991F9D-FB25-4DE1-82EF-9BC7387F5F16}" Name="EmployeeFirstName" DisplayName="Employee First Name" Required="FALSE" /><FieldRef ID="{75006C9D-8C6D-4081-9BE3-AA95164A7053}" Name="EmployeeLastName" DisplayName="Employee Last Name" Required="FALSE" /><FieldRef ID="{C434A913-CFCD-440E-96EB-7589657F29A3}" Name="EmployeeCountryCode" DisplayName="Employee Country Code" Required="FALSE" /><FieldRef ID="{4EBCFED1-B0B9-44CA-AECA-D44FA6684C7D}" Name="EmployeeBusinessLine" DisplayName="Employee Business Line" Required="FALSE" /><FieldRef ID="{279D9C4F-D468-4944-9E44-B57684664B2D}" Name="EmployeeJobDescription" DisplayName="Employee Job Description" Required="FALSE" /><FieldRef ID="{0DA2EB2C-5355-4598-8AC0-23E2E4BC27C6}" Name="CompanyName" DisplayName="Company/Institution/ Person Name" Required="FALSE" /><FieldRef ID="{E87BE486-E6DC-4C84-83C3-4891DB8FBBC6}" Name="CompanyRegistrationNumber" DisplayName="Registration  number" Required="FALSE" /><FieldRef ID="{013B56A9-133E-4A7C-B065-00A5538F0DCD}" Name="CompanyClientRMPM" DisplayName="When client RMPM id" Required="FALSE" /><FieldRef ID="{482AE9C1-645F-4978-B2CF-0BC2D45643D6}" Name="CompanyCountryISOCode" DisplayName="Company Country ISO Code" Required="FALSE" /><FieldRef ID="{135E4CCA-DCBB-4C90-83BA-FA61F1A57763}" Name="ListedCompany" DisplayName="Listed Company ?" Required="FALSE" /><FieldRef ID="{96BA473B-F579-4D31-8036-B95987D559FC}" Name="CompanyISINCode" DisplayName="ISIN Code" Required="FALSE" /><FieldRef ID="{677EFE41-1F1B-42A4-8C93-EC565F9FB5B4}" Name="CompanyTypeClient" DisplayName="Type of client list" Required="FALSE" /><FieldRef ID="{AF4AD21C-7B60-4617-B94F-FB5AE1E63138}" Name="CompanyActivity" DisplayName="Company / Instit. / Name type of activity" Required="FALSE" /><FieldRef ID="{E5D1BCF6-F38E-48DB-ADA1-4AA4A05213DD}" Name="OBITypeList" DisplayName="Personal Office / OBI Type Code" Required="FALSE" /><FieldRef ID="{42B56239-1965-4CBA-971B-E85510D79D6E}" Name="OBISubTypeList" DisplayName="Personal Office / Mandate sub-type Code" Required="FALSE" /><FieldRef ID="{488B918D-23C4-4C5A-840C-E2E9FCD338D0}" Name="DescriptionActivity" DisplayName="Description of the activity" Required="FALSE" /><FieldRef ID="{823E9263-6218-47FE-87D1-5FFA1D2692B3}" Name="StartingDate" DisplayName="Starting Date" Required="FALSE" /><FieldRef ID="{8F524E61-D4C0-4A42-A44F-63BB52B07960}" Name="EmployeeEndDate" DisplayName="End Date" Required="FALSE" /><FieldRef ID="{9A57A71D-B1E6-4F3A-95D6-84CFA99B0287}" Name="TimeSpent" DisplayName="Time spent" Required="FALSE" /><FieldRef ID="{9522736E-232D-46D1-ABE1-18EDD8CFDE34}" Name="InvestmentMade" DisplayName="Investment made  %" Required="FALSE" /><FieldRef ID="{4C5CA97C-CB83-42D8-A8FD-6B744CF57C0C}" Name="Revenue" DisplayName="Revenue" Required="FALSE" /><FieldRef ID="{839DC66D-D123-4EB4-BF1E-E156C1911A69}" Name="ManagerUserID" DisplayName="Manager BNPP Directory User ID" Required="FALSE" /><FieldRef ID="{C61959DD-5E2C-45BC-BAC9-205F14AAC62C}" Name="ManagerName" DisplayName="Manager Name" Required="FALSE" /><FieldRef ID="{81DA8D97-F00C-4E54-A7B9-C131CF0B1218}" Name="ManagerPosition" DisplayName="Manager Position / Title  within BNPP" Required="FALSE" /><FieldRef ID="{00D87638-4AA3-4D6B-BDAA-EB0323CD1485}" Name="ManagerDecision" DisplayName="Manager Decision / recommendation" Required="FALSE" /><FieldRef ID="{6C7F192E-FEB1-48BB-A93A-3BA2E6F6BD0A}" Name="ManagerNatureofDecision" DisplayName="Manager Nature of the decision / recommendation" Required="FALSE" /><FieldRef ID="{79641A16-6565-4558-84A9-3C5B47763C3A}" Name="ManagerRationale" DisplayName="Manager Rationale behind the decision / recommendation" Required="FALSE" /><FieldRef ID="{E50241DE-D457-482B-AEA8-2C2D1053FDC2}" Name="ManagerMitigations" DisplayName="Manager Detailed mitigations measures if any" Required="FALSE" /><FieldRef ID="{B1B1FF4C-6D60-4075-B4F5-E721BE51715C}" Name="ManagerDateDecision" DisplayName="Manager Date of decision / recommendation" Required="FALSE" /><FieldRef ID="{5E10EF59-6B7E-4431-B351-68BF09912AF9}" Name="ComplianceOfficerUserID" DisplayName="BNPP Directory User ID of the first level Compliance Officer" Required="FALSE" /><FieldRef ID="{92CC7D84-959F-427C-B887-2ACF6A66A763}" Name="ComplianceName" DisplayName="First level Compliance Officer Name" Required="FALSE" /><FieldRef ID="{35CA4404-CFD1-4BF8-A9A5-3A71B0CA217C}" Name="CompliancePosition" DisplayName="First level Compliance Officer Position" Required="FALSE" /><FieldRef ID="{A867BD84-AF2A-4D9B-9BB0-5212B8511CCD}" Name="ComplianceDecision" DisplayName="Compliance Decision / recommendation" Required="FALSE" /><FieldRef ID="{695C96CE-5515-418B-A2C9-7C99E09BC9BD}" Name="ComplianceNatureofDecision" DisplayName="Compliance Nature of the decision / recommendation" Required="FALSE" /><FieldRef ID="{6EA81ACE-523B-4293-B711-2F97817C06E2}" Name="ComplianceRationale" DisplayName="Compliance Rationale behind the decision / recommendation" Required="FALSE" /><FieldRef ID="{C6B4DB00-0FFA-4B2F-8BA0-535D60A8BDF5}" Name="ComplianceMitigations" DisplayName="Compliance Detailed mitigations measures if any" Required="FALSE" /><FieldRef ID="{F84748F8-C9E9-4360-B6DD-ACA5BF5FB0DB}" Name="ComplianceDateDecision" DisplayName="Compliance Date of decision / recommendation" Required="FALSE" /><FieldRef ID="{314AC63C-E4E8-4929-8318-5C364AFAE0A5}" Name="ComplianceOfficerSLUserID" DisplayName="BNPP Directory User ID of the second level Compliance Officer" Required="FALSE" /><FieldRef ID="{E31E1D7D-A4E0-4894-B59C-C748D4B22CDD}" Name="ComplianceSLName" DisplayName="Second level Compliance Officer Name" Required="FALSE" /><FieldRef ID="{7837252F-1BB8-48E4-8A2F-791C7415E172}" Name="ComplianceSLPosition" DisplayName="Second level Compliance Officer Position" Required="FALSE" /><FieldRef ID="{5B75FB39-0EC5-4D5F-8953-D420DFE2E0A4}" Name="ComplianceSLDecision" DisplayName="Compliance Second level Decision / recommendation" Required="FALSE" /><FieldRef ID="{902D8323-4097-4F13-828E-5FAA21486000}" Name="ComplianceSLNatureofDecision" DisplayName="Compliance Second level Nature of the decision / recommendation" Required="FALSE" /><FieldRef ID="{4C85950A-3DB0-4E45-9E22-30B05F3B8084}" Name="ComplianceSLRationale" DisplayName="Compliance Second level Rationale behind the decision / recommendation" Required="FALSE" /><FieldRef ID="{CD455BE8-118D-4155-8204-8070B4B085A8}" Name="ComplianceSLMitigations" DisplayName="Compliance Second level Detailed mitigations measures if any" Required="FALSE" /><FieldRef ID="{DF799A8B-FC9E-444F-9FFE-6B03B7DD95DE}" Name="ComplianceSLDateDecision" DisplayName="Compliance Second level Date of decision / recommendation" Required="FALSE" /><FieldRef ID="{29433763-CF2F-4AEE-BDBA-834325C3F3A4}" Name="DateNotificationEmployee" DisplayName="Date of notification to the employee" Required="FALSE" /><FieldRef ID="{4C909BBD-3A13-491C-A193-A96A69DE6C73}" Name="Transmitted" DisplayName="Transmitted to MI Control Room (GCR)" Required="FALSE" /><FieldRef ID="{EB4C2EBD-62C8-411F-B981-AB067C066C8F}" Name="RegisterGlobalComment" DisplayName="Global Comment" Required="FALSE" /></FieldRefs></ContentType></ContentTypes>
    <Fields>
      
    <Field ID="{fa564e0f-0c70-4ab9-b863-0177e6ddd247}" Type="Text" Name="Title" DisplayName="$Resources:core,Title;" Required="TRUE" SourceID="http://schemas.microsoft.com/sharepoint/v3" StaticName="Title" MaxLength="255" /><Field ID="{b04846b0-7c07-48db-a86a-9c74953eb865}" Name="BNPPDirectory" DisplayName="BNPP Directory" Type="Text" Required="FALSE" Group="BNP PRE RegisterOBI Site Columns"></Field><Field ID="{66991F9D-FB25-4DE1-82EF-9BC7387F5F16}" Name="EmployeeFirstName" DisplayName="Employee First Name" Type="Text" Required="FALSE" Group="BNP PRE RegisterOBI Site Columns"></Field><Field ID="{75006C9D-8C6D-4081-9BE3-AA95164A7053}" Name="EmployeeLastName" DisplayName="Employee Last Name" Type="Text" Required="FALSE" Group="BNP PRE RegisterOBI Site Columns"></Field><Field ID="{C434A913-CFCD-440E-96EB-7589657F29A3}" Name="EmployeeCountryCode" DisplayName="Employee Country Code" Type="Choice" Required="FALSE" Group="BNP PRE RegisterOBI Site Columns"><CHOICES><CHOICE>FR - France</CHOICE><CHOICE>BE - Belgium</CHOICE><CHOICE>DE - Germany</CHOICE><CHOICE>IT - Italy</CHOICE><CHOICE>ES - Spain</CHOICE><CHOICE>GB - United Kingdom</CHOICE><CHOICE>LU - Luxembourg</CHOICE><CHOICE>US - United States</CHOICE><CHOICE>AF - Afghanistan</CHOICE><CHOICE>AX - Aland Islands</CHOICE><CHOICE>AL - Albania</CHOICE><CHOICE>DZ - Algeria</CHOICE><CHOICE>AS - American Samoa</CHOICE><CHOICE>AD - Andorra</CHOICE><CHOICE>AO - Angola</CHOICE><CHOICE>AI - Anguilla</CHOICE><CHOICE>AQ - Antarctica</CHOICE><CHOICE>AG - Antigua and Barbuda</CHOICE><CHOICE>AR - Argentina</CHOICE><CHOICE>AM - Armenia</CHOICE><CHOICE>AW - Aruba</CHOICE><CHOICE>AU - Australia</CHOICE><CHOICE>AT - Austria</CHOICE><CHOICE>AZ - Azerbaijan</CHOICE><CHOICE>BS - Bahamas</CHOICE><CHOICE>BH - Bahrain</CHOICE><CHOICE>BD - Bangladesh</CHOICE><CHOICE>BB - Barbados</CHOICE><CHOICE>BY - Belarus</CHOICE><CHOICE>BZ - Belize</CHOICE><CHOICE>BJ - Benin</CHOICE><CHOICE>BM - Bermuda</CHOICE><CHOICE>BT - Bhutan</CHOICE><CHOICE>BO - Bolivia, Plurinational State of</CHOICE><CHOICE>BA - Bosnia and Herzegovina</CHOICE><CHOICE>BW - Botswana</CHOICE><CHOICE>BV - Bouvet Island</CHOICE><CHOICE>BR - Brazil</CHOICE><CHOICE>IO - British Indian Ocean Territory</CHOICE><CHOICE>BN - Brunei Darussalam</CHOICE><CHOICE>BG - Bulgaria</CHOICE><CHOICE>BF - Burkina Faso</CHOICE><CHOICE>BI - Burundi</CHOICE><CHOICE>KH - Cambodia</CHOICE><CHOICE>CM - Cameroon</CHOICE><CHOICE>CA - Canada</CHOICE><CHOICE>CV - Cape Verde</CHOICE><CHOICE>KY - Cayman Islands</CHOICE><CHOICE>CF - Central African Republic</CHOICE><CHOICE>TD - Chad</CHOICE><CHOICE>CL - Chile</CHOICE><CHOICE>CN - China</CHOICE><CHOICE>CX - Christmas Island</CHOICE><CHOICE>CC - Cocos (Keeling) Islands</CHOICE><CHOICE>CO - Colombia</CHOICE><CHOICE>KM - Comoros</CHOICE><CHOICE>CG - Congo</CHOICE><CHOICE>CD - Congo, the Democratic Republic of the</CHOICE><CHOICE>CK - Cook Islands</CHOICE><CHOICE>CR - Costa Rica</CHOICE><CHOICE>CI - Cote d'Ivoire</CHOICE><CHOICE>HR - Croatia</CHOICE><CHOICE>CU - Cuba</CHOICE><CHOICE>CY - Cyprus</CHOICE><CHOICE>CZ - Czech Republic</CHOICE><CHOICE>DK - Denmark</CHOICE><CHOICE>DJ - Djibouti</CHOICE><CHOICE>DM - Dominica</CHOICE><CHOICE>DO - Dominican Republic</CHOICE><CHOICE>EC - Ecuador</CHOICE><CHOICE>EG - Egypt</CHOICE><CHOICE>SV - El Salvador</CHOICE><CHOICE>GQ - Equatorial Guinea</CHOICE><CHOICE>ER - Eritrea</CHOICE><CHOICE>EE - Estonia</CHOICE><CHOICE>ET - Ethiopia</CHOICE><CHOICE>FK - Falkland Islands (Malvinas)</CHOICE><CHOICE>FO - Faroe Islands</CHOICE><CHOICE>FJ - Fiji</CHOICE><CHOICE>FI - Finland</CHOICE><CHOICE>GF - French Guiana</CHOICE><CHOICE>PF - French Polynesia</CHOICE><CHOICE>TF - French Southern Territories</CHOICE><CHOICE>GA - Gabon</CHOICE><CHOICE>GM - Gambia</CHOICE><CHOICE>GE - Georgia</CHOICE><CHOICE>GH - Ghana</CHOICE><CHOICE>GI - Gibraltar</CHOICE><CHOICE>GR - Greece</CHOICE><CHOICE>GL - Greenland</CHOICE><CHOICE>GD - Grenada</CHOICE><CHOICE>GP - Guadeloupe</CHOICE><CHOICE>GU - Guam</CHOICE><CHOICE>GT - Guatemala</CHOICE><CHOICE>GG - Guernsey</CHOICE><CHOICE>GN - Guinea</CHOICE><CHOICE>GW - Guinea-Bissau</CHOICE><CHOICE>GY - Guyana</CHOICE><CHOICE>HT - Haiti</CHOICE><CHOICE>HM - Heard Island and McDonald Islands</CHOICE><CHOICE>VA - Holy See (Vatican City State)</CHOICE><CHOICE>HN - Honduras</CHOICE><CHOICE>HK - Hong Kong</CHOICE><CHOICE>HU - Hungary</CHOICE><CHOICE>IS - Iceland</CHOICE><CHOICE>IN - India</CHOICE><CHOICE>ID - Indonesia</CHOICE><CHOICE>IR - Iran, Islamic Republic of</CHOICE><CHOICE>IQ - Iraq</CHOICE><CHOICE>IE - Ireland</CHOICE><CHOICE>IM - Isle of Man</CHOICE><CHOICE>IL - Israel</CHOICE><CHOICE>JM - Jamaica</CHOICE><CHOICE>JP - Japan</CHOICE><CHOICE>JE - Jersey</CHOICE><CHOICE>JO - Jordan</CHOICE><CHOICE>KZ - Kazakhstan</CHOICE><CHOICE>KE - Kenya</CHOICE><CHOICE>KI - Kiribati</CHOICE><CHOICE>KP - Korea, Democratic People's Republic of</CHOICE><CHOICE>KR - Korea, Republic of</CHOICE><CHOICE>KW - Kuwait</CHOICE><CHOICE>KG - Kyrgyzstan</CHOICE><CHOICE>LA - Lao People's Democratic Republic</CHOICE><CHOICE>LV - Latvia</CHOICE><CHOICE>LB - Lebanon</CHOICE><CHOICE>LS - Lesotho</CHOICE><CHOICE>LR - Liberia</CHOICE><CHOICE>LY - Libyan Arab Jamahiriya</CHOICE><CHOICE>LI - Liechtenstein</CHOICE><CHOICE>LT - Lithuania</CHOICE><CHOICE>MO - Macao</CHOICE><CHOICE>MK - Macedonia, the former Yugoslav Republic of</CHOICE><CHOICE>MG - Madagascar</CHOICE><CHOICE>MW - Malawi</CHOICE><CHOICE>MY - Malaysia</CHOICE><CHOICE>MV - Maldives</CHOICE><CHOICE>ML - Mali</CHOICE><CHOICE>MT - Malta</CHOICE><CHOICE>MH - Marshall Islands</CHOICE><CHOICE>MQ - Martinique</CHOICE><CHOICE>MR - Mauritania</CHOICE><CHOICE>MU - Mauritius</CHOICE><CHOICE>YT - Mayotte</CHOICE><CHOICE>MX - Mexico</CHOICE><CHOICE>FM - Micronesia, Federated States of</CHOICE><CHOICE>MD - Moldova, Republic of</CHOICE><CHOICE>MC - Monaco</CHOICE><CHOICE>MN - Mongolia</CHOICE><CHOICE>ME - Montenegro</CHOICE><CHOICE>MS - Montserrat</CHOICE><CHOICE>MA - Morocco</CHOICE><CHOICE>MZ - Mozambique</CHOICE><CHOICE>MM - Myanmar</CHOICE><CHOICE>NA - Namibia</CHOICE><CHOICE>NR - Nauru</CHOICE><CHOICE>NP - Nepal</CHOICE><CHOICE>NL - Netherlands</CHOICE><CHOICE>AN - Netherlands Antilles</CHOICE><CHOICE>NC - New Caledonia</CHOICE><CHOICE>NZ - New Zealand</CHOICE><CHOICE>NI - Nicaragua</CHOICE><CHOICE>NE - Niger</CHOICE><CHOICE>NG - Nigeria</CHOICE><CHOICE>NU - Niue</CHOICE><CHOICE>NF - Norfolk Island</CHOICE><CHOICE>MP - Northern Mariana Islands</CHOICE><CHOICE>NO - Norway</CHOICE><CHOICE>OM - Oman</CHOICE><CHOICE>PK - Pakistan</CHOICE><CHOICE>PW - Palau</CHOICE><CHOICE>PS - Palestinian Territory, Occupied</CHOICE><CHOICE>PA - Panama</CHOICE><CHOICE>PG - Papua New Guinea</CHOICE><CHOICE>PY - Paraguay</CHOICE><CHOICE>PE - Peru</CHOICE><CHOICE>PH - Philippines</CHOICE><CHOICE>PN - Pitcairn</CHOICE><CHOICE>PL - Poland</CHOICE><CHOICE>PT - Portugal</CHOICE><CHOICE>PR - Puerto Rico</CHOICE><CHOICE>QA - Qatar</CHOICE><CHOICE>RE - Reunion  Réunion</CHOICE><CHOICE>RO - Romania</CHOICE><CHOICE>RU - Russian Federation</CHOICE><CHOICE>RW - Rwanda</CHOICE><CHOICE>BL - Saint Barthélemy</CHOICE><CHOICE>SH - Saint Helena</CHOICE><CHOICE>KN - Saint Kitts and Nevis</CHOICE><CHOICE>LC - Saint Lucia</CHOICE><CHOICE>MF - Saint Martin (French part)</CHOICE><CHOICE>PM - Saint Pierre and Miquelon</CHOICE><CHOICE>VC - Saint Vincent and the Grenadines</CHOICE><CHOICE>WS - Samoa</CHOICE><CHOICE>SM - San Marino</CHOICE><CHOICE>ST - Sao Tome and Principe</CHOICE><CHOICE>SA - Saudi Arabia</CHOICE><CHOICE>SN - Senegal</CHOICE><CHOICE>RS - Serbia</CHOICE><CHOICE>SC - Seychelles</CHOICE><CHOICE>SL - Sierra Leone</CHOICE><CHOICE>SG - Singapore</CHOICE><CHOICE>SK - Slovakia</CHOICE><CHOICE>SI - Slovenia</CHOICE><CHOICE>SB - Solomon Islands</CHOICE><CHOICE>SO - Somalia</CHOICE><CHOICE>ZA - South Africa</CHOICE><CHOICE>GS - South Georgia and the South Sandwich Islands</CHOICE><CHOICE>LK - Sri Lanka</CHOICE><CHOICE>SD - Sudan</CHOICE><CHOICE>SR - Suriname</CHOICE><CHOICE>SJ - Svalbard and Jan Mayen</CHOICE><CHOICE>SZ - Swaziland</CHOICE><CHOICE>SE - Sweden</CHOICE><CHOICE>CH - Switzerland</CHOICE><CHOICE>SY - Syrian Arab Republic</CHOICE><CHOICE>TW - Taiwan, Province of China</CHOICE><CHOICE>TJ - Tajikistan</CHOICE><CHOICE>TZ - Tanzania, United Republic of</CHOICE><CHOICE>TH - Thailand</CHOICE><CHOICE>TL - Timor-Leste</CHOICE><CHOICE>TG - Togo</CHOICE><CHOICE>TK - Tokelau</CHOICE><CHOICE>TO - Tonga</CHOICE><CHOICE>TT - Trinidad and Tobago</CHOICE><CHOICE>TN - Tunisia</CHOICE><CHOICE>TR - Turkey</CHOICE><CHOICE>TM - Turkmenistan</CHOICE><CHOICE>TC - Turks and Caicos Islands</CHOICE><CHOICE>TV - Tuvalu</CHOICE><CHOICE>UG - Uganda</CHOICE><CHOICE>UA - Ukraine</CHOICE><CHOICE>AE - United Arab Emirates</CHOICE><CHOICE>UM - United States Minor Outlying Islands</CHOICE><CHOICE>UY - Uruguay</CHOICE><CHOICE>UZ - Uzbekistan</CHOICE><CHOICE>VU - Vanuatu</CHOICE><CHOICE>VE - Venezuela, Bolivarian Republic of</CHOICE><CHOICE>VN - Viet Nam</CHOICE><CHOICE>VG - Virgin Islands, British</CHOICE><CHOICE>VI - Virgin Islands, U.S.</CHOICE><CHOICE>WF - Wallis and Futuna</CHOICE><CHOICE>EH - Western Sahara</CHOICE><CHOICE>YE - Yemen</CHOICE><CHOICE>ZM - Zambia</CHOICE><CHOICE>ZW - Zimbabwe</CHOICE></CHOICES></Field><Field ID="{4EBCFED1-B0B9-44CA-AECA-D44FA6684C7D}" Name="EmployeeBusinessLine" DisplayName="Employee Business Line" Type="Text" Required="FALSE" Group="BNP PRE RegisterOBI Site Columns"></Field><Field ID="{279D9C4F-D468-4944-9E44-B57684664B2D}" Name="EmployeeJobDescription" DisplayName="Employee Job Description" Type="Text" Required="FALSE" Group="BNP PRE RegisterOBI Site Columns"></Field><Field ID="{0DA2EB2C-5355-4598-8AC0-23E2E4BC27C6}" Name="CompanyName" DisplayName="Company/Institution/ Person Name" Type="Text" Required="FALSE" Group="BNP PRE RegisterOBI Site Columns"></Field><Field ID="{E87BE486-E6DC-4C84-83C3-4891DB8FBBC6}" Name="CompanyRegistrationNumber" DisplayName="Registration  number" Type="Text" Required="FALSE" Group="BNP PRE RegisterOBI Site Columns"></Field><Field ID="{013B56A9-133E-4A7C-B065-00A5538F0DCD}" Name="CompanyClientRMPM" DisplayName="When client RMPM id" Type="Text" Required="FALSE" Group="BNP PRE RegisterOBI Site Columns"></Field><Field ID="{482AE9C1-645F-4978-B2CF-0BC2D45643D6}" Name="CompanyCountryISOCode" DisplayName="Company Country ISO Code" Type="Choice" Required="FALSE" Group="BNP PRE RegisterOBI Site Columns"><CHOICES><CHOICE>FR - France</CHOICE><CHOICE>BE - Belgium</CHOICE><CHOICE>DE - Germany</CHOICE><CHOICE>IT - Italy</CHOICE><CHOICE>ES - Spain</CHOICE><CHOICE>GB - United Kingdom</CHOICE><CHOICE>LU - Luxembourg</CHOICE><CHOICE>US - United States</CHOICE><CHOICE>AF - Afghanistan</CHOICE><CHOICE>AX - Aland Islands</CHOICE><CHOICE>AL - Albania</CHOICE><CHOICE>DZ - Algeria</CHOICE><CHOICE>AS - American Samoa</CHOICE><CHOICE>AD - Andorra</CHOICE><CHOICE>AO - Angola</CHOICE><CHOICE>AI - Anguilla</CHOICE><CHOICE>AQ - Antarctica</CHOICE><CHOICE>AG - Antigua and Barbuda</CHOICE><CHOICE>AR - Argentina</CHOICE><CHOICE>AM - Armenia</CHOICE><CHOICE>AW - Aruba</CHOICE><CHOICE>AU - Australia</CHOICE><CHOICE>AT - Austria</CHOICE><CHOICE>AZ - Azerbaijan</CHOICE><CHOICE>BS - Bahamas</CHOICE><CHOICE>BH - Bahrain</CHOICE><CHOICE>BD - Bangladesh</CHOICE><CHOICE>BB - Barbados</CHOICE><CHOICE>BY - Belarus</CHOICE><CHOICE>BZ - Belize</CHOICE><CHOICE>BJ - Benin</CHOICE><CHOICE>BM - Bermuda</CHOICE><CHOICE>BT - Bhutan</CHOICE><CHOICE>BO - Bolivia, Plurinational State of</CHOICE><CHOICE>BA - Bosnia and Herzegovina</CHOICE><CHOICE>BW - Botswana</CHOICE><CHOICE>BV - Bouvet Island</CHOICE><CHOICE>BR - Brazil</CHOICE><CHOICE>IO - British Indian Ocean Territory</CHOICE><CHOICE>BN - Brunei Darussalam</CHOICE><CHOICE>BG - Bulgaria</CHOICE><CHOICE>BF - Burkina Faso</CHOICE><CHOICE>BI - Burundi</CHOICE><CHOICE>KH - Cambodia</CHOICE><CHOICE>CM - Cameroon</CHOICE><CHOICE>CA - Canada</CHOICE><CHOICE>CV - Cape Verde</CHOICE><CHOICE>KY - Cayman Islands</CHOICE><CHOICE>CF - Central African Republic</CHOICE><CHOICE>TD - Chad</CHOICE><CHOICE>CL - Chile</CHOICE><CHOICE>CN - China</CHOICE><CHOICE>CX - Christmas Island</CHOICE><CHOICE>CC - Cocos (Keeling) Islands</CHOICE><CHOICE>CO - Colombia</CHOICE><CHOICE>KM - Comoros</CHOICE><CHOICE>CG - Congo</CHOICE><CHOICE>CD - Congo, the Democratic Republic of the</CHOICE><CHOICE>CK - Cook Islands</CHOICE><CHOICE>CR - Costa Rica</CHOICE><CHOICE>CI - Cote d'Ivoire</CHOICE><CHOICE>HR - Croatia</CHOICE><CHOICE>CU - Cuba</CHOICE><CHOICE>CY - Cyprus</CHOICE><CHOICE>CZ - Czech Republic</CHOICE><CHOICE>DK - Denmark</CHOICE><CHOICE>DJ - Djibouti</CHOICE><CHOICE>DM - Dominica</CHOICE><CHOICE>DO - Dominican Republic</CHOICE><CHOICE>EC - Ecuador</CHOICE><CHOICE>EG - Egypt</CHOICE><CHOICE>SV - El Salvador</CHOICE><CHOICE>GQ - Equatorial Guinea</CHOICE><CHOICE>ER - Eritrea</CHOICE><CHOICE>EE - Estonia</CHOICE><CHOICE>ET - Ethiopia</CHOICE><CHOICE>FK - Falkland Islands (Malvinas)</CHOICE><CHOICE>FO - Faroe Islands</CHOICE><CHOICE>FJ - Fiji</CHOICE><CHOICE>FI - Finland</CHOICE><CHOICE>GF - French Guiana</CHOICE><CHOICE>PF - French Polynesia</CHOICE><CHOICE>TF - French Southern Territories</CHOICE><CHOICE>GA - Gabon</CHOICE><CHOICE>GM - Gambia</CHOICE><CHOICE>GE - Georgia</CHOICE><CHOICE>GH - Ghana</CHOICE><CHOICE>GI - Gibraltar</CHOICE><CHOICE>GR - Greece</CHOICE><CHOICE>GL - Greenland</CHOICE><CHOICE>GD - Grenada</CHOICE><CHOICE>GP - Guadeloupe</CHOICE><CHOICE>GU - Guam</CHOICE><CHOICE>GT - Guatemala</CHOICE><CHOICE>GG - Guernsey</CHOICE><CHOICE>GN - Guinea</CHOICE><CHOICE>GW - Guinea-Bissau</CHOICE><CHOICE>GY - Guyana</CHOICE><CHOICE>HT - Haiti</CHOICE><CHOICE>HM - Heard Island and McDonald Islands</CHOICE><CHOICE>VA - Holy See (Vatican City State)</CHOICE><CHOICE>HN - Honduras</CHOICE><CHOICE>HK - Hong Kong</CHOICE><CHOICE>HU - Hungary</CHOICE><CHOICE>IS - Iceland</CHOICE><CHOICE>IN - India</CHOICE><CHOICE>ID - Indonesia</CHOICE><CHOICE>IR - Iran, Islamic Republic of</CHOICE><CHOICE>IQ - Iraq</CHOICE><CHOICE>IE - Ireland</CHOICE><CHOICE>IM - Isle of Man</CHOICE><CHOICE>IL - Israel</CHOICE><CHOICE>JM - Jamaica</CHOICE><CHOICE>JP - Japan</CHOICE><CHOICE>JE - Jersey</CHOICE><CHOICE>JO - Jordan</CHOICE><CHOICE>KZ - Kazakhstan</CHOICE><CHOICE>KE - Kenya</CHOICE><CHOICE>KI - Kiribati</CHOICE><CHOICE>KP - Korea, Democratic People's Republic of</CHOICE><CHOICE>KR - Korea, Republic of</CHOICE><CHOICE>KW - Kuwait</CHOICE><CHOICE>KG - Kyrgyzstan</CHOICE><CHOICE>LA - Lao People's Democratic Republic</CHOICE><CHOICE>LV - Latvia</CHOICE><CHOICE>LB - Lebanon</CHOICE><CHOICE>LS - Lesotho</CHOICE><CHOICE>LR - Liberia</CHOICE><CHOICE>LY - Libyan Arab Jamahiriya</CHOICE><CHOICE>LI - Liechtenstein</CHOICE><CHOICE>LT - Lithuania</CHOICE><CHOICE>MO - Macao</CHOICE><CHOICE>MK - Macedonia, the former Yugoslav Republic of</CHOICE><CHOICE>MG - Madagascar</CHOICE><CHOICE>MW - Malawi</CHOICE><CHOICE>MY - Malaysia</CHOICE><CHOICE>MV - Maldives</CHOICE><CHOICE>ML - Mali</CHOICE><CHOICE>MT - Malta</CHOICE><CHOICE>MH - Marshall Islands</CHOICE><CHOICE>MQ - Martinique</CHOICE><CHOICE>MR - Mauritania</CHOICE><CHOICE>MU - Mauritius</CHOICE><CHOICE>YT - Mayotte</CHOICE><CHOICE>MX - Mexico</CHOICE><CHOICE>FM - Micronesia, Federated States of</CHOICE><CHOICE>MD - Moldova, Republic of</CHOICE><CHOICE>MC - Monaco</CHOICE><CHOICE>MN - Mongolia</CHOICE><CHOICE>ME - Montenegro</CHOICE><CHOICE>MS - Montserrat</CHOICE><CHOICE>MA - Morocco</CHOICE><CHOICE>MZ - Mozambique</CHOICE><CHOICE>MM - Myanmar</CHOICE><CHOICE>NA - Namibia</CHOICE><CHOICE>NR - Nauru</CHOICE><CHOICE>NP - Nepal</CHOICE><CHOICE>NL - Netherlands</CHOICE><CHOICE>AN - Netherlands Antilles</CHOICE><CHOICE>NC - New Caledonia</CHOICE><CHOICE>NZ - New Zealand</CHOICE><CHOICE>NI - Nicaragua</CHOICE><CHOICE>NE - Niger</CHOICE><CHOICE>NG - Nigeria</CHOICE><CHOICE>NU - Niue</CHOICE><CHOICE>NF - Norfolk Island</CHOICE><CHOICE>MP - Northern Mariana Islands</CHOICE><CHOICE>NO - Norway</CHOICE><CHOICE>OM - Oman</CHOICE><CHOICE>PK - Pakistan</CHOICE><CHOICE>PW - Palau</CHOICE><CHOICE>PS - Palestinian Territory, Occupied</CHOICE><CHOICE>PA - Panama</CHOICE><CHOICE>PG - Papua New Guinea</CHOICE><CHOICE>PY - Paraguay</CHOICE><CHOICE>PE - Peru</CHOICE><CHOICE>PH - Philippines</CHOICE><CHOICE>PN - Pitcairn</CHOICE><CHOICE>PL - Poland</CHOICE><CHOICE>PT - Portugal</CHOICE><CHOICE>PR - Puerto Rico</CHOICE><CHOICE>QA - Qatar</CHOICE><CHOICE>RE - Reunion  Réunion</CHOICE><CHOICE>RO - Romania</CHOICE><CHOICE>RU - Russian Federation</CHOICE><CHOICE>RW - Rwanda</CHOICE><CHOICE>BL - Saint Barthélemy</CHOICE><CHOICE>SH - Saint Helena</CHOICE><CHOICE>KN - Saint Kitts and Nevis</CHOICE><CHOICE>LC - Saint Lucia</CHOICE><CHOICE>MF - Saint Martin (French part)</CHOICE><CHOICE>PM - Saint Pierre and Miquelon</CHOICE><CHOICE>VC - Saint Vincent and the Grenadines</CHOICE><CHOICE>WS - Samoa</CHOICE><CHOICE>SM - San Marino</CHOICE><CHOICE>ST - Sao Tome and Principe</CHOICE><CHOICE>SA - Saudi Arabia</CHOICE><CHOICE>SN - Senegal</CHOICE><CHOICE>RS - Serbia</CHOICE><CHOICE>SC - Seychelles</CHOICE><CHOICE>SL - Sierra Leone</CHOICE><CHOICE>SG - Singapore</CHOICE><CHOICE>SK - Slovakia</CHOICE><CHOICE>SI - Slovenia</CHOICE><CHOICE>SB - Solomon Islands</CHOICE><CHOICE>SO - Somalia</CHOICE><CHOICE>ZA - South Africa</CHOICE><CHOICE>GS - South Georgia and the South Sandwich Islands</CHOICE><CHOICE>LK - Sri Lanka</CHOICE><CHOICE>SD - Sudan</CHOICE><CHOICE>SR - Suriname</CHOICE><CHOICE>SJ - Svalbard and Jan Mayen</CHOICE><CHOICE>SZ - Swaziland</CHOICE><CHOICE>SE - Sweden</CHOICE><CHOICE>CH - Switzerland</CHOICE><CHOICE>SY - Syrian Arab Republic</CHOICE><CHOICE>TW - Taiwan, Province of China</CHOICE><CHOICE>TJ - Tajikistan</CHOICE><CHOICE>TZ - Tanzania, United Republic of</CHOICE><CHOICE>TH - Thailand</CHOICE><CHOICE>TL - Timor-Leste</CHOICE><CHOICE>TG - Togo</CHOICE><CHOICE>TK - Tokelau</CHOICE><CHOICE>TO - Tonga</CHOICE><CHOICE>TT - Trinidad and Tobago</CHOICE><CHOICE>TN - Tunisia</CHOICE><CHOICE>TR - Turkey</CHOICE><CHOICE>TM - Turkmenistan</CHOICE><CHOICE>TC - Turks and Caicos Islands</CHOICE><CHOICE>TV - Tuvalu</CHOICE><CHOICE>UG - Uganda</CHOICE><CHOICE>UA - Ukraine</CHOICE><CHOICE>AE - United Arab Emirates</CHOICE><CHOICE>UM - United States Minor Outlying Islands</CHOICE><CHOICE>UY - Uruguay</CHOICE><CHOICE>UZ - Uzbekistan</CHOICE><CHOICE>VU - Vanuatu</CHOICE><CHOICE>VE - Venezuela, Bolivarian Republic of</CHOICE><CHOICE>VN - Viet Nam</CHOICE><CHOICE>VG - Virgin Islands, British</CHOICE><CHOICE>VI - Virgin Islands, U.S.</CHOICE><CHOICE>WF - Wallis and Futuna</CHOICE><CHOICE>EH - Western Sahara</CHOICE><CHOICE>YE - Yemen</CHOICE><CHOICE>ZM - Zambia</CHOICE><CHOICE>ZW - Zimbabwe</CHOICE></CHOICES></Field><Field ID="{135E4CCA-DCBB-4C90-83BA-FA61F1A57763}" Name="ListedCompany" DisplayName="Listed Company ?" Type="Boolean" Required="FALSE" Group="BNP PRE RegisterOBI Site Columns"><Default>1</Default></Field><Field ID="{96BA473B-F579-4D31-8036-B95987D559FC}" Name="CompanyISINCode" DisplayName="ISIN Code" Type="Text" Required="FALSE" Group="BNP PRE RegisterOBI Site Columns"></Field><Field ID="{677EFE41-1F1B-42A4-8C93-EC565F9FB5B4}" Name="CompanyTypeClient" DisplayName="Type of client list" Type="Choice" Required="FALSE" Group="BNP PRE RegisterOBI Site Columns"><CHOICES><CHOICE>CBANC - Banks</CHOICE><CHOICE>CENTR - Companies</CHOICE><CHOICE>CINST - Institutional Investors</CHOICE><CHOICE>CPART - Other Private Individuals</CHOICE><CHOICE>CADPR - Private administrations</CHOICE><CHOICE>CETAT - States and supranational entities</CHOICE><CHOICE>CLOCA - Territorial authorities and Related Public Entities</CHOICE><CHOICE>CPRIV - VIP Private Individuals</CHOICE><CHOICE>NGO</CHOICE></CHOICES></Field><Field ID="{AF4AD21C-7B60-4617-B94F-FB5AE1E63138}" Name="CompanyActivity" DisplayName="Company / Instit. / Name type of activity" Type="Text" Required="FALSE" Group="BNP PRE RegisterOBI Site Columns"></Field><Field ID="{E5D1BCF6-F38E-48DB-ADA1-4AA4A05213DD}" Name="OBITypeList" DisplayName="Personal Office / OBI Type Code" Type="Choice" Required="FALSE" Group="BNP PRE RegisterOBI Site Columns"><CHOICES><CHOICE>PER - Personal Mandate / Office</CHOICE><CHOICE>Public Office / Mandates</CHOICE><CHOICE>UDF - Other</CHOICE></CHOICES></Field><Field ID="{42B56239-1965-4CBA-971B-E85510D79D6E}" Name="OBISubTypeList" DisplayName="Personal Office / Mandate sub-type Code" Type="Choice" Required="FALSE" Group="BNP PRE RegisterOBI Site Columns"><CHOICES><CHOICE>PI - Private investment</CHOICE><CHOICE>PRO - Profesionnal Mandate / Office</CHOICE><CHOICE>UDF - OBI / External activities</CHOICE></CHOICES></Field><Field ID="{488B918D-23C4-4C5A-840C-E2E9FCD338D0}" Name="DescriptionActivity" DisplayName="Description of the activity" Type="Note" NumLines="6" Required="FALSE" Group="BNP PRE RegisterOBI Site Columns"></Field><Field ID="{823E9263-6218-47FE-87D1-5FFA1D2692B3}" Name="StartingDate" DisplayName="Starting Date" Type="DateTime" Format="DateOnly" Required="FALSE" Group="BNP PRE RegisterOBI Site Columns"></Field><Field ID="{8F524E61-D4C0-4A42-A44F-63BB52B07960}" Name="EmployeeEndDate" DisplayName="End Date" Type="DateTime" Format="DateOnly" Required="FALSE" Group="BNP PRE RegisterOBI Site Columns"></Field><Field ID="{9A57A71D-B1E6-4F3A-95D6-84CFA99B0287}" Name="TimeSpent" DisplayName="Time spent" Type="Number" Required="FALSE" Group="BNP PRE RegisterOBI Site Columns"></Field><Field ID="{9522736E-232D-46D1-ABE1-18EDD8CFDE34}" Name="InvestmentMade" DisplayName="Investment made  %" Type="Number" Required="FALSE" Group="BNP PRE RegisterOBI Site Columns"></Field><Field ID="{4C5CA97C-CB83-42D8-A8FD-6B744CF57C0C}" Name="Revenue" DisplayName="Revenue" Type="Text" Required="FALSE" Group="BNP PRE RegisterOBI Site Columns"></Field><Field ID="{839DC66D-D123-4EB4-BF1E-E156C1911A69}" Name="ManagerUserID" DisplayName="Manager BNPP Directory User ID" Type="Text" Required="FALSE" Group="BNP PRE RegisterOBI Site Columns"></Field><Field ID="{C61959DD-5E2C-45BC-BAC9-205F14AAC62C}" Name="ManagerName" DisplayName="Manager Name" Type="Text" Required="FALSE" Group="BNP PRE RegisterOBI Site Columns"></Field><Field ID="{81DA8D97-F00C-4E54-A7B9-C131CF0B1218}" Name="ManagerPosition" DisplayName="Manager Position / Title  within BNPP" Type="Text" Required="FALSE" Group="BNP PRE RegisterOBI Site Columns"></Field><Field ID="{00D87638-4AA3-4D6B-BDAA-EB0323CD1485}" Name="ManagerDecision" DisplayName="Manager Decision / recommendation" Type="Choice" Required="FALSE" Group="BNP PRE RegisterOBI Site Columns"><CHOICES><CHOICE>Decision</CHOICE><CHOICE>Recommendation</CHOICE></CHOICES></Field><Field ID="{6C7F192E-FEB1-48BB-A93A-3BA2E6F6BD0A}" Name="ManagerNatureofDecision" DisplayName="Manager Nature of the decision / recommendation" Type="Choice" Required="FALSE" Group="BNP PRE RegisterOBI Site Columns"><CHOICES><CHOICE>Approval</CHOICE><CHOICE>Approval with Condition</CHOICE><CHOICE>Refused</CHOICE></CHOICES></Field><Field ID="{79641A16-6565-4558-84A9-3C5B47763C3A}" Name="ManagerRationale" DisplayName="Manager Rationale behind the decision / recommendation" Type="Note" NumLines="6" Required="FALSE" Group="BNP PRE RegisterOBI Site Columns"></Field><Field ID="{E50241DE-D457-482B-AEA8-2C2D1053FDC2}" Name="ManagerMitigations" DisplayName="Manager Detailed mitigations measures if any" Type="Note" NumLines="6" Required="FALSE" Group="BNP PRE RegisterOBI Site Columns"></Field><Field ID="{B1B1FF4C-6D60-4075-B4F5-E721BE51715C}" Name="ManagerDateDecision" DisplayName="Manager Date of decision / recommendation" Type="DateTime" Format="DateOnly" Required="FALSE" Group="BNP PRE RegisterOBI Site Columns"></Field><Field ID="{5E10EF59-6B7E-4431-B351-68BF09912AF9}" Name="ComplianceOfficerUserID" DisplayName="BNPP Directory User ID of the first level Compliance Officer" Type="Text" Required="FALSE" Group="BNP PRE RegisterOBI Site Columns"></Field><Field ID="{92CC7D84-959F-427C-B887-2ACF6A66A763}" Name="ComplianceName" DisplayName="First level Compliance Officer Name" Type="Text" Required="FALSE" Group="BNP PRE RegisterOBI Site Columns"></Field><Field ID="{35CA4404-CFD1-4BF8-A9A5-3A71B0CA217C}" Name="CompliancePosition" DisplayName="First level Compliance Officer Position" Type="Text" Required="FALSE" Group="BNP PRE RegisterOBI Site Columns"></Field><Field ID="{A867BD84-AF2A-4D9B-9BB0-5212B8511CCD}" Name="ComplianceDecision" DisplayName="Compliance Decision / recommendation" Type="Choice" Required="FALSE" Group="BNP PRE RegisterOBI Site Columns"><CHOICES><CHOICE>Decision</CHOICE><CHOICE>Recommendation</CHOICE></CHOICES></Field><Field ID="{695C96CE-5515-418B-A2C9-7C99E09BC9BD}" Name="ComplianceNatureofDecision" DisplayName="Compliance Nature of the decision / recommendation" Type="Choice" Required="FALSE" Group="BNP PRE RegisterOBI Site Columns"><CHOICES><CHOICE>Approval</CHOICE><CHOICE>Approval with Condition</CHOICE><CHOICE>Refused</CHOICE></CHOICES></Field><Field ID="{6EA81ACE-523B-4293-B711-2F97817C06E2}" Name="ComplianceRationale" DisplayName="Compliance Rationale behind the decision / recommendation" Type="Note" NumLines="6" Required="FALSE" Group="BNP PRE RegisterOBI Site Columns"></Field><Field ID="{C6B4DB00-0FFA-4B2F-8BA0-535D60A8BDF5}" Name="ComplianceMitigations" DisplayName="Compliance Detailed mitigations measures if any" Type="Note" NumLines="6" Required="FALSE" Group="BNP PRE RegisterOBI Site Columns"></Field><Field ID="{F84748F8-C9E9-4360-B6DD-ACA5BF5FB0DB}" Name="ComplianceDateDecision" DisplayName="Compliance Date of decision / recommendation" Type="DateTime" Format="DateOnly" Required="FALSE" Group="BNP PRE RegisterOBI Site Columns"></Field><Field ID="{314AC63C-E4E8-4929-8318-5C364AFAE0A5}" Name="ComplianceOfficerSLUserID" DisplayName="BNPP Directory User ID of the second level Compliance Officer" Type="Text" Required="FALSE" Group="BNP PRE RegisterOBI Site Columns"></Field><Field ID="{E31E1D7D-A4E0-4894-B59C-C748D4B22CDD}" Name="ComplianceSLName" DisplayName="Second level Compliance Officer Name" Type="Text" Required="FALSE" Group="BNP PRE RegisterOBI Site Columns"></Field><Field ID="{7837252F-1BB8-48E4-8A2F-791C7415E172}" Name="ComplianceSLPosition" DisplayName="Second level Compliance Officer Position" Type="Text" Required="FALSE" Group="BNP PRE RegisterOBI Site Columns"></Field><Field ID="{5B75FB39-0EC5-4D5F-8953-D420DFE2E0A4}" Name="ComplianceSLDecision" DisplayName="Compliance Second level Decision / recommendation" Type="Choice" Required="FALSE" Group="BNP PRE RegisterOBI Site Columns"><CHOICES><CHOICE>Decision</CHOICE><CHOICE>Recommendation</CHOICE></CHOICES></Field><Field ID="{902D8323-4097-4F13-828E-5FAA21486000}" Name="ComplianceSLNatureofDecision" DisplayName="Compliance Second level Nature of the decision / recommendation" Type="Choice" Required="FALSE" Group="BNP PRE RegisterOBI Site Columns"><CHOICES><CHOICE>Approval</CHOICE><CHOICE>Approval with Condition</CHOICE><CHOICE>Refused</CHOICE></CHOICES></Field><Field ID="{4C85950A-3DB0-4E45-9E22-30B05F3B8084}" Name="ComplianceSLRationale" DisplayName="Compliance Second level Rationale behind the decision / recommendation" Type="Note" NumLines="6" Required="FALSE" Group="BNP PRE RegisterOBI Site Columns"></Field><Field ID="{CD455BE8-118D-4155-8204-8070B4B085A8}" Name="ComplianceSLMitigations" DisplayName="Compliance Second level Detailed mitigations measures if any" Type="Note" NumLines="6" Required="FALSE" Group="BNP PRE RegisterOBI Site Columns"></Field><Field ID="{DF799A8B-FC9E-444F-9FFE-6B03B7DD95DE}" Name="ComplianceSLDateDecision" DisplayName="Compliance Second level Date of decision / recommendation" Type="DateTime" Format="DateOnly" Required="FALSE" Group="BNP PRE RegisterOBI Site Columns"></Field><Field ID="{29433763-CF2F-4AEE-BDBA-834325C3F3A4}" Name="DateNotificationEmployee" DisplayName="Date of notification to the employee" Type="DateTime" Format="DateOnly" Required="FALSE" Group="BNP PRE RegisterOBI Site Columns"></Field><Field ID="{4C909BBD-3A13-491C-A193-A96A69DE6C73}" Name="Transmitted" DisplayName="Transmitted to MI Control Room (GCR)" Type="Boolean" Required="FALSE" Group="BNP PRE RegisterOBI Site Columns"><Default>1</Default></Field><Field ID="{EB4C2EBD-62C8-411F-B981-AB067C066C8F}" Name="RegisterGlobalComment" DisplayName="Global Comment" Type="Note" NumLines="6" Required="FALSE" Group="BNP PRE RegisterOBI Site Columns"></Field></Fields>
    <Views>
      
      
    <View BaseViewID="0" Type="HTML" MobileView="TRUE" TabularView="FALSE">
        <Toolbar Type="Standard" />
        <XslLink Default="TRUE">main.xsl</XslLink>
        <RowLimit Paged="TRUE">30</RowLimit>
        <ViewFields>
          
        <FieldRef Name="LinkTitleNoMenu"></FieldRef></ViewFields>
        <Query>
          <OrderBy>
            
          <FieldRef Name="Modified" Ascending="FALSE"></FieldRef></OrderBy>
        </Query>
        <ParameterBindings>
          <ParameterBinding Name="AddNewAnnouncement" Location="Resource(wss,addnewitem)" />
          <ParameterBinding Name="NoAnnouncements" Location="Resource(wss,noXinviewofY_LIST)" />
          <ParameterBinding Name="NoAnnouncementsHowTo" Location="Resource(wss,noXinviewofY_ONET_HOME)" />
        </ParameterBindings>
      </View><View BaseViewID="1" Type="HTML" WebPartZoneID="Main" DisplayName="$Resources:core,objectiv_schema_mwsidcamlidC24;" DefaultView="TRUE" MobileView="TRUE" MobileDefaultView="TRUE" SetupPath="pages\viewpage.aspx" ImageUrl="/_layouts/15/images/generic.png?rev=23" Url="AllItems.aspx">
        <Toolbar Type="Standard" />
        <XslLink Default="TRUE">main.xsl</XslLink>
        <JSLink>clienttemplates.js</JSLink>
        <RowLimit Paged="TRUE">30</RowLimit>
        <ViewFields>
          
        <FieldRef Name="LinkTitle"></FieldRef><FieldRef Name="BNPPDirectory" /><FieldRef Name="EmployeeFirstName" /><FieldRef Name="EmployeeLastName" /><FieldRef Name="EmployeeCountryCode" /><FieldRef Name="EmployeeBusinessLine" /><FieldRef Name="EmployeeJobDescription" /><FieldRef Name="CompanyName" /><FieldRef Name="CompanyRegistrationNumber" /><FieldRef Name="CompanyClientRMPM" /><FieldRef Name="CompanyCountryISOCode" /><FieldRef Name="ListedCompany" /><FieldRef Name="CompanyISINCode" /><FieldRef Name="CompanyTypeClient" /><FieldRef Name="CompanyActivity" /><FieldRef Name="OBITypeList" /><FieldRef Name="OBISubTypeList" /><FieldRef Name="DescriptionActivity" /><FieldRef Name="StartingDate" /><FieldRef Name="EmployeeEndDate" /><FieldRef Name="TimeSpent" /><FieldRef Name="InvestmentMade" /><FieldRef Name="Revenue" /><FieldRef Name="ManagerUserID" /><FieldRef Name="ManagerName" /><FieldRef Name="ManagerPosition" /><FieldRef Name="ManagerDecision" /><FieldRef Name="ManagerNatureofDecision" /><FieldRef Name="ManagerRationale" /><FieldRef Name="ManagerMitigations" /><FieldRef Name="ManagerDateDecision" /><FieldRef Name="ComplianceOfficerUserID" /><FieldRef Name="ComplianceName" /><FieldRef Name="CompliancePosition" /><FieldRef Name="ComplianceDecision" /><FieldRef Name="ComplianceNatureofDecision" /><FieldRef Name="ComplianceRationale" /><FieldRef Name="ComplianceMitigations" /><FieldRef Name="ComplianceDateDecision" /><FieldRef Name="ComplianceOfficerSLUserID" /><FieldRef Name="ComplianceSLName" /><FieldRef Name="ComplianceSLPosition" /><FieldRef Name="ComplianceSLDecision" /><FieldRef Name="ComplianceSLNatureofDecision" /><FieldRef Name="ComplianceSLRationale" /><FieldRef Name="ComplianceSLMitigations" /><FieldRef Name="ComplianceSLDateDecision" /><FieldRef Name="DateNotificationEmployee" /><FieldRef Name="Transmitted" /><FieldRef Name="RegisterGlobalComment" /></ViewFields>
        <Query>
          <OrderBy>
            
          <FieldRef Name="ID"></FieldRef></OrderBy>
        </Query>
        <ParameterBindings>
          <ParameterBinding Name="NoAnnouncements" Location="Resource(wss,noXinviewofY_LIST)" />
          <ParameterBinding Name="NoAnnouncementsHowTo" Location="Resource(wss,noXinviewofY_DEFAULT)" />
        </ParameterBindings>
      </View></Views>
    <Forms>
      <Form Type="DisplayForm" Url="DispForm.aspx" SetupPath="pages\form.aspx" WebPartZoneID="Main" />
      <Form Type="EditForm" Url="EditForm.aspx" SetupPath="pages\form.aspx" WebPartZoneID="Main" />
      <Form Type="NewForm" Url="NewForm.aspx" SetupPath="pages\form.aspx" WebPartZoneID="Main" />
    </Forms>
  </MetaData>
</List>