﻿<?xml version="1.0" encoding="utf-8" ?>
<Elements xmlns="http://schemas.microsoft.com/sharepoint/">
  <Module Name="WorkflowMandatePro" Url="wfsvc/908b221215ec4a45ba050c9e4331c489">
    <File Url="Workflow.xaml" Type="GhostableInLibrary" Path="WorkflowMandatePro\Workflow.xaml" DoGUIDFixUp="TRUE" ReplaceContent="TRUE">
      <Property Name="ContentType" Value="WorkflowServiceDefinition" />
      <Property Name="isReusable" Value="true" />
      <Property Name="RequiresInitiationForm" Value="False" />
      <Property Name="RequiresAssociationForm" Value="False" />
      <Property Name="WSPublishState" Value="3" />
      <Property Name="WSDisplayName" Value="WorkflowMandatePro" />
      <Property Name="WSDescription" Value="My 'WorkflowMandatePro' Workflow" />
      <!-- If you change the name or Url of your custom initiation or association form, 
           remember to update the corresponding property value (InitiationUrl or AssociationUrl) to match the new web relative url.
      -->
      <Property Name="RestrictToType" Value="List" />
      <Property Name="RestrictToScope" Value="{$ListId:Lists/MandateProList;}" />
    </File>
    <File Url="WorkflowStartAssociation" Path="WorkflowMandatePro\WorkflowStartAssociation" Type="GhostableInLibrary">
      <Property Name="WSDisplayName" Value="WorkflowMandatePro - Workflow Start" />
      <Property Name="ContentType" Value="WorkflowServiceSubscription" />
      <Property Name="WSPublishState" Value="3" />
      <Property Name="WSEventType" Value="WorkflowStart" />
      <Property Name="WSEnabled" Value="true" />
      <Property Name="WSGUID" Value="9fccf95a-7fe1-420b-8d5f-a4360e487614" />
      <Property Name="WSEventSourceGUID" Value="{$ListId:Lists/MandateProList;}" />
      <Property Name="Microsoft.SharePoint.ActivationProperties.ListId" Value="{$ListId:Lists/MandateProList;}" />
      <Property Name="HistoryListId" Value="{$ListId:Lists/MandateProHistoryList;}" />
      <Property Name="TaskListId" Value="{$ListId:Lists/MandateProTaskList;}" />
    </File>
    <File Url="ItemAddedAssociation" Path="WorkflowMandatePro\ItemAddedAssociation" Type="GhostableInLibrary">
      <Property Name="WSDisplayName" Value="WorkflowMandatePro - Item Added" />
      <Property Name="ContentType" Value="WorkflowServiceSubscription" />
      <Property Name="WSPublishState" Value="3" />
      <Property Name="WSEventType" Value="ItemAdded" />
      <Property Name="WSEnabled" Value="true" />
      <Property Name="WSGUID" Value="471ae57b-ce10-4f89-adf1-7c8d882d6543" />
      <Property Name="WSEventSourceGUID" Value="{$ListId:Lists/MandateProList;}" />
      <Property Name="Microsoft.SharePoint.ActivationProperties.ListId" Value="{$ListId:Lists/MandateProList;}" />
      <Property Name="HistoryListId" Value="{$ListId:Lists/WorkflowHistoryList;}" />
      <Property Name="TaskListId" Value="{$ListId:Lists/WorkflowTaskList;}" />
    </File>
  </Module>
  <ListInstance FeatureId="{2c63df2b-ceab-42c6-aeff-b3968162d4b1}"
                TemplateType="4501"
                Title="wfsvc"
                Description="This list instance is used by SharePoint to keep track of workflows. Do not modify."
                Url="wfsvc"
                RootWebOnly="FALSE" />
</Elements>