﻿<?xml version="1.0" encoding="utf-8"?>
<List xmlns:ows="Microsoft SharePoint" Title="AppsList" FolderCreation="FALSE" Direction="$Resources:Direction;" Url="Lists/AppsList" BaseType="0" xmlns="http://schemas.microsoft.com/sharepoint/" EnableContentTypes="TRUE">
	<MetaData>
		<ContentTypes>



			
		<ContentType ID="0x01006CD0DD3AD75542F8AC347AB1E19C5600" Name="$Resources:BNPPI.RE.DocsDSI.portal,ContentTypes_CTApplicationsName" Description="$Resources:BNPPI.RE.DocsDSI.portal,ContentTypes_CTApplicationsDescription" Group="$Resources:BNPPI.RE.DocsDSI.portal,ContentTypes_GroupName" Inherits="TRUE" Version="0"><FieldRefs><FieldRef ID="{e4c6aff6-97f5-44b6-8464-30696639f951}" DisplayName="$Resources:BNPPI.RE.DocsDSI.portal,Fields_IDAppDisplayName;" Required="TRUE" Name="IDApp" ShowInEditForm="FALSE" ShowInNewForm="FALSE" /><FieldRef ID="{371085f1-bf17-41ba-831c-529b0513f661}" DisplayName="$Resources:BNPPI.RE.DocsDSI.portal,Fields_AppDescriptionDisplayName;" Required="FALSE" Name="AppDescription" /><FieldRef ID="{9402aa12-ecac-456f-83b5-74d11a4f2604}" DisplayName="$Resources:BNPPI.RE.DocsDSI.portal,Fields_AppStatusDisplayName;" Required="TRUE" Name="AppStatus" Format="Dropdown" /><FieldRef ID="{3a60825e-b396-4d87-9a49-68b7d5fb631e}" DisplayName="$Resources:BNPPI.RE.DocsDSI.portal,Fields_AppVersionDisplayName;" Required="FALSE" Name="AppVersion" /><FieldRef ID="{fde7fb13-df19-494f-8171-69992ed11e16}" DisplayName="$Resources:BNPPI.RE.DocsDSI.portal,Fields_AppInternetFacingDisplayName;" Required="FALSE" Name="AppInternetFacing" Format="Dropdown" /><FieldRef ID="{d62c6eae-27ba-405a-b240-15886cf3659a}" DisplayName="$Resources:BNPPI.RE.DocsDSI.portal,Fields_AppPersonalDataDisplayName;" Required="FALSE" Name="AppPersonalData" Format="Dropdown" /><FieldRef ID="{0bd6a344-ed42-4127-8a5c-8c64cf76d3cc}" DisplayName="$Resources:BNPPI.RE.DocsDSI.portal,Fields_AppConfidentialityDisplayName;" Required="FALSE" Name="AppConfidentiality" Format="Dropdown" /><FieldRef ID="{44ef7f7d-c1bf-4cdf-a0ad-7e7080598a5f}" DisplayName="$Resources:BNPPI.RE.DocsDSI.portal,Fields_AppIntegrityDisplayName;" Required="FALSE" Name="AppIntegrity" Format="Dropdown" /><FieldRef ID="{64553f5c-71f8-40bb-ade0-416162b53497}" DisplayName="$Resources:BNPPI.RE.DocsDSI.portal,Fields_AppAvaibilityDisplayName;" Required="FALSE" Name="AppAvaibility" Format="Dropdown" /><FieldRef ID="{55bd8c59-efa6-4c6f-9fb9-3542058aee8b}" DisplayName="$Resources:BNPPI.RE.DocsDSI.portal,Fields_AppTraceabilityDisplayName;" Required="FALSE" Name="AppTraceability" Format="Dropdown" /><FieldRef ID="{0adb68f3-d076-4ce1-85cd-465689b9bf9f}" DisplayName="$Resources:BNPPI.RE.DocsDSI.portal,Fields_AppRTODisplayName;" Required="FALSE" Name="AppRTO" Format="Dropdown" /><FieldRef ID="{6ec1e447-d6f0-4c8c-8f62-220d156bf03b}" DisplayName="$Resources:BNPPI.RE.DocsDSI.portal,Fields_AppRPODisplayName;" Required="FALSE" Name="AppRPO" Format="Dropdown" /><FieldRef ID="{7e9a0052-9c5e-43b7-8e1f-ae1e474e36b8}" DisplayName="$Resources:BNPPI.RE.DocsDSI.portal,Fields_AppLastCIATDisplayName;" Required="FALSE" Name="AppLastCIAT" Format="DateOnly" /><FieldRef ID="{b51ed3f0-71e4-47a1-8561-3ea73c830add}" DisplayName="$Resources:BNPPI.RE.DocsDSI.portal,Fields_AppClassDisplayName;" Required="FALSE" Name="AppClass" Format="Dropdown" /><FieldRef ID="{c28f1383-b933-4e71-8767-29b028620ed2}" DisplayName="$Resources:BNPPI.RE.DocsDSI.portal,Fields_AppAuthentificationDisplayName;" Required="TRUE" Name="AppAuthentification" Format="RadioButtons" /><FieldRef ID="{8eabd117-412d-4abb-9e3f-291b91430f98}" DisplayName="$Resources:BNPPI.RE.DocsDSI.portal,Fields_AppHostingTypeDisplayName;" Required="FALSE" Name="AppHostingType" Format="Dropdown" /><FieldRef ID="{b01a9891-f936-4385-a1da-f3c1c52e1aba}" DisplayName="$Resources:BNPPI.RE.DocsDSI.portal,Fields_AppCloudServiceModelDisplayName;" Required="FALSE" Name="AppCloudServiceModel" Format="Dropdown" /><FieldRef ID="{80c1cdb9-a983-4df0-8ea0-7d7400ecb4ea}" DisplayName="$Resources:BNPPI.RE.DocsDSI.portal,Fields_AppHostingProviderDisplayName;" Required="FALSE" Name="AppHostingProvider" /><FieldRef ID="{d8e9d0e8-9af5-4d5d-9a8f-76e5a6eae9d3}" DisplayName="$Resources:BNPPI.RE.DocsDSI.portal,Fields_UrlRunArchitectureSchemeFileDisplayName;" Required="FALSE" Name="UrlRunArchitectureSchemeFile" Format="Hyperlink" ShowInEditForm="FALSE" ShowInNewForm="FALSE" /><FieldRef ID="{A9BF55E1-1C6B-4EA9-8C04-CCBA70560EBE}" DisplayName="$Resources:BNPPI.RE.DocsDSI.portal,Fields_UrlRunNonRegressionTestsBookFileDisplayName;" Required="FALSE" Name="UrlRunNonRegressionTestsBookFile" Format="Hyperlink" ShowInEditForm="FALSE" ShowInNewForm="FALSE" /><FieldRef ID="{BE743122-4BFC-4242-B87D-9AC26ED3812E}" DisplayName="$Resources:BNPPI.RE.DocsDSI.portal,Fields_UrlRunSanityCheckApplicationFileDisplayName;" Required="FALSE" Name="UrlRunSanityCheckApplicationFile" Format="Hyperlink" ShowInEditForm="FALSE" ShowInNewForm="FALSE" /><FieldRef ID="{EAED8D41-DC48-4156-90DD-32C12B505F08}" DisplayName="$Resources:BNPPI.RE.DocsDSI.portal,Fields_UrlRunSchemeOfExploitationFileDisplayName;" Required="FALSE" Name="UrlRunSchemeOfExploitationFile" Format="Hyperlink" ShowInEditForm="FALSE" ShowInNewForm="FALSE" /><FieldRef ID="{66EF9FE8-DED8-4568-815B-889D5C26B264}" DisplayName="$Resources:BNPPI.RE.DocsDSI.portal,Fields_UrlRunSchemeOfInstallationFileDisplayName;" Required="FALSE" Name="UrlRunSchemeOfInstallationFile" Format="Hyperlink" ShowInEditForm="FALSE" ShowInNewForm="FALSE" /><FieldRef ID="{AB05E0C1-1C18-4C87-A47D-7720D5A5D2CF}" DisplayName="$Resources:BNPPI.RE.DocsDSI.portal,Fields_UrlRunSecurityDocumentFileDisplayName;" Required="FALSE" Name="UrlRunSecurityDocumentFile" Format="Hyperlink" ShowInEditForm="FALSE" ShowInNewForm="FALSE" /><FieldRef ID="{894DC05D-5A20-4DED-A023-1243AF1D9DA7}" DisplayName="$Resources:BNPPI.RE.DocsDSI.portal,Fields_UrlRunSupportDocumentationFileDisplayName;" Required="FALSE" Name="UrlRunSupportDocumentationFile" Format="Hyperlink" ShowInEditForm="FALSE" ShowInNewForm="FALSE" /><FieldRef ID="{5BFA5CBA-15FF-437A-8726-E9A514927F96}" DisplayName="$Resources:BNPPI.RE.DocsDSI.portal,Fields_UrlRunUserGuideFileDisplayName;" Required="FALSE" Name="UrlRunUserGuideFile" Format="Hyperlink" ShowInEditForm="FALSE" ShowInNewForm="FALSE" /><FieldRef ID="{991faabc-72f6-4c71-a1ed-2291494252f8}" DisplayName="$Resources:BNPPI.RE.DocsDSI.portal,Fields_UrlRunOtherDocumentsDisplayName;" Required="FALSE" Name="UrlRunOtherDocuments" Format="Hyperlink" ShowInEditForm="FALSE" ShowInNewForm="FALSE" /></FieldRefs></ContentType></ContentTypes>
		<Fields>
			
			
			
			
			
			
			
			
			
			
			
			
		<Field ID="{fa564e0f-0c70-4ab9-b863-0177e6ddd247}" Type="Text" Name="Title" DisplayName="$Resources:core,Title;" Required="TRUE" SourceID="http://schemas.microsoft.com/sharepoint/v3" StaticName="Title" MaxLength="255" /><Field ID="{e4c6aff6-97f5-44b6-8464-30696639f951}" Name="IDApp" DisplayName="$Resources:BNPPI.RE.DocsDSI.portal,Fields_IDAppDisplayName;" Type="Text" Required="FALSE" Group="$Resources:BNPPI.RE.DocsDSI.portal,Fields_GroupName;" ShowInEditForm="FALSE" ShowInNewForm="FALSE"></Field><Field ID="{371085f1-bf17-41ba-831c-529b0513f661}" Name="AppDescription" DisplayName="$Resources:BNPPI.RE.DocsDSI.portal,Fields_AppDescriptionDisplayName;" Type="Text" Required="FALSE" Group="$Resources:BNPPI.RE.DocsDSI.portal,Fields_GroupName;"></Field><Field ID="{9402aa12-ecac-456f-83b5-74d11a4f2604}" Name="AppStatus" DisplayName="$Resources:BNPPI.RE.DocsDSI.portal,Fields_AppStatusDisplayName;" Type="Choice" Format="Dropdown" Mult="FALSE" Required="FALSE" Group="$Resources:BNPPI.RE.DocsDSI.portal,Fields_GroupName;"><CHOICES><CHOICE>Live</CHOICE><CHOICE>Decommissioned</CHOICE><CHOICE>On-going decommissioning</CHOICE><CHOICE>Business Stopped</CHOICE><CHOICE>In Progress</CHOICE></CHOICES><Default></Default></Field><Field ID="{3a60825e-b396-4d87-9a49-68b7d5fb631e}" Name="AppVersion" DisplayName="$Resources:BNPPI.RE.DocsDSI.portal,Fields_AppVersionDisplayName;" Type="Text" Required="FALSE" Group="$Resources:BNPPI.RE.DocsDSI.portal,Fields_GroupName;"></Field><Field ID="{fde7fb13-df19-494f-8171-69992ed11e16}" Name="AppInternetFacing" DisplayName="$Resources:BNPPI.RE.DocsDSI.portal,Fields_AppInternetFacingDisplayName;" Type="Choice" Format="Dropdown" Mult="FALSE" Required="FALSE" Group="$Resources:BNPPI.RE.DocsDSI.portal,Fields_GroupName;"><CHOICES><CHOICE>O</CHOICE><CHOICE>N</CHOICE></CHOICES><Default></Default></Field><Field ID="{d62c6eae-27ba-405a-b240-15886cf3659a}" Name="AppPersonalData" DisplayName="$Resources:BNPPI.RE.DocsDSI.portal,Fields_AppPersonalDataDisplayName;" Type="Choice" Format="Dropdown" Mult="FALSE" Required="FALSE" Group="$Resources:BNPPI.RE.DocsDSI.portal,Fields_GroupName;"><CHOICES><CHOICE>O</CHOICE><CHOICE>N</CHOICE></CHOICES><Default></Default></Field><Field ID="{0bd6a344-ed42-4127-8a5c-8c64cf76d3cc}" Name="AppConfidentiality" DisplayName="$Resources:BNPPI.RE.DocsDSI.portal,Fields_AppConfidentialityDisplayName;" Type="Choice" Format="Dropdown" Mult="FALSE" Required="TRUE" Group="$Resources:BNPPI.RE.DocsDSI.portal,Fields_GroupName;"><CHOICES><CHOICE>1 – Public</CHOICE><CHOICE>2 – Internal</CHOICE><CHOICE>3 – Confidential</CHOICE><CHOICE>4 – Secret</CHOICE></CHOICES><Default></Default></Field><Field ID="{44ef7f7d-c1bf-4cdf-a0ad-7e7080598a5f}" Name="AppIntegrity" DisplayName="$Resources:BNPPI.RE.DocsDSI.portal,Fields_AppIntegrityDisplayName;" Type="Choice" Format="Dropdown" Mult="FALSE" Required="FALSE" Group="$Resources:BNPPI.RE.DocsDSI.portal,Fields_GroupName;"><CHOICES><CHOICE>1 – None</CHOICE><CHOICE>2 - Standard</CHOICE><CHOICE>3 – Reinforced</CHOICE><CHOICE>4 - Unalterable</CHOICE></CHOICES><Default></Default></Field><Field ID="{64553f5c-71f8-40bb-ade0-416162b53497}" Name="AppAvaibility" DisplayName="$Resources:BNPPI.RE.DocsDSI.portal,Fields_AppAvaibilityDisplayName;" Type="Choice" Format="Dropdown" Mult="FALSE" Required="TRUE" Group="$Resources:BNPPI.RE.DocsDSI.portal,Fields_GroupName;"><CHOICES><CHOICE>1 -  Minimum Service</CHOICE><CHOICE>2 -  Medium</CHOICE><CHOICE>3 -  Strong</CHOICE><CHOICE>4 -  No unavailability tolerated</CHOICE></CHOICES><Default></Default></Field><Field ID="{55bd8c59-efa6-4c6f-9fb9-3542058aee8b}" Name="AppTraceability" DisplayName="$Resources:BNPPI.RE.DocsDSI.portal,Fields_AppTraceabilityDisplayName;" Type="Choice" Format="Dropdown" Mult="FALSE" Required="FALSE" Group="$Resources:BNPPI.RE.DocsDSI.portal,Fields_GroupName;"><CHOICES><CHOICE>1 – None</CHOICE><CHOICE>2 - Minimal</CHOICE><CHOICE>3 – Simple</CHOICE><CHOICE>4 - detailed</CHOICE></CHOICES><Default></Default></Field><Field ID="{0adb68f3-d076-4ce1-85cd-465689b9bf9f}" Name="AppRTO" DisplayName="$Resources:BNPPI.RE.DocsDSI.portal,Fields_AppRTODisplayName;" Type="Choice" Format="Dropdown" Mult="FALSE" Required="TRUE" Group="$Resources:BNPPI.RE.DocsDSI.portal,Fields_GroupName;"><CHOICES><CHOICE>24h</CHOICE><CHOICE>8 to 24h</CHOICE><CHOICE>4h to 8h</CHOICE><CHOICE>4h</CHOICE></CHOICES><Default></Default></Field><Field ID="{6ec1e447-d6f0-4c8c-8f62-220d156bf03b}" Name="AppRPO" DisplayName="$Resources:BNPPI.RE.DocsDSI.portal,Fields_AppRPODisplayName;" Type="Choice" Format="Dropdown" Mult="FALSE" Required="TRUE" Group="$Resources:BNPPI.RE.DocsDSI.portal,Fields_GroupName;"><CHOICES><CHOICE>24h</CHOICE><CHOICE>8 to 24h</CHOICE><CHOICE>4h to 8h</CHOICE><CHOICE>4h</CHOICE></CHOICES><Default></Default></Field><Field ID="{7e9a0052-9c5e-43b7-8e1f-ae1e474e36b8}" Name="AppLastCIAT" DisplayName="$Resources:BNPPI.RE.DocsDSI.portal,Fields_AppLastCIATDisplayName;" Type="DateTime" Format="DateOnly" Required="FALSE" Indexed="FALSE" Group="$Resources:BNPPI.RE.DocsDSI.portal,Fields_GroupName;"></Field><Field ID="{b51ed3f0-71e4-47a1-8561-3ea73c830add}" Name="AppClass" DisplayName="$Resources:BNPPI.RE.DocsDSI.portal,Fields_AppClassDisplayName;" Type="Choice" Format="Dropdown" Mult="FALSE" Required="FALSE" Group="$Resources:BNPPI.RE.DocsDSI.portal,Fields_GroupName;"><CHOICES><CHOICE>Class 1</CHOICE><CHOICE>Class 2</CHOICE><CHOICE>Class 3</CHOICE></CHOICES><Default></Default></Field><Field ID="{c28f1383-b933-4e71-8767-29b028620ed2}" Name="AppAuthentification" DisplayName="$Resources:BNPPI.RE.DocsDSI.portal,Fields_AppAuthentificationDisplayName;" Type="Choice" Format="RadioButtons" Mult="TRUE" Required="TRUE" Group="$Resources:BNPPI.RE.DocsDSI.portal,Fields_GroupName;"><CHOICES><CHOICE>SSO/SSO</CHOICE><CHOICE>ITG/SSO</CHOICE><CHOICE>CIB/ADFS</CHOICE><CHOICE>BNPPRE/ADFS</CHOICE><CHOICE>EURO/GuideCas</CHOICE><CHOICE>Internal</CHOICE><CHOICE>Database</CHOICE><CHOICE>No Authentification</CHOICE></CHOICES><Default></Default></Field><Field ID="{8eabd117-412d-4abb-9e3f-291b91430f98}" Name="AppHostingType" DisplayName="$Resources:BNPPI.RE.DocsDSI.portal,Fields_AppHostingTypeDisplayName;" Type="Choice" Format="Dropdown" Mult="FALSE" Required="TRUE" Group="$Resources:BNPPI.RE.DocsDSI.portal,Fields_GroupName;"><CHOICES><CHOICE>Internal</CHOICE><CHOICE>External</CHOICE></CHOICES><Default></Default></Field><Field ID="{b01a9891-f936-4385-a1da-f3c1c52e1aba}" Name="AppCloudServiceModel" DisplayName="$Resources:BNPPI.RE.DocsDSI.portal,Fields_AppCloudServiceModelDisplayName;" Type="Choice" Format="Dropdown" Mult="FALSE" Required="FALSE" Group="$Resources:BNPPI.RE.DocsDSI.portal,Fields_GroupName;"><CHOICES><CHOICE>N/A</CHOICE><CHOICE>IaaS</CHOICE><CHOICE>PaaS</CHOICE><CHOICE>SaaS</CHOICE></CHOICES><Default></Default></Field><Field ID="{80c1cdb9-a983-4df0-8ea0-7d7400ecb4ea}" Name="AppHostingProvider" DisplayName="$Resources:BNPPI.RE.DocsDSI.portal,Fields_AppHostingProviderDisplayName;" Type="Text" Required="FALSE" Group="$Resources:BNPPI.RE.DocsDSI.portal,Fields_GroupName;"></Field><Field ID="{d8e9d0e8-9af5-4d5d-9a8f-76e5a6eae9d3}" Name="UrlRunArchitectureSchemeFile" DisplayName="$Resources:BNPPI.RE.DocsDSI.portal,Fields_UrlRunArchitectureSchemeFileDisplayName;" Type="URL" Format="Hyperlink" Required="FALSE" EnforceUniqueValues="FALSE" Indexed="FALSE" Group="$Resources:BNPPI.RE.DocsDSI.portal,Fields_GroupName;" ShowInEditForm="FALSE" ShowInNewForm="FALSE"></Field><Field ID="{A9BF55E1-1C6B-4EA9-8C04-CCBA70560EBE}" Name="UrlRunNonRegressionTestsBookFile" DisplayName="$Resources:BNPPI.RE.DocsDSI.portal,Fields_UrlRunNonRegressionTestsBookFileDisplayName;" Type="URL" Format="Hyperlink" Required="FALSE" EnforceUniqueValues="FALSE" Indexed="FALSE" Group="$Resources:BNPPI.RE.DocsDSI.portal,Fields_GroupName;" ShowInEditForm="FALSE" ShowInNewForm="FALSE"></Field><Field ID="{BE743122-4BFC-4242-B87D-9AC26ED3812E}" Name="UrlRunSanityCheckApplicationFile" DisplayName="$Resources:BNPPI.RE.DocsDSI.portal,Fields_UrlRunSanityCheckApplicationFileDisplayName;" Type="URL" Format="Hyperlink" Required="FALSE" EnforceUniqueValues="FALSE" Indexed="FALSE" Group="$Resources:BNPPI.RE.DocsDSI.portal,Fields_GroupName;" ShowInEditForm="FALSE" ShowInNewForm="FALSE"></Field><Field ID="{EAED8D41-DC48-4156-90DD-32C12B505F08}" Name="UrlRunSchemeOfExploitationFile" DisplayName="$Resources:BNPPI.RE.DocsDSI.portal,Fields_UrlRunSchemeOfExploitationFileDisplayName;" Type="URL" Format="Hyperlink" Required="FALSE" EnforceUniqueValues="FALSE" Indexed="FALSE" Group="$Resources:BNPPI.RE.DocsDSI.portal,Fields_GroupName;" ShowInEditForm="FALSE" ShowInNewForm="FALSE"></Field><Field ID="{66EF9FE8-DED8-4568-815B-889D5C26B264}" Name="UrlRunSchemeOfInstallationFile" DisplayName="$Resources:BNPPI.RE.DocsDSI.portal,Fields_UrlRunSchemeOfInstallationFileDisplayName;" Type="URL" Format="Hyperlink" Required="FALSE" EnforceUniqueValues="FALSE" Indexed="FALSE" Group="$Resources:BNPPI.RE.DocsDSI.portal,Fields_GroupName;" ShowInEditForm="FALSE" ShowInNewForm="FALSE"></Field><Field ID="{AB05E0C1-1C18-4C87-A47D-7720D5A5D2CF}" Name="UrlRunSecurityDocumentFile" DisplayName="$Resources:BNPPI.RE.DocsDSI.portal,Fields_UrlRunSecurityDocumentFileDisplayName;" Type="URL" Format="Hyperlink" Required="FALSE" EnforceUniqueValues="FALSE" Indexed="FALSE" Group="$Resources:BNPPI.RE.DocsDSI.portal,Fields_GroupName;" ShowInEditForm="FALSE" ShowInNewForm="FALSE"></Field><Field ID="{894DC05D-5A20-4DED-A023-1243AF1D9DA7}" Name="UrlRunSupportDocumentationFile" DisplayName="$Resources:BNPPI.RE.DocsDSI.portal,Fields_UrlRunSupportDocumentationFileDisplayName;" Type="URL" Format="Hyperlink" Required="FALSE" EnforceUniqueValues="FALSE" Indexed="FALSE" Group="$Resources:BNPPI.RE.DocsDSI.portal,Fields_GroupName;" ShowInEditForm="FALSE" ShowInNewForm="FALSE"></Field><Field ID="{5BFA5CBA-15FF-437A-8726-E9A514927F96}" Name="UrlRunUserGuideFile" DisplayName="$Resources:BNPPI.RE.DocsDSI.portal,Fields_UrlRunUserGuideFileDisplayName;" Type="URL" Format="Hyperlink" Required="FALSE" EnforceUniqueValues="FALSE" Indexed="FALSE" Group="$Resources:BNPPI.RE.DocsDSI.portal,Fields_GroupName;" ShowInEditForm="FALSE" ShowInNewForm="FALSE"></Field><Field ID="{991faabc-72f6-4c71-a1ed-2291494252f8}" Name="UrlRunOtherDocuments" DisplayName="$Resources:BNPPI.RE.DocsDSI.portal,Fields_UrlRunOtherDocumentsDisplayName;" Type="URL" Format="Hyperlink" Required="FALSE" EnforceUniqueValues="FALSE" Indexed="FALSE" Group="$Resources:BNPPI.RE.DocsDSI.portal,Fields_GroupName;" ShowInEditForm="FALSE" ShowInNewForm="FALSE"></Field></Fields>
		<Views>




			
			
		<View BaseViewID="0" Type="HTML" MobileView="TRUE" TabularView="FALSE">
				<Toolbar Type="Standard" />
				<XslLink Default="TRUE">main.xsl</XslLink>
				<RowLimit Paged="TRUE">30</RowLimit>
				<ViewFields>


					
				<FieldRef Name="LinkTitleNoMenu"></FieldRef></ViewFields>
				<Query>
					<OrderBy>


						
					<FieldRef Name="Modified" Ascending="FALSE"></FieldRef></OrderBy>
				</Query>
				<ParameterBindings>
					<ParameterBinding Name="AddNewAnnouncement" Location="Resource(wss,addnewitem)" />
					<ParameterBinding Name="NoAnnouncements" Location="Resource(wss,noXinviewofY_LIST)" />
					<ParameterBinding Name="NoAnnouncementsHowTo" Location="Resource(wss,noXinviewofY_ONET_HOME)" />
				</ParameterBindings>
			</View><View BaseViewID="1" Type="HTML" WebPartZoneID="Main" DisplayName="$Resources:core,objectiv_schema_mwsidcamlidC24;" DefaultView="TRUE" MobileView="TRUE" MobileDefaultView="TRUE" SetupPath="pages\viewpage.aspx" ImageUrl="/_layouts/15/images/generic.png?rev=23" Url="AllItems.aspx">
				<Toolbar Type="Standard" />
				<XslLink Default="TRUE">main.xsl</XslLink>
				<JSLink>clienttemplates.js</JSLink>
				<RowLimit Paged="TRUE">30</RowLimit>
				<ViewFields>











					
					
					
				<FieldRef Name="LinkTitle"></FieldRef><FieldRef Name="IDApp" /><FieldRef Name="AppDescription" /><FieldRef Name="AppStatus" /><FieldRef Name="AppVersion" /><FieldRef Name="AppInternetFacing" /><FieldRef Name="AppPersonalData" /><FieldRef Name="AppConfidentiality" /><FieldRef Name="AppIntegrity" /><FieldRef Name="AppAvaibility" /><FieldRef Name="AppTraceability" /><FieldRef Name="AppRTO" /><FieldRef Name="AppRPO" /><FieldRef Name="AppLastCIAT" /><FieldRef Name="AppClass" /><FieldRef Name="AppAuthentification" /><FieldRef Name="AppHostingType" /><FieldRef Name="AppCloudServiceModel" /><FieldRef Name="AppHostingProvider" /><FieldRef Name="UrlRunArchitectureSchemeFile" /><FieldRef Name="UrlRunNonRegressionTestsBookFile" /><FieldRef Name="UrlRunSanityCheckApplicationFile" /><FieldRef Name="UrlRunSchemeOfExploitationFile" /><FieldRef Name="UrlRunSchemeOfInstallationFile" /><FieldRef Name="UrlRunSecurityDocumentFile" /><FieldRef Name="UrlRunSupportDocumentationFile" /><FieldRef Name="UrlRunUserGuideFile" /><FieldRef Name="UrlRunOtherDocuments" /></ViewFields>
				<Query>
					<OrderBy>


						
					<FieldRef Name="ID"></FieldRef></OrderBy>
				</Query>
				<ParameterBindings>
					<ParameterBinding Name="NoAnnouncements" Location="Resource(wss,noXinviewofY_LIST)" />
					<ParameterBinding Name="NoAnnouncementsHowTo" Location="Resource(wss,noXinviewofY_DEFAULT)" />
				</ParameterBindings>
			</View></Views>
		<Forms>
			<Form Type="DisplayForm" Url="DispForm.aspx" SetupPath="pages\form.aspx" WebPartZoneID="Main" />
			<Form Type="EditForm" Url="EditForm.aspx" SetupPath="pages\form.aspx" WebPartZoneID="Main" />
			<Form Type="NewForm" Url="NewForm.aspx" SetupPath="pages\form.aspx" WebPartZoneID="Main" />
		</Forms>
	</MetaData>
</List>