﻿<?xml version="1.0" encoding="utf-8"?>
<Elements xmlns="http://schemas.microsoft.com/sharepoint/">
  <!-- Parent ContentType: Workflow Task (SharePoint 2013) (0x0108003365C4474CAE8C42BCE396314E88E51F) -->
  <ContentType ID="0x0108003365C4474CAE8C42BCE396314E88E51F00633CFFAEA6F545AC96AEF8116C8B6A3E" Name="CTOutcomeFirstPhase" Group="Custom Content Types" Description="Content Type for Local Compliance Validation" Inherits="TRUE" Version="0">
    <FieldRefs>
      <RemoveFieldRef ID="{55B29417-1042-47F0-9DFF-CE8156667F96}" Name="TaskOutcome" />
      <FieldRef ID="{e09720b6-b3d3-40c9-86e4-abe1f7bdbd49}" DisplayName="Coi Outcome First Phase" Required="FALSE" Name="CoiOutcomeFirstPhase" />
      <FieldRef ID="{093f1463-eaee-4777-bac2-f645adf4fbad}" DisplayName="Local Compliance Comment" Required="TRUE" Name="LocalComment" />
      <FieldRef ID="{a8fd6447-4f94-462c-9f5d-20e7debc38f8}" DisplayName="Additional Protection Measures" Required="TRUE" Name="AdditionalProtectionMeasures" />
      <FieldRef ID="{9d5dc7e4-a9c9-4ad9-88a1-f39514f1f60b}" DisplayName="Follow Up Measures" Required="TRUE" Name="FollowUpMeasures" />
      <FieldRef ID="{02086460-6918-4132-b728-18047d56fcf0}" DisplayName="Deadline for the follow-up actions" Required="TRUE" Name="DeadlineFollowUp" />
    </FieldRefs>
  </ContentType>
</Elements>