﻿<?xml version="1.0" encoding="utf-8"?>
<Elements xmlns="http://schemas.microsoft.com/sharepoint/">
  <Field
    ID="{781d1f4f-3a45-4eb5-abd9-e823055053a3}"
    Name="ProjectStatus"
    DisplayName="$Resources:BNPPI.RE.DocsDSI.portal,Fields_ProjectStatusDisplayName;"
    Type="Choice"
    Required="True"
    Format="Dropdown"
    FillInChoice="FALSE"
    EnforceUniqueValues="FALSE"
    Group="$Resources:BNPPI.RE.DocsDSI.portal,Fields_GroupName;">

    <CHOICES>
      <CHOICE>En cours</CHOICE>
      <CHOICE>Clôturé</CHOICE>
    </CHOICES>
    <Default>En cours</Default>
  </Field>
</Elements>



