﻿<?xml version="1.0" encoding="utf-8"?>
<Elements xmlns="http://schemas.microsoft.com/sharepoint/">  
  <Field
       ID="{d62c6eae-27ba-405a-b240-15886cf3659a}"
       Name="AppPersonalData"
       DisplayName="$Resources:BNPPI.RE.DocsDSI.portal,Fields_AppPersonalDataDisplayName;"
       Type="Choice"
	   Format="Dropdown"
	   Mult="FALSE"
       Required="TRUE"
	   Group="$Resources:BNPPI.RE.DocsDSI.portal,Fields_GroupName;">
	  <CHOICES>
		  <CHOICE>O</CHOICE>
		  <CHOICE>N</CHOICE>
	  </CHOICES>
	  <Default></Default>
  </Field>
</Elements>
