﻿<?xml version="1.0" encoding="utf-8"?>
<Elements xmlns="http://schemas.microsoft.com/sharepoint/">  
  <Field
       ID="{53de7605-a8e4-48ca-8b0d-f9b3aafcde50}"
       Name="MandateProOutcomeLegalTeam"
       DisplayName="Mandate Pro Outcome Legal Team"
       Type="OutcomeChoice"
       Required="FALSE"
       Group="BNP RE Site Columns">
	  <CHOICES>

		  <CHOICE>Accept</CHOICE>
		  
		  <CHOICE>Accept with reservations</CHOICE>
		  <CHOICE>Reject</CHOICE>
	  </CHOICES>
  </Field>
</Elements>
