﻿<?xml version="1.0" encoding="utf-8"?>
<Elements xmlns="http://schemas.microsoft.com/sharepoint/">  
  <Field
       ID="{9896152e-f7b6-43c2-933b-6ca3d56be2c9}"
       Name="MandateProQGlobalCompliance"
       DisplayName="Mandate Pro Q Global Compliance"
       Type="Text"
       Required="FALSE"
       Group="BNP RE Site Columns">
  </Field>


	<Field
	 ID="{2D8BE951-62D3-4431-831A-D18221B9F865}"
	 Name="MandateProGlobalTeamComment"
	 DisplayName="MandateProGlobalTeamComment"
	 Type="Note"
	 NumLines="6"
	 Required="FALSE"
	 Group="BNP RE Site Columns">
	</Field>

	<Field
	 ID="{5551B866-8099-4124-BD25-7C4CD1D018E8}"
	 Name="MandateProGlobalTeamReservation"
	 DisplayName="MandateProGlobalTeamReservation"
	 Type="Note"
	 NumLines="6"
	 Required="FALSE"
	 Group="BNP RE Site Columns">
	</Field>
	
	 <Field
       ID="{C4D4C2AD-9825-419B-82FC-C5EE38B59D8F}"
       Name="MandateProOutcomeGlobalTeam"
       DisplayName="Mandate Pro Outcome Global Team"
       Type="OutcomeChoice"
       Required="FALSE"
       Group="BNP RE Site Columns">
	  <CHOICES>
		  <CHOICE>Accept</CHOICE>		
		  <CHOICE>Accept with reservations</CHOICE>
		  <CHOICE>Reject</CHOICE>
	  </CHOICES>
  </Field>
	
	
</Elements>
