﻿<?xml version="1.0" encoding="utf-8"?>
<List xmlns:ows="Microsoft SharePoint" Title="ListCOI" FolderCreation="FALSE" Direction="$Resources:Direction;" Url="Lists/ListCOI" BaseType="0" xmlns="http://schemas.microsoft.com/sharepoint/" EnableContentTypes="TRUE">
  <MetaData>
    <ContentTypes>
      
      
    <ContentType ID="0x0100ae92d7de02a240b6917b331ea0019e6b" Name="ListFieldsContentType"><FieldRefs><FieldRef ID="{fa564e0f-0c70-4ab9-b863-0177e6ddd247}" Name="Title" /><FieldRef ID="{3f41f64b-cb0f-4824-9e5c-0a0c7a1b4fb9}" Name="CoiQ1" /><FieldRef ID="{b5a905a4-62dd-466f-bc8e-67ff13d71b51}" Name="CoiQ2" /><FieldRef ID="{38918fb5-8c8a-4f7a-aec1-fe643d674f61}" Name="CoiQ3" /><FieldRef ID="{a6d80fdf-ea08-45c6-aef8-ccad56864c6a}" Name="CoiQ4" /><FieldRef ID="{2e6ee1c1-ed57-461f-bd44-019c049e8a60}" Name="CoiQ5" /><FieldRef ID="{e3286a6e-81bc-4c11-a3cb-b9b535e13987}" Name="CoiQ6" /><FieldRef ID="{dd014faa-28e2-4abc-aa78-b2ce5081268d}" Name="CoiQ7" /><FieldRef ID="{e1b0f4fa-5bd2-49c3-a0d1-538234c61721}" Name="CoiQ8" /><FieldRef ID="{508b23a2-ca40-4a9c-9860-2edfd4e54cd4}" Name="CoiQManager" /><FieldRef ID="{b14fb15b-5c92-4caa-8df1-ec276878c639}" Name="CoiQLocalCompliance" /><FieldRef ID="{2a2140db-9b7b-4050-893e-68ebbabd8418}" Name="CoiQGlobalCompliance" /><FieldRef ID="{bea4f129-1ee9-4013-9fff-530dc61c396e}" Name="CoiQDescription" /><FieldRef ID="{19fb5fef-1acf-484f-89ce-41c055abda7b}" Name="CoiQLanguage" /><FieldRef ID="{c7848d6a-992f-44c8-80d5-0fe4d0348a84}" Name="CoiQLocalCountry" /><FieldRef ID="{c91f0324-de9a-456f-b33e-587e84c88c0c}" Name="CoiQ3rdParty" /><FieldRef ID="{2e32fd20-15b6-41e1-82a8-5b8626f0e1dc}" Name="CoiQExplain" /><FieldRef ID="{093f1463-eaee-4777-bac2-f645adf4fbad}" Name="LocalComment" /><FieldRef ID="{a8fd6447-4f94-462c-9f5d-20e7debc38f8}" Name="AdditionalProtectionMeasures" /><FieldRef ID="{9d5dc7e4-a9c9-4ad9-88a1-f39514f1f60b}" Name="FollowUpMeasures" /><FieldRef ID="{02086460-6918-4132-b728-18047d56fcf0}" Name="DeadlineFollowUp" /><FieldRef ID="{02a30a97-d42e-488b-a201-ce54b7a6b583}" Name="ManagerComment" /><FieldRef ID="{f28fef21-9fa8-4760-b38d-ccc7aab39805}" Name="GlobalComment" /><FieldRef ID="{fd582fe8-0a8d-4f24-880a-8c749cc17b56}" Name="CoiGlobalAdditionalProtection" /><FieldRef ID="{13c51f6f-a2b7-4002-80d9-f803ccbf818b}" Name="CoiGlobalDeadline" /><FieldRef ID="{17d8f7c1-07f1-400b-bf23-892b5bfa1de3}" Name="CoiGlobalFollowUp" /><FieldRef ID="{5211afb7-3a70-4647-b476-82b26e8bdaa5}" Name="RefEPId" /></FieldRefs></ContentType><ContentType ID="0x01003AB6F057549B44C997F4BF96BFC60F3E" Name="CTForCoiList" Group="Custom Content Types" Description="My Content Type" Inherits="TRUE" Version="0"><FieldRefs><FieldRef ID="{3f41f64b-cb0f-4824-9e5c-0a0c7a1b4fb9}" DisplayName="$Resources:bnp,COI_Form_Type_of_conflict;" Required="FALSE" Name="CoiQ1" /><FieldRef ID="{b5a905a4-62dd-466f-bc8e-67ff13d71b51}" DisplayName="$Resources:bnp,COI_Form_Date;" Required="FALSE" Name="CoiQ2" /><FieldRef ID="{38918fb5-8c8a-4f7a-aec1-fe643d674f61}" DisplayName="$Resources:bnp,COI_Form_Q3;" Required="FALSE" Name="CoiQ3" /><FieldRef ID="{a6d80fdf-ea08-45c6-aef8-ccad56864c6a}" DisplayName="$Resources:bnp,COI_Form_Q4" Required="FALSE" Name="CoiQ4" /><FieldRef ID="{2e6ee1c1-ed57-461f-bd44-019c049e8a60}" DisplayName="$Resources:bnp,COI_Form_Q5;" Required="FALSE" Name="CoiQ5" /><FieldRef ID="{e3286a6e-81bc-4c11-a3cb-b9b535e13987}" DisplayName="$Resources:bnp, COI_Form_Q6" Required="FALSE" Name="CoiQ6" /><FieldRef ID="{dd014faa-28e2-4abc-aa78-b2ce5081268d}" DisplayName="$Resources:bnp, COI_Form_Q7;" Required="FALSE" Name="CoiQ7" /><FieldRef ID="{e1b0f4fa-5bd2-49c3-a0d1-538234c61721}" DisplayName="$Resources:bnp, COI_Form_Q8;" Required="FALSE" Name="CoiQ8" /><FieldRef ID="{508b23a2-ca40-4a9c-9860-2edfd4e54cd4}" DisplayName="Coi Q Manager" Required="FALSE" Name="CoiQManager" /><FieldRef ID="{b14fb15b-5c92-4caa-8df1-ec276878c639}" DisplayName="Coi Q Local Compliance" Required="FALSE" Name="CoiQLocalCompliance" ShowInDisplayForm="FALSE" /><FieldRef ID="{2a2140db-9b7b-4050-893e-68ebbabd8418}" DisplayName="Coi Q Global Compliance" Required="FALSE" Name="CoiQGlobalCompliance" ShowInDisplayForm="FALSE" /><FieldRef ID="{bea4f129-1ee9-4013-9fff-530dc61c396e}" DisplayName="Coi Q Description" Required="FALSE" Name="CoiQDescription" /><FieldRef ID="{19fb5fef-1acf-484f-89ce-41c055abda7b}" DisplayName="Coi Q Language" Required="FALSE" Name="CoiQLanguage" ShowInDisplayForm="FALSE" /><FieldRef ID="{c7848d6a-992f-44c8-80d5-0fe4d0348a84}" DisplayName="Coi Q Local Country" Required="FALSE" Name="CoiQLocalCountry" ShowInDisplayForm="FALSE" /><FieldRef ID="{c91f0324-de9a-456f-b33e-587e84c88c0c}" DisplayName="Coi Q 3 rd Party" Required="FALSE" Name="CoiQ3rdParty" /><FieldRef ID="{2e32fd20-15b6-41e1-82a8-5b8626f0e1dc}" DisplayName="Coi Q Explain" Required="FALSE" Name="CoiQExplain" /><FieldRef ID="{093f1463-eaee-4777-bac2-f645adf4fbad}" DisplayName="Local Compliance Comment" Required="FALSE" Name="LocalComment" /><FieldRef ID="{a8fd6447-4f94-462c-9f5d-20e7debc38f8}" DisplayName="Additional Protection Measures" Required="FALSE" Name="AdditionalProtectionMeasures" /><FieldRef ID="{9d5dc7e4-a9c9-4ad9-88a1-f39514f1f60b}" DisplayName="Follow Up Measures" Required="FALSE" Name="FollowUpMeasures" /><FieldRef ID="{02086460-6918-4132-b728-18047d56fcf0}" DisplayName="Deadline for the follow-up actions" Required="FALSE" Name="DeadlineFollowUp" /><FieldRef ID="{02a30a97-d42e-488b-a201-ce54b7a6b583}" DisplayName="Manager Comment" Required="FALSE" Name="ManagerComment" /><FieldRef ID="{f28fef21-9fa8-4760-b38d-ccc7aab39805}" DisplayName="Global Comment" Required="FALSE" Name="GlobalComment" /><FieldRef ID="{fd582fe8-0a8d-4f24-880a-8c749cc17b56}" DisplayName="Coi Global Additional Protection" Required="FALSE" Name="CoiGlobalAdditionalProtection" /><FieldRef ID="{13c51f6f-a2b7-4002-80d9-f803ccbf818b}" DisplayName="Coi Global Deadline" Required="FALSE" Name="CoiGlobalDeadline" /><FieldRef ID="{17d8f7c1-07f1-400b-bf23-892b5bfa1de3}" DisplayName="Coi Global Follow Up" Required="FALSE" Name="CoiGlobalFollowUp" /><FieldRef ID="{5211afb7-3a70-4647-b476-82b26e8bdaa5}" Name="RefEPId" DisplayName="Ref EP Id" Required="FALSE" ShowInDisplayForm="FALSE" /></FieldRefs></ContentType></ContentTypes>
    <Fields>
      
    <Field ID="{fa564e0f-0c70-4ab9-b863-0177e6ddd247}" Type="Text" Name="Title" DisplayName="$Resources:core,Title;" Required="TRUE" SourceID="http://schemas.microsoft.com/sharepoint/v3" StaticName="Title" MaxLength="255" /><Field ID="{3f41f64b-cb0f-4824-9e5c-0a0c7a1b4fb9}" Name="CoiQ1" DisplayName="$Resources:bnp,COI_Form_Type_of_conflict;" Type="Text" Required="FALSE" Group="BNP RE Site Columns"></Field><Field ID="{b5a905a4-62dd-466f-bc8e-67ff13d71b51}" Name="CoiQ2" DisplayName="$Resources:bnp,COI_Form_Date;" Type="Text" Required="FALSE" Group="BNP RE Site Columns"></Field><Field ID="{38918fb5-8c8a-4f7a-aec1-fe643d674f61}" Name="CoiQ3" DisplayName="$Resources:bnp,COI_Form_Q3;" Type="Text" Required="FALSE" Group="BNP RE Site Columns"></Field><Field ID="{a6d80fdf-ea08-45c6-aef8-ccad56864c6a}" Name="CoiQ4" DisplayName="$Resources:bnp,COI_Form_Q4" Type="Text" Required="FALSE" Group="BNP RE Site Columns"></Field><Field ID="{2e6ee1c1-ed57-461f-bd44-019c049e8a60}" Name="CoiQ5" DisplayName="$Resources:bnp,COI_Form_Q5;" Type="Text" Required="FALSE" Group="BNP RE Site Columns"></Field><Field ID="{e3286a6e-81bc-4c11-a3cb-b9b535e13987}" Name="CoiQ6" DisplayName="$Resources:bnp, COI_Form_Q6" Type="Text" Required="FALSE" Group="BNP RE Site Columns"></Field><Field ID="{dd014faa-28e2-4abc-aa78-b2ce5081268d}" Name="CoiQ7" DisplayName="$Resources:bnp, COI_Form_Q7;" Type="Text" Required="FALSE" Group="BNP RE Site Columns"></Field><Field ID="{e1b0f4fa-5bd2-49c3-a0d1-538234c61721}" Name="CoiQ8" DisplayName="$Resources:bnp, COI_Form_Q8;" Type="Text" Required="FALSE" Group="BNP RE Site Columns"></Field><Field ID="{508b23a2-ca40-4a9c-9860-2edfd4e54cd4}" Name="CoiQManager" DisplayName="Coi Q Manager" Type="Text" Required="FALSE" Group="BNP RE Site Columns"></Field><Field ID="{b14fb15b-5c92-4caa-8df1-ec276878c639}" Name="CoiQLocalCompliance" DisplayName="Coi Q Local Compliance" Type="Text" Required="FALSE" Group="BNP RE Site Columns" ShowInDisplayForm="FALSE"></Field><Field ID="{2a2140db-9b7b-4050-893e-68ebbabd8418}" Name="CoiQGlobalCompliance" DisplayName="Coi Q Global Compliance" Type="Text" Required="FALSE" Group="BNP RE Site Columns" ShowInDisplayForm="FALSE"></Field><Field ID="{bea4f129-1ee9-4013-9fff-530dc61c396e}" Name="CoiQDescription" DisplayName="Coi Q Description" Type="Note" NumLines="6" Required="FALSE" Group="BNP RE Site Columns"></Field><Field ID="{19fb5fef-1acf-484f-89ce-41c055abda7b}" Name="CoiQLanguage" DisplayName="Coi Q Language" Type="Text" Required="FALSE" Group="BNP RE Site Columns" ShowInDisplayForm="FALSE"></Field><Field ID="{c7848d6a-992f-44c8-80d5-0fe4d0348a84}" Name="CoiQLocalCountry" DisplayName="Coi Q Local Country" Type="Text" Required="FALSE" Group="BNP RE Site Columns" ShowInDisplayForm="FALSE"></Field><Field ID="{c91f0324-de9a-456f-b33e-587e84c88c0c}" Name="CoiQ3rdParty" DisplayName="Coi Q 3 rd Party" Type="Text" Required="FALSE" Group="BNP RE Site Columns"></Field><Field ID="{2e32fd20-15b6-41e1-82a8-5b8626f0e1dc}" Name="CoiQExplain" DisplayName="Coi Q Explain" Type="Text" Required="FALSE" Group="BNP RE Site Columns"></Field><Field ID="{093f1463-eaee-4777-bac2-f645adf4fbad}" Name="LocalComment" DisplayName="Local Compliance Comment" Type="Note" NumLines="6" Required="FALSE" Group="BNP RE Site Columns"></Field><Field ID="{a8fd6447-4f94-462c-9f5d-20e7debc38f8}" Name="AdditionalProtectionMeasures" DisplayName="Additional Protection Measures" Type="Note" NumLines="6" Required="FALSE" Group="BNP RE Site Columns"></Field><Field ID="{9d5dc7e4-a9c9-4ad9-88a1-f39514f1f60b}" Name="FollowUpMeasures" DisplayName="Follow Up Measures" Type="Note" NumLines="6" Required="FALSE" Group="BNP RE Site Columns"></Field><Field ID="{02086460-6918-4132-b728-18047d56fcf0}" Name="DeadlineFollowUp" DisplayName="Deadline for the follow-up actions" Type="DateTime" Format="DateOnly" Required="FALSE" Group="BNP RE Site Columns"></Field><Field ID="{02a30a97-d42e-488b-a201-ce54b7a6b583}" Name="ManagerComment" DisplayName="Manager Comment" Type="Note" NumLines="6" Required="FALSE" Group="BNP RE Site Columns"></Field><Field ID="{f28fef21-9fa8-4760-b38d-ccc7aab39805}" Name="GlobalComment" DisplayName="Global Comment" Type="Note" NumLines="6" Required="FALSE" Group="BNP RE Site Columns"></Field><Field ID="{fd582fe8-0a8d-4f24-880a-8c749cc17b56}" Name="CoiGlobalAdditionalProtection" DisplayName="Coi Global Additional Protection" Type="Note" NumLines="6" Required="FALSE" Group="BNP RE Site Columns"></Field><Field ID="{13c51f6f-a2b7-4002-80d9-f803ccbf818b}" Name="CoiGlobalDeadline" DisplayName="Coi Global Deadline" Type="DateTime" Format="DateOnly" Required="FALSE" Group="BNP RE Site Columns"></Field><Field ID="{17d8f7c1-07f1-400b-bf23-892b5bfa1de3}" Name="CoiGlobalFollowUp" DisplayName="Coi Global Follow Up" Type="Note" NumLines="6" Required="FALSE" Group="BNP RE Site Columns"></Field><Field ID="{5211afb7-3a70-4647-b476-82b26e8bdaa5}" Name="RefEPId" DisplayName="Ref EP Id" Type="Number" Required="FALSE" Group="BNP RE Site Columns" ShowInDisplayForm="FALSE" /></Fields>
    <Views>
      
      
    <View BaseViewID="0" Type="HTML" MobileView="TRUE" TabularView="FALSE">
        <Toolbar Type="Standard" />
        <XslLink Default="TRUE">main.xsl</XslLink>
        <RowLimit Paged="TRUE">30</RowLimit>
        <ViewFields>
          
        <FieldRef Name="LinkTitleNoMenu"></FieldRef></ViewFields>
        <Query>
          <OrderBy>
            
          <FieldRef Name="Modified" Ascending="FALSE"></FieldRef></OrderBy>
        </Query>
        <ParameterBindings>
          <ParameterBinding Name="AddNewAnnouncement" Location="Resource(wss,addnewitem)" />
          <ParameterBinding Name="NoAnnouncements" Location="Resource(wss,noXinviewofY_LIST)" />
          <ParameterBinding Name="NoAnnouncementsHowTo" Location="Resource(wss,noXinviewofY_ONET_HOME)" />
        </ParameterBindings>
      </View><View BaseViewID="1" Type="HTML" WebPartZoneID="Main" DisplayName="$Resources:core,objectiv_schema_mwsidcamlidC24;" DefaultView="TRUE" MobileView="TRUE" MobileDefaultView="TRUE" SetupPath="pages\viewpage.aspx" ImageUrl="/_layouts/15/images/generic.png?rev=23" Url="AllItems.aspx">
        <Toolbar Type="Standard" />
        <XslLink Default="TRUE">main.xsl</XslLink>
        <JSLink>clienttemplates.js</JSLink>
        <RowLimit Paged="TRUE">30</RowLimit>
        <ViewFields>
          
        <FieldRef Name="LinkTitle"></FieldRef><FieldRef Name="CoiQ1" /><FieldRef Name="CoiQ2" /><FieldRef Name="CoiQ3" /><FieldRef Name="CoiQ4" /><FieldRef Name="CoiQ5" /><FieldRef Name="CoiQ6" /><FieldRef Name="CoiQ7" /><FieldRef Name="CoiQ8" /><FieldRef Name="CoiQManager" /><FieldRef Name="CoiQLocalCompliance" /><FieldRef Name="CoiQGlobalCompliance" /><FieldRef Name="CoiQDescription" /><FieldRef Name="CoiQLanguage" /><FieldRef Name="CoiQLocalCountry" /><FieldRef Name="CoiQ3rdParty" /><FieldRef Name="CoiQExplain" /><FieldRef Name="LocalComment" /><FieldRef Name="AdditionalProtectionMeasures" /><FieldRef Name="FollowUpMeasures" /><FieldRef Name="DeadlineFollowUp" /><FieldRef Name="ManagerComment" /><FieldRef Name="GlobalComment" /><FieldRef Name="CoiGlobalAdditionalProtection" /><FieldRef Name="CoiGlobalDeadline" /><FieldRef Name="CoiGlobalFollowUp" /><FieldRef Name="RefEPId" /></ViewFields>
        <Query>
          <OrderBy>
            
          <FieldRef Name="ID"></FieldRef></OrderBy>
        </Query>
        <ParameterBindings>
          <ParameterBinding Name="NoAnnouncements" Location="Resource(wss,noXinviewofY_LIST)" />
          <ParameterBinding Name="NoAnnouncementsHowTo" Location="Resource(wss,noXinviewofY_DEFAULT)" />
        </ParameterBindings>
      </View></Views>
    <Forms>
      <Form Type="DisplayForm" Url="DispForm.aspx" SetupPath="pages\form.aspx" WebPartZoneID="Main" />
      <Form Type="EditForm" Url="EditForm.aspx" SetupPath="pages\form.aspx" WebPartZoneID="Main" />
      <Form Type="NewForm" Url="NewForm.aspx" SetupPath="pages\form.aspx" WebPartZoneID="Main" />
    </Forms>
  </MetaData>
</List>