﻿<?xml version="1.0" encoding="utf-8"?>
<Elements xmlns="http://schemas.microsoft.com/sharepoint/">
	<Module Name="Style Library"
			Url="Style Library"
			Path="" >

		<File Path="HomePage\SiteAssets\js\home.js"
			  Url="DocsDSI/HomePage/SiteAssets/js/home.js"
			  Type="GhostableInLibrary" />

		<File Path="HomePage\SiteAssets\html\home.html"
			  Url="DocsDSI/HomePage/SiteAssets/html/home.html"
			  Type="GhostableInLibrary" />

		<File Path="HomePage\SiteAssets\html\latestdocs.html"
			  Url="DocsDSI/HomePage/SiteAssets/html/latestdocs.html"
			  Type="GhostableInLibrary" />

		<File Path="HomePage\SiteAssets\js\latestdocs.js"
			  Url="DocsDSI/HomePage/SiteAssets/js/latestdocs.js"
			  Type="GhostableInLibrary" />

		<File Path="HomePage\SiteAssets\images\project.png"
			  Url="DocsDSI/HomePage/SiteAssets/images/project.png"
			  Type="GhostableInLibrary" />

		<File Path="HomePage\SiteAssets\images\apps.png"
			  Url="DocsDSI/HomePage/SiteAssets/images/apps.png"
			  Type="GhostableInLibrary" />

		<File Path="HomePage\SiteAssets\images\template-library.png" 
			  Url="DocsDSI/HomePage/SiteAssets/images/template-library.png" 
			  Type="GhostableInLibrary" />
		
		<File Path="HomePage\SiteAssets\images\reference-documents.png" 
			  Url="DocsDSI/HomePage/SiteAssets/images/reference-documents.png" 
			  Type="GhostableInLibrary" />
		
		<File Path="HomePage\SiteAssets\images\general-Informations.png"
			  Url="DocsDSI/HomePage/SiteAssets/images/general-Informations.png" 
			  Type="GhostableInLibrary" />
		
		<File Path="HomePage\SiteAssets\images\check-in-out.png" 
			  Url="DocsDSI/HomePage/SiteAssets/images/check-in-out.png" 
			  Type="GhostableInLibrary" />
		
		<File Path="HomePage\SiteAssets\images\application-mapping.png"
			  Url="DocsDSI/HomePage/SiteAssets/images/application-mapping.png"
			  Type="GhostableInLibrary" />
		
	</Module>

	<Module Name="HomePage"
			Url="Pages">
		<File Path="HomePage\HomePage.aspx"
		   Url="HomePage.aspx"
		   Type="GhostableInLibrary"
		   IgnoreIfAlreadyExists="True"
		   NavBarHome="False">

			<AllUsersWebPart WebPartZoneID="webPartZone1"
							 WebPartOrder="1">

				<![CDATA[
                 <?xml version="1.0" encoding="utf-8"?>
              <WebPart xmlns:xsi="http://www.w3.org/2001/XMLSchema-instance" xmlns:xsd="http://www.w3.org/2001/XMLSchema" xmlns="http://schemas.microsoft.com/WebPart/v2">
              <Title>Content Editor</Title>
              <FrameType>None</FrameType>
              <Description>Allows authors to enter rich text content.</Description>
              <IsIncluded>true</IsIncluded>
              <ZoneID>Body</ZoneID>
              <PartOrder>0</PartOrder>
              <FrameState>Normal</FrameState>
              <Height />
              <Width />
              <AllowRemove>true</AllowRemove>
              <AllowZoneChange>true</AllowZoneChange>
              <AllowMinimize>true</AllowMinimize>
              <AllowConnect>true</AllowConnect>
              <AllowEdit>true</AllowEdit>
              <AllowHide>true</AllowHide>
              <IsVisible>true</IsVisible>
              <DetailLink />
              <HelpLink />
              <HelpMode>Modeless</HelpMode>
              <Dir>Default</Dir>
              <PartImageSmall />
              <MissingAssembly>Cannot import this Web Part.</MissingAssembly>
              <PartImageLarge>/_layouts/images/mscontl.gif</PartImageLarge>
              <IsIncludedFilter>;;;;Initiator,Vetting Support Team</IsIncludedFilter>
              <Assembly>Microsoft.SharePoint, Version=14.0.0.0, Culture=neutral, PublicKeyToken=71e9bce111e9429c</Assembly>
              <TypeName>Microsoft.SharePoint.WebPartPages.ContentEditorWebPart</TypeName>
              <ContentLink xmlns="http://schemas.microsoft.com/WebPart/v2/ContentEditor">/sites/DocsDSI/Style Library/DocsDSI/HomePage/SiteAssets/html/latestdocs.html</ContentLink>
              <Content xmlns="http://schemas.microsoft.com/WebPart/v2/ContentEditor" />
              <PartStorage xmlns="http://schemas.microsoft.com/WebPart/v2/ContentEditor" />
            </WebPart>
        ]]>
			</AllUsersWebPart>


			<AllUsersWebPart WebPartZoneID="wpzMyZone"
							 WebPartOrder="2">

				<![CDATA[
                 <?xml version="1.0" encoding="utf-8"?>
              <WebPart xmlns:xsi="http://www.w3.org/2001/XMLSchema-instance" xmlns:xsd="http://www.w3.org/2001/XMLSchema" xmlns="http://schemas.microsoft.com/WebPart/v2">
              <Title>Content Editor</Title>
              <FrameType>None</FrameType>
              <Description>Allows authors to enter rich text content.</Description>
              <IsIncluded>true</IsIncluded>
              <ZoneID>Body</ZoneID>
              <PartOrder>0</PartOrder>
              <FrameState>Normal</FrameState>
              <Height />
              <Width />
              <AllowRemove>true</AllowRemove>
              <AllowZoneChange>true</AllowZoneChange>
              <AllowMinimize>true</AllowMinimize>
              <AllowConnect>true</AllowConnect>
              <AllowEdit>true</AllowEdit>
              <AllowHide>true</AllowHide>
              <IsVisible>true</IsVisible>
              <DetailLink />
              <HelpLink />
              <HelpMode>Modeless</HelpMode>
              <Dir>Default</Dir>
              <PartImageSmall />
              <MissingAssembly>Cannot import this Web Part.</MissingAssembly>
              <PartImageLarge>/_layouts/images/mscontl.gif</PartImageLarge>
              <IsIncludedFilter>;;;;Initiator,Vetting Support Team</IsIncludedFilter>
              <Assembly>Microsoft.SharePoint, Version=14.0.0.0, Culture=neutral, PublicKeyToken=71e9bce111e9429c</Assembly>
              <TypeName>Microsoft.SharePoint.WebPartPages.ContentEditorWebPart</TypeName>
              <ContentLink xmlns="http://schemas.microsoft.com/WebPart/v2/ContentEditor">/sites/DocsDSI/Style Library/DocsDSI/HomePage/SiteAssets/html/home.html</ContentLink>
              <Content xmlns="http://schemas.microsoft.com/WebPart/v2/ContentEditor" />
              <PartStorage xmlns="http://schemas.microsoft.com/WebPart/v2/ContentEditor" />
            </WebPart>
        ]]>
			</AllUsersWebPart>
		</File>
	</Module>
</Elements>
