﻿<?xml version="1.0" encoding="utf-8"?>
<Elements xmlns="http://schemas.microsoft.com/sharepoint/">  
  <Field
       ID="{8eabd117-412d-4abb-9e3f-291b91430f98}"
       Name="AppHostingType"
           DisplayName="$Resources:BNPPI.RE.DocsDSI.portal,Fields_AppHostingTypeDisplayName;"
       Type="Choice"
	   Format="Dropdown"
	   Mult="FALSE"
       Required="TRUE"
	   Group="$Resources:BNPPI.RE.DocsDSI.portal,Fields_GroupName;">
	  <CHOICES>
		  <CHOICE>Internal</CHOICE>
		  <CHOICE>External</CHOICE>
	  </CHOICES>
	  <Default></Default>
  </Field>
</Elements>
