﻿<?xml version="1.0" encoding="utf-8"?>
<Elements xmlns="http://schemas.microsoft.com/sharepoint/">  
  <Field
       ID="{0bd6a344-ed42-4127-8a5c-8c64cf76d3cc}"
       Name="AppConfidentiality"
     DisplayName="$Resources:BNPPI.RE.DocsDSI.portal,Fields_AppConfidentialityDisplayName;"
       Type="Choice"
	   Format="Dropdown"
	   Mult="FALSE"
       Required="TRUE"
	   Group="$Resources:BNPPI.RE.DocsDSI.portal,Fields_GroupName;">
	  <CHOICES>
		  <CHOICE>1 – Public</CHOICE>
		  <CHOICE>2 – Internal</CHOICE>
		  <CHOICE>3 – Confidential</CHOICE>
		  <CHOICE>4 – Secret</CHOICE>
	  </CHOICES>
	  <Default></Default>
  </Field>
</Elements>
