﻿<?xml version="1.0" encoding="utf-8"?>
<Elements xmlns="http://schemas.microsoft.com/sharepoint/">  
  <Field
       ID="{64553f5c-71f8-40bb-ade0-416162b53497}"
       Name="AppAvaibility"
       DisplayName="$Resources:BNPPI.RE.DocsDSI.portal,Fields_AppAvaibilityDisplayName;"
       Type="Choice"
	   Format="Dropdown"
	   Mult="FALSE"
       Required="TRUE"
	   Group="$Resources:BNPPI.RE.DocsDSI.portal,Fields_GroupName;">
	  <CHOICES>
		  <CHOICE>1 -  Minimum Service</CHOICE>
		  <CHOICE>2 -  Medium</CHOICE>
		  <CHOICE>3 - Strong</CHOICE>
		  <CHOICE>4 -  No unavailability tolerated</CHOICE>
	
	  </CHOICES>
	  <Default></Default>
  </Field>
</Elements>
