﻿<?xml version="1.0" encoding="utf-8"?>
<Elements xmlns="http://schemas.microsoft.com/sharepoint/">  
  <Field
       ID="{930bf974-521c-44d2-9ca4-3ff005d035e4}"
       Name="ObiDeadlineFollowUp"
       DisplayName="Obi Deadline Follow Up"
       Type="DateTime"
       Format="DateOnly"
       Required="FALSE"
       Group="BNP RE Site Columns">
  </Field>

	<Field
       ID="{90D5E77F-0642-4E54-BC22-427F95E2B229}"
       Name="Actif"
       DisplayName="Actif"
       Type="Boolean"
       Required="FALSE"
       Group="BNP RE Site Columns">
		<Default>1</Default>
	</Field>

	<Field
	  ID="{DB883F20-9334-4135-BDA0-78B9B452E6DC}"
	  Name="UpdateOBI"
	  DisplayName="Update OBI"
	  Type="Note"
	  NumLines="6"
	  Required="FALSE"
	  Group="BNP RE Site Columns">
	</Field>


	<Field
	  ID="{A5B89EEB-D425-42DA-9E95-09E571BCC90A}"
	  Name="OldRef"
	  DisplayName="Old Ref"
	  Type="URL"
	  Required="FALSE"
	  Group="BNP RE Site Columns">
	</Field>


	<Field
	  ID="{1EC99EA4-E19E-4DDA-B370-116CD0FED6FD}"
	  Name="WorkflowStatus"
	  DisplayName="WorkflowStatus"
	  Type="Text"
	  Required="FALSE"
	  Group="BNP RE Site Columns">
	</Field>

	<Field
	  ID="{489C48AB-1790-456D-9A44-ADC0C862598C}"
	  Name="ManagerCOI"
	  DisplayName="ManagerCOI"
	  Type="Boolean"
	  Required="FALSE"
	  Group="BNP RE Site Columns">
		<Default>1</Default>
	</Field>

	<Field
	  ID="{94F19A05-D691-4F19-8106-FDAD90ABA469}"
	  Name="ManagerCOIComment"
	  DisplayName="ManagerCOIComment"
	  Type="Note"
	  NumLines="6"
	  Required="FALSE"
	  Group="BNP RE Site Columns">
	</Field>


	<Field
	  ID="{1688E398-9F0B-4A61-AD19-D86488D79977}"
	  Name="LocalcomplianceCOI"
	  DisplayName="LocalcomplianceCOI"
	  Type="Boolean"
	  Required="FALSE"
	  Group="BNP RE Site Columns">
		<Default>1</Default>
	</Field>

	<Field
	  ID="{5CB92F21-1564-4420-89F1-52E26D874179}"
	  Name="LocalComplianceCOIComment"
	  DisplayName="LocalComplianceCOIComment"
	  Type="Note"
	  NumLines="6"
	  Required="FALSE"
	  Group="BNP RE Site Columns">
	</Field>

	<Field
		  ID="{AF07DB85-6B3A-482A-9948-2FF8BF50F67F}"
		  Name="GlobalComplianceCOI"
		  DisplayName="GlobalComplianceCOI"
		  Type="Boolean"
		  Required="FALSE"
		  Group="BNP RE Site Columns">
		<Default>1</Default>
	</Field>

	<Field
	  ID="{2BB19586-B962-484C-B7C1-9F8A02015DEC}"
	  Name="GlobalComplianceCOIComment"
	  DisplayName="GlobalComplianceCOIComment"
	  Type="Note"
	  NumLines="6"
	  Required="FALSE"
	  Group="BNP RE Site Columns">
	</Field>

	<Field
	  ID="{C56D4DAD-0039-4237-AB35-BD520931B65A}"
	  Name="OBITypeList"
	  DisplayName="OBITypeList"
	  Type="Choice"
	  Required="FALSE"
	  Group="BNP RE Site Columns">
		<CHOICES>
			<CHOICE>PER - Personal Mandate / Office</CHOICE>
			<CHOICE>PRO - Profesionnal Mandate / Office</CHOICE>
			<CHOICE>UDF - OBI / External activities</CHOICE>
		</CHOICES>
	</Field>

	<Field
	  ID="{DFBC3EC1-4E7F-4487-B882-788AD0285921}"
	  Name="OBISubTypeList"
	  DisplayName="OBISubTypeList"
	  Type="Choice"
	  Required="FALSE"
	  Group="BNP RE Site Columns">
		<CHOICES>
			<CHOICE>PI - Private investment</CHOICE>
			<CHOICE>Public Office / Mandates</CHOICE>
			<CHOICE>UDF - Other</CHOICE>
		</CHOICES>
	</Field>

	<Field
	  ID="{37B277AE-6612-44E1-AAE7-103D96DA2940}"
	  Name="ObiQ2_4"
	  DisplayName="$Resources:bnp,Obi_Q2_4;"
	  Type="Text"
	  Required="FALSE"
	  Group="BNP RE Site Columns">
	</Field>


	<Field
	  ID="{A1A633EC-EFEE-4C01-926A-D97F96D254D3}"
	  Name="ObiQ41"
	  DisplayName="$Resources:bnp,OBI_Q4_1;"
	  Type="Text"
	  Required="FALSE"
	  Group="BNP RE Site Columns">
	</Field>

	<Field
	  ID="{21F06461-EC5B-415C-BD1A-4A0CC7E75460}"
	  Name="ObiQ4_1_1"
	  DisplayName="$Resources:bnp,Obi_Q4_1_1;"
	  Type="Text"
	  Required="FALSE"
	  Group="BNP RE Site Columns">
	</Field>
	
	
</Elements>
