﻿<?xml version="1.0" encoding="utf-8"?>
<List xmlns:ows="Microsoft SharePoint" Title="PESensibility" FolderCreation="FALSE" Direction="$Resources:Direction;" Url="Lists/PESensibility" BaseType="0" xmlns="http://schemas.microsoft.com/sharepoint/" EnableContentTypes="TRUE">
  <MetaData>
    <ContentTypes>
      
      
    <ContentType ID="0x0100FCD00A731EAD4330B5376A9F6683C496" Name="SensibilityCT" Group="BNPPRE Sensibility Content Types" Description="Content Type for Sensibility" Inherits="TRUE" Version="0"><FieldRefs><FieldRef ID="{1F588968-A866-4290-AD6F-ED3079C09E6E}" Name="PERefPays" DisplayName="Compliance" Required="FALSE" /><FieldRef ID="{b332573e-01de-4106-947a-298ac0601b6e}" Name="PECategory" DisplayName="Category" Required="FALSE" /><FieldRef ID="{18A2BAA6-83FB-42B5-A479-0AEACD4F7B31}" Name="PESubcategory" DisplayName="Sub-category" Required="FALSE" /><FieldRef ID="{235C7B9D-8410-4D63-A076-E3A6219F0E4B}" Name="SensiDescription" DisplayName="Description" Required="FALSE" /><FieldRef ID="{BAF9289A-E1B6-472C-A93A-21DFAB2DEF1D}" Name="PESensibility" DisplayName="Professional Ethic Sensibility" Required="FALSE" /><FieldRef ID="{34EC291C-51D2-41DC-8D34-BC70EC04CB0C}" Name="PTSensibility" DisplayName="Personal Transaction Sensibility" Required="FALSE" /><FieldRef ID="{99EB109E-632A-47ED-82AA-06DA34CFD423}" Name="GlobalJobCode" DisplayName="Global job code" Required="FALSE" /><FieldRef ID="{A94F6629-FD02-41EC-AAF9-80ED0518605F}" Name="LocalJobCode" DisplayName="Local job code" Required="FALSE" /></FieldRefs></ContentType></ContentTypes>
    <Fields>
      
    <Field ID="{fa564e0f-0c70-4ab9-b863-0177e6ddd247}" Type="Text" Name="Title" DisplayName="$Resources:core,Title;" Required="TRUE" SourceID="http://schemas.microsoft.com/sharepoint/v3" StaticName="Title" MaxLength="255" /><Field ID="{1F588968-A866-4290-AD6F-ED3079C09E6E}" Name="PERefPays" DisplayName="Compliance" Type="Text" Required="FALSE" Group="BNPPRE Sensibility Site Columns"></Field><Field ID="{b332573e-01de-4106-947a-298ac0601b6e}" Name="PECategory" DisplayName="Category" Type="Text" Required="FALSE" Group="BNPPRE Sensibility Site Columns"></Field><Field ID="{18A2BAA6-83FB-42B5-A479-0AEACD4F7B31}" Name="PESubcategory" DisplayName="Sub-category" Type="Text" Required="FALSE" Group="BNPPRE Sensibility Site Columns"></Field><Field ID="{235C7B9D-8410-4D63-A076-E3A6219F0E4B}" Name="SensiDescription" DisplayName="Description" Type="Note" NumLines="6" Required="FALSE" Group="BNPPRE Sensibility Site Columns"></Field><Field ID="{BAF9289A-E1B6-472C-A93A-21DFAB2DEF1D}" Name="PESensibility" DisplayName="Professional Ethic Sensibility" Type="Boolean" Required="FALSE" Group="BNPPRE Sensibility Site Columns"></Field><Field ID="{34EC291C-51D2-41DC-8D34-BC70EC04CB0C}" Name="PTSensibility" DisplayName="Personal Transaction Sensibility" Type="Text" Required="FALSE" Group="BNPPRE Sensibility Site Columns"></Field><Field ID="{99EB109E-632A-47ED-82AA-06DA34CFD423}" Name="GlobalJobCode" DisplayName="Global job code" Type="Text" Required="FALSE" Group="BNPPRE Sensibility Site Columns"></Field><Field ID="{A94F6629-FD02-41EC-AAF9-80ED0518605F}" Name="LocalJobCode" DisplayName="Local job code" Type="Text" Required="FALSE" Group="BNPPRE Sensibility Site Columns"></Field></Fields>
    <Views>
      
      
    <View BaseViewID="0" Type="HTML" MobileView="TRUE" TabularView="FALSE">
        <Toolbar Type="Standard" />
        <XslLink Default="TRUE">main.xsl</XslLink>
        <RowLimit Paged="TRUE">30</RowLimit>
        <ViewFields>
          
        <FieldRef Name="LinkTitleNoMenu"></FieldRef></ViewFields>
        <Query>
          <OrderBy>
            
          <FieldRef Name="Modified" Ascending="FALSE"></FieldRef></OrderBy>
        </Query>
        <ParameterBindings>
          <ParameterBinding Name="AddNewAnnouncement" Location="Resource(wss,addnewitem)" />
          <ParameterBinding Name="NoAnnouncements" Location="Resource(wss,noXinviewofY_LIST)" />
          <ParameterBinding Name="NoAnnouncementsHowTo" Location="Resource(wss,noXinviewofY_ONET_HOME)" />
        </ParameterBindings>
      </View><View BaseViewID="1" Type="HTML" WebPartZoneID="Main" DisplayName="$Resources:core,objectiv_schema_mwsidcamlidC24;" DefaultView="TRUE" MobileView="TRUE" MobileDefaultView="TRUE" SetupPath="pages\viewpage.aspx" ImageUrl="/_layouts/15/images/generic.png?rev=23" Url="AllItems.aspx">
        <Toolbar Type="Standard" />
        <XslLink Default="TRUE">main.xsl</XslLink>
        <JSLink>clienttemplates.js</JSLink>
        <RowLimit Paged="TRUE">30</RowLimit>
        <ViewFields>
          
        <FieldRef Name="LinkTitle"></FieldRef><FieldRef Name="PERefPays" /><FieldRef Name="PECategory" /><FieldRef Name="PESubcategory" /><FieldRef Name="SensiDescription" /><FieldRef Name="PESensibility" /><FieldRef Name="PTSensibility" /><FieldRef Name="GlobalJobCode" /><FieldRef Name="LocalJobCode" /></ViewFields>
        <Query>
          <OrderBy>
            
          <FieldRef Name="ID"></FieldRef></OrderBy>
        </Query>
        <ParameterBindings>
          <ParameterBinding Name="NoAnnouncements" Location="Resource(wss,noXinviewofY_LIST)" />
          <ParameterBinding Name="NoAnnouncementsHowTo" Location="Resource(wss,noXinviewofY_DEFAULT)" />
        </ParameterBindings>
      </View></Views>
    <Forms>
      <Form Type="DisplayForm" Url="DispForm.aspx" SetupPath="pages\form.aspx" WebPartZoneID="Main" />
      <Form Type="EditForm" Url="EditForm.aspx" SetupPath="pages\form.aspx" WebPartZoneID="Main" />
      <Form Type="NewForm" Url="NewForm.aspx" SetupPath="pages\form.aspx" WebPartZoneID="Main" />
    </Forms>
  </MetaData>
</List>