﻿<?xml version="1.0" encoding="utf-8"?>
<Elements xmlns="http://schemas.microsoft.com/sharepoint/">
  <Receivers ListUrl="MonitoringManagementLib">
      <Receiver>
        <Name>EventRefAplisUpdateCSVItemAdding</Name>
        <Type>ItemAdding</Type>
        <Assembly>$SharePoint.Project.AssemblyFullName$</Assembly>
        <Class>BNPPI.RE.DocsDsi.Portal.EventReceivers.EventRefAplisUpdateCSV.EventRefAplisUpdateCSV</Class>
        <SequenceNumber>10000</SequenceNumber>
      </Receiver>
      <Receiver>
        <Name>EventRefAplisUpdateCSVItemUpdating</Name>
        <Type>ItemUpdating</Type>
        <Assembly>$SharePoint.Project.AssemblyFullName$</Assembly>
        <Class>BNPPI.RE.DocsDsi.Portal.EventReceivers.EventRefAplisUpdateCSV.EventRefAplisUpdateCSV</Class>
        <SequenceNumber>10000</SequenceNumber>
      </Receiver>
      <Receiver>
        <Name>EventRefAplisUpdateCSVItemAdded</Name>
        <Type>ItemAdded</Type>
        <Assembly>$SharePoint.Project.AssemblyFullName$</Assembly>
        <Class>BNPPI.RE.DocsDsi.Portal.EventReceivers.EventRefAplisUpdateCSV.EventRefAplisUpdateCSV</Class>
        <SequenceNumber>10000</SequenceNumber>
      </Receiver>
      <Receiver>
        <Name>EventRefAplisUpdateCSVItemUpdated</Name>
        <Type>ItemUpdated</Type>
        <Assembly>$SharePoint.Project.AssemblyFullName$</Assembly>
        <Class>BNPPI.RE.DocsDsi.Portal.EventReceivers.EventRefAplisUpdateCSV.EventRefAplisUpdateCSV</Class>
        <SequenceNumber>10000</SequenceNumber>
      </Receiver>
  </Receivers>
</Elements>
