﻿<?xml version="1.0" encoding="utf-8"?>
<Elements xmlns="http://schemas.microsoft.com/sharepoint/">
	<ListInstance Title= "$Resources:BNPPI.RE.DocsDSI.portal,ListInstances_MonitoringLibLibraryName;"
				  OnQuickLaunch="FALSE"
				  TemplateType="101"
				  FeatureId="00bfea71-e717-4e80-aa17-d0c71b360101"
				  Url="MonitoringManagementLib"
				  Description="$Resources:BNPPI.RE.DocsDSI.portal,ListInstances_MonitoringLibLibraryDescription;">
		<Data>
			<Rows>
				<Row>
					<Field Name="ContentTypeId">0x0120004F994A3C0FF76546A528DA0D4B515898</Field>
					<Field Name="FileLeafRef">Reporting</Field>
					<Field Name="Title">Reporting</Field>
					<Field Name="FSObjType">1</Field>
				</Row>

				<Row>
					<Field Name="ContentTypeId">0x0120004F994A3C0FF76546A528DA0D4B515898</Field>
					<Field Name="FileLeafRef">RefApplis</Field>
					<Field Name="Title">RefApplis</Field>
					<Field Name="FSObjType">1</Field>
				</Row>

				<Row>
					<Field Name="ContentTypeId">0x0120004F994A3C0FF76546A528DA0D4B515898</Field>
					<Field Name="FileLeafRef">Logs</Field>
					<Field Name="Title">Logs</Field>
					<Field Name="FSObjType">1</Field>
				</Row>
				
			</Rows>
		</Data>

	</ListInstance>
</Elements>