﻿<?xml version="1.0" encoding="utf-8"?>
<Elements xmlns="http://schemas.microsoft.com/sharepoint/">
  <ListInstance Title= "$Resources:BNPPI.RE.DocsDSI.portal,ListInstances_ParamRolesListName;"
                OnQuickLaunch="FALSE"
                TemplateType="100"
                FeatureId="00bfea71-de22-43b2-a848-c05709900100"
                Url="Lists/ParamRolesList"
                Description="$Resources:BNPPI.RE.DocsDSI.portal,ListInstances_ParamRolesListDescription;">
    <Data>
      <Rows>
        <Row >
          <Field Name='ID'>1</Field>
          <Field Name='Title'>ARCHI</Field>
        </Row>
        <Row >
          <Field Name='ID'>2</Field>
          <Field Name='Title'>Architecte solution (SPOC)</Field>
        </Row>
        <Row >
          <Field Name='ID'>3</Field>
          <Field Name='Title'>BA</Field>
        </Row>
        <Row >
          <Field Name='ID'>4</Field>
          <Field Name='Title'>CDP</Field>
        </Row>
        <Row >
          <Field Name='ID'>5</Field>
          <Field Name='Title'>DEV</Field>
        </Row>
        <Row >
          <Field Name='ID'>6</Field>
          <Field Name='Title'>DSI</Field>
        </Row>
        <Row >
          <Field Name='ID'>7</Field>
          <Field Name='Title'>ITG</Field>
        </Row>
        <Row >
          <Field Name='ID'>8</Field>
          <Field Name='Title'>ITOP</Field>
        </Row>
        <Row >
          <Field Name='ID'>9</Field>
          <Field Name='Title'>RD</Field>
        </Row>
        <Row >
          <Field Name='ID'>10</Field>
          <Field Name='Title'>RD/RG</Field>
        </Row>
        <Row >
          <Field Name='ID'>11</Field>
          <Field Name='Title'>RG Archi</Field>
        </Row>
        <Row >
          <Field Name='ID'>12</Field>
          <Field Name='Title'>RG Prod</Field>
        </Row>
        <Row >
          <Field Name='ID'>13</Field>
          <Field Name='Title'>RPA/RA</Field>
        </Row>
        <Row >
          <Field Name='ID'>14</Field>
          <Field Name='Title'>SDM</Field>
        </Row>
        <Row >
          <Field Name='ID'>15</Field>
          <Field Name='Title'>SECURITY</Field>
        </Row>
        <Row >
          <Field Name='ID'>16</Field>
          <Field Name='Title'>SMC</Field>
        </Row>
        <Row >
          <Field Name='ID'>17</Field>
          <Field Name='Title'>SPOC IT Risk /CyberSecurity</Field>
        </Row>
        <Row >
          <Field Name='ID'>18</Field>
          <Field Name='Title'>TOUT</Field>
        </Row>
      </Rows>
    </Data>


  </ListInstance>
</Elements>
