﻿<?xml version="1.0" encoding="utf-8"?>
<Elements xmlns="http://schemas.microsoft.com/sharepoint/">
  <ListInstance Title= "$Resources:BNPPI.RE.DocsDSI.portal,ListInstances_ParamTypeTemplateListListName;"
                OnQuickLaunch="FALSE"
                TemplateType="100"
             FeatureId="00bfea71-de22-43b2-a848-c05709900100"
                Url="Lists/ParamTypesTemplateDoctsList"
                Description="$Resources:BNPPI.RE.DocsDSI.portal,ListInstances_ParamTypeTemplateListtDescription;">

    <Data>
      <Rows>
        <Row >
          <Field Name='ID'>1</Field>
          <Field Name='Title'>COMIT</Field>
        </Row>
        <Row >
          <Field Name='ID'>2</Field>
          <Field Name='Title'>CMAT</Field>
        </Row>
        <Row >
          <Field Name='ID'>3</Field>
          <Field Name='Title'>CVIT</Field>
        </Row>
        <Row >
          <Field Name='ID'>4</Field>
          <Field Name='Title'>C2I</Field>
        </Row>
        <Row >
          <Field Name='ID'>5</Field>
          <Field Name='Title'>Documents IRPP</Field>
        </Row>
        <Row >
          <Field Name='ID'>6</Field>
          <Field Name='Title'>Exigences</Field>
        </Row>
        <Row >
          <Field Name='ID'>7</Field>
          <Field Name='Title'>Spécifications</Field>
        </Row>
        <Row >
          <Field Name='ID'>8</Field>
          <Field Name='Title'>Release notes</Field>
        </Row>
        <Row >
          <Field Name='ID'>9</Field>
          <Field Name='Title'>Cahier de recette</Field>
        </Row>
        <Row >
          <Field Name='ID'>10</Field>
          <Field Name='Title'>PV, GO/NOGO</Field>
        </Row>
        <Row >
          <Field Name='ID'>11</Field>
          <Field Name='Title'>Fiches de livraison</Field>
        </Row>
        <Row >
          <Field Name='ID'>12</Field>
          <Field Name='Title'>Bilan</Field>
        </Row>
        <Row >
          <Field Name='ID'>13</Field>
          <Field Name='Title'>Autres documents</Field>
        </Row>
      
      </Rows>
    </Data>
   
    
    
    
  </ListInstance>
</Elements>

