﻿<?xml version="1.0" encoding="utf-8"?>
<Elements xmlns="http://schemas.microsoft.com/sharepoint/">
  <!-- Parent ContentType: Item (0x01) -->
  <ContentType ID="0x0100320C051C85DE492D859EC0D68AA403E6" Name="CTPresentList" Group="Custom Content Types" Description="My Content Type" Inherits="TRUE" Version="0">
    <FieldRefs>
      <FieldRef ID="{1ce160dd-e409-434d-a2d9-537627fb9ecc}" DisplayName="Present_Q 1" Required="FALSE" Name="Present_Q1" />
      <FieldRef ID="{a7bc3562-fa62-4e25-b60b-3d6dd6246112}" DisplayName="Present_Q 2" Required="FALSE" Name="Present_Q2" />
      <FieldRef ID="{abe8e3db-53e3-44f2-bf49-abe7ceea6095}" DisplayName="Present_Q 3" Required="FALSE" Name="Present_Q3" />
      <FieldRef ID="{79cdef43-7088-4b41-9fa4-55e8cd1a1a97}" DisplayName="Present_Q 4" Required="FALSE" Name="Present_Q4" />
      <FieldRef ID="{4475e374-2402-4a1b-87d7-0acb7cf1e312}" DisplayName="Present_Q 5" Required="FALSE" Name="Present_Q5" />
      <FieldRef ID="{1bd2a08d-952a-4f9c-bbab-21eaf97fe757}" DisplayName="Present_Q 6" Required="FALSE" Name="Present_Q6" />
      <FieldRef ID="{b8350138-7ef2-490b-b2f1-e74350bef9dc}" DisplayName="Present_Q 7" Required="FALSE" Name="Present_Q7" />
      <FieldRef ID="{840c0940-c521-4f89-9e04-7ef8e1edaab7}" DisplayName="Present_Q 8" Required="FALSE" Name="Present_Q8" />
      <FieldRef ID="{69494907-82fe-4b25-9b09-445e22189657}" DisplayName="Present_Q 9" Required="FALSE" Name="Present_Q9" />
      <FieldRef ID="{e14468f0-ae2d-4a44-8e1c-663b0d946a4f}" DisplayName="Present_Q 10" Required="FALSE" Name="Present_Q10" />
      <FieldRef ID="{6f69787b-d94e-4c21-9b99-c64a91786954}" DisplayName="Present_Q Language" Required="FALSE" Name="Present_QLanguage" />
      <FieldRef ID="{8bf52c4b-faec-46ee-9bc6-e806a93f1e63}" DisplayName="Present_Q Local Country" Required="FALSE" Name="Present_QLocalCountry" />
      <FieldRef ID="{49ec4382-36c7-45a3-902f-8e50dc4afa43}" DisplayName="Present_Q Manager" Required="FALSE" Name="Present_QManager" />
    </FieldRefs>
  </ContentType>
</Elements>