﻿<?xml version="1.0" encoding="utf-8" ?>
<Elements xmlns="http://schemas.microsoft.com/sharepoint/">
  <ListInstance FeatureId="{f9ce21f8-f437-4f7e-8bc6-946378c850f0}"
              TemplateType="171"
              Title="MandateProTaskList"
              Description="This list instance is used for workflow Task items."
              Url="Lists/MandateProTaskList"
              RootWebOnly="FALSE" />
              
  <ContentTypeBinding ListUrl="Lists/MandateProTaskList"
                       RootWebOnly="FALSE"
                       ContentTypeId="0x0108003365C4474CAE8C42BCE396314E88E51F"/>

	<!--CT Manager-->
	<ContentTypeBinding ListUrl="Lists/MandateProTaskList"
                       RootWebOnly="FALSE"
                       ContentTypeId="0x0108003365C4474CAE8C42BCE396314E88E51F008574601D72AF46B1A44AA762ADC46DA8"/>
	
	<!--CT BMC-->

	<ContentTypeBinding ListUrl="Lists/MandateProTaskList"
                       RootWebOnly="FALSE"
                       ContentTypeId="0x0108003365C4474CAE8C42BCE396314E88E51F00EC162EE17AC949BF80FFE031275B460B"/>

	<!--CT LEGAL TEAM-->

	<ContentTypeBinding ListUrl="Lists/MandateProTaskList"
                       RootWebOnly="FALSE"
                       ContentTypeId="0x0108003365C4474CAE8C42BCE396314E88E51F0026A8B720FEE6442BB8656493236AFCA8"/>

	<!--CT Local TEAM-->

	<ContentTypeBinding ListUrl="Lists/MandateProTaskList"
                       RootWebOnly="FALSE"
                       ContentTypeId="0x0108003365C4474CAE8C42BCE396314E88E51F009D9D3557411E48928AF323226B9D1C50"/>


	<!--CT Global TEAM-->
	
	<ContentTypeBinding ListUrl="Lists/MandateProTaskList"
                       RootWebOnly="FALSE"
                       ContentTypeId="0x0108003365C4474CAE8C42BCE396314E88E51F00A9FDE94690CF429F94EC13FDB21E10C2"/>
	
	<!--CT LOCAL CEO-->

	<ContentTypeBinding ListUrl="Lists/MandateProTaskList"
                       RootWebOnly="FALSE"
                       ContentTypeId="0x0108003365C4474CAE8C42BCE396314E88E51F00BE17E0F712354755A495899242E61F75"/>





</Elements>
