﻿<?xml version="1.0" encoding="utf-8"?>
<Elements xmlns="http://schemas.microsoft.com/sharepoint/">

	<Field
	   ID="{1F588968-A866-4290-AD6F-ED3079C09E6E}"
	   Name="PERefPays"
	   DisplayName="Compliance"
	   Type="Text"
	   Required="FALSE"
	   Group="BNPPRE Sensibility Site Columns">
	</Field>
	
	<Field
       ID="{b332573e-01de-4106-947a-298ac0601b6e}"
       Name="PECategory"
       DisplayName="Category"
       Type="Text"
       Required="FALSE"
       Group="BNPPRE Sensibility Site Columns">
  </Field>

	<Field
	  ID="{18A2BAA6-83FB-42B5-A479-0AEACD4F7B31}"
	  Name="PESubcategory"
	  DisplayName="Sub-category"
	  Type="Text"
	  Required="FALSE"
	  Group="BNPPRE Sensibility Site Columns">
	</Field>


	<Field
	  ID="{235C7B9D-8410-4D63-A076-E3A6219F0E4B}"
	  Name="SensiDescription"
	  DisplayName="Description"
	   Type="Note"
	   NumLines="6"
	  Required="FALSE"
	  Group="BNPPRE Sensibility Site Columns">
	</Field>

	<Field
	  ID="{BAF9289A-E1B6-472C-A93A-21DFAB2DEF1D}"
	  Name="PESensibility"
	  DisplayName="Professional Ethic Sensibility"
	  Type="Boolean"
	  Required="FALSE"
	  Group="BNPPRE Sensibility Site Columns">
	</Field>

	<Field
	  ID="{42E66BDB-DB5F-4D7C-95DB-D21339E6D116}"
	  Name="PTSensibility"
	  DisplayName="Personal Transaction Sensibility"
	  Type="Text"
	  Required="FALSE"
	  Group="BNPPRE Sensibility Site Columns">
	</Field>


	<Field
	  ID="{99EB109E-632A-47ED-82AA-06DA34CFD423}"
	  Name="GlobalJobCode"
	  DisplayName="Global job code"
	  Type="Text"
	  Required="FALSE"
	  Group="BNPPRE Sensibility Site Columns">
	</Field>


	<Field
	  ID="{A94F6629-FD02-41EC-AAF9-80ED0518605F}"
	  Name="LocalJobCode"
	  DisplayName="Local job code"
	  Type="Text"
	  Required="FALSE"
	  Group="BNPPRE Sensibility Site Columns">
	</Field>
	
</Elements>
