﻿<?xml version="1.0" encoding="utf-8"?>
<Elements xmlns="http://schemas.microsoft.com/sharepoint/">
  <!-- Parent ContentType: Item (0x01) -->
  <ContentType ID="0x01007A1972CDC2AE4C4BA2AF2C39215109C6" Name="CTAnnualList" Group="BNP RE Content Types" Description="Content Type for annual declaration" Inherits="TRUE" Version="0">
    <FieldRefs>
      <FieldRef ID="{dcf21d80-bc59-4f9a-9b17-db2c079e887a}" Name="Annual_Q1" DisplayName="$Resources:bnp,Annual_Form_Year;" Required="FALSE" />
      <FieldRef ID="{ee0362c4-5b67-42f9-9ef3-6ee2893af660}" Name="Annual_Q2" DisplayName="$Resources:bnp,Annual_Q2;" Required="FALSE" />
      <FieldRef ID="{5b24d1e6-9beb-42fe-9e84-af4dcdec39f1}" Name="Annual_Q3" DisplayName="$Resources:bnp,Annual_Q12;" Required="FALSE" />
      <FieldRef ID="{fa4bc2e5-1ece-4534-85d8-16e0472435be}" Name="Annual_Q4" DisplayName="$Resources:bnp,Annual_Q4;" Required="FALSE" />
      <FieldRef ID="{bdf687ac-dc0d-4362-805e-b3ee45839e9a}" Name="Annual_Q5" DisplayName="$Resources:bnp,Annual_Q5;" Required="FALSE" />
      <FieldRef ID="{3006df20-0dc4-439f-8da5-946864eb74a0}" Name="Annual_Q6" DisplayName="$Resources:bnp,Annual_Q6;" Required="FALSE" />
      <FieldRef ID="{0a5fd4bd-8430-4722-ba3b-a636cc4b8731}" Name="Annual_Q7" DisplayName="$Resources:bnp,Annual_Q7;" Required="FALSE" />
      <FieldRef ID="{b6571cc6-3185-402a-9c41-993b8c706fe2}" Name="Annual_Q8" DisplayName="$Resources:bnp,Annual_Q8;" Required="FALSE" />
      <FieldRef ID="{7c2d5396-e1f1-4756-be34-b4204efc4f3c}" Name="Annual_Q9" DisplayName="$Resources:bnp,Annual_Q9;" Required="FALSE" />
      <FieldRef ID="{591f5766-844b-45b9-a9bd-66581ee0d361}" Name="Annual_Q10" DisplayName="$Resources:bnp,Annual_Q10;" Required="FALSE" />
      <FieldRef ID="{b14552ef-43f0-4d1f-8901-d356051983c7}" Name="Annual_QLanguage" DisplayName="Annual_Q Language" Required="FALSE" />
      <FieldRef ID="{0bad789b-bf33-449d-a893-6440c8440704}" Name="Annual_QLocalCountry" DisplayName="Annual_Q Local Country" Required="FALSE" />
      <FieldRef ID="{c6c67977-680e-4bf3-9e30-6d9ca7a370a0}" Name="AnnualRequestor" DisplayName="$Resources:bnp, Requestor;" Required="FALSE" />
      <FieldRef ID="{5211afb7-3a70-4647-b476-82b26e8bdaa5}" Name="RefEPId" DisplayName="Ref EP Id" Required="FALSE" ShowInDisplayForm="FALSE" />
      <FieldRef ID="{5e7e0332-de7f-4520-950d-8ddd89c6bb4d}" Name="RefUID" DisplayName="Ref UID" Required="FALSE" ShowInDisplayForm="FALSE" />
      <FieldRef ID="{132cf135-22eb-418b-9e3d-423d3ef1c250}" Name="AnnualEmployeeEntity" DisplayName="$Resources:bnp,EmployeeEntity;" Required="FALSE" />
      <FieldRef ID="{23993ffb-4497-46fa-9eed-8faf25ce2288}" Name="AnnualEmployeeFirstName" DisplayName="$Resources:bnp,FirstName;" Required="FALSE" />
      <FieldRef ID="{B388D2FF-14A1-4074-82EC-FE40C02EFDB4}" Name="AnnualEmployeeLastName" DisplayName="$Resources:bnp, LastName;" Required="FALSE" />
      <FieldRef ID="{5667F68A-0483-4F55-98A6-4A6218F99D40}" Name="AnnualEmployeeDepartment" DisplayName="$Resources:bnp, Department;" Required="FALSE" />
      <FieldRef ID="{1509195e-479a-46ea-9253-c875ac68a1eb}" DisplayName="$Resources:bnp,Annual_QSensibility;" Required="FALSE" Name="Annual_QSensibility" />
    </FieldRefs>
  </ContentType>
</Elements>