﻿<?xml version="1.0" encoding="utf-8"?>
<Elements xmlns="http://schemas.microsoft.com/sharepoint/">  
  <Field
       ID="{d57a000f-8edc-44f2-9f80-af0ae0c685d0}"
       Name="MandateProOutcomeLocalCeo"
       DisplayName="Mandate Pro Outcome Local Ceo"
       Type="OutcomeChoice"
       Required="FALSE"
       Group="BNP RE Site Columns">
	  <CHOICES>

		  <CHOICE>Accept</CHOICE>
		  
		  <CHOICE>Accept with reservations</CHOICE>
		  <CHOICE>Reject</CHOICE>
	  </CHOICES>
  </Field>
</Elements>
