﻿<?xml version="1.0" encoding="utf-8"?>
<Elements xmlns="http://schemas.microsoft.com/sharepoint/">  
  <Field
       ID="{3eee2a26-afa3-4f8e-8f8d-9bce8dc2a9fe}"
       Name="SponsoOutcomeLocalCeo"
       DisplayName="Sponso Outcome Local Ceo"
        Type="OutcomeChoice"
       Required="FALSE"
       Group="BNP RE Site Columns">
	  <CHOICES>

		  <CHOICE>Accept</CHOICE>
		  <CHOICE>Reject</CHOICE>
		  <CHOICE>Accept with reservations</CHOICE>

	  </CHOICES>
  </Field>
</Elements>
