﻿<?xml version="1.0" encoding="utf-8"?>
<Elements xmlns="http://schemas.microsoft.com/sharepoint/">

	<Field
		 ID="{3a60825e-b396-4d87-9a49-68b7d5fb631e}"
		 Name="AppVersion"
		DisplayName="$Resources:BNPPI.RE.DocsDSI.portal,Fields_AppVersionDisplayName;"
		 Type="Text"
		 Required="FALSE"
	 Group="$Resources:BNPPI.RE.DocsDSI.portal,Fields_GroupName;">
	</Field>

	<Field
       ID="{55bd8c59-efa6-4c6f-9fb9-3542058aee8b}"
       Name="AppTraceability"
       DisplayName="$Resources:BNPPI.RE.DocsDSI.portal,Fields_AppTraceabilityDisplayName;"
       Type="Choice"
	   Format="Dropdown"
	   Mult="FALSE"
       Required="FALSE"
	   Group="$Resources:BNPPI.RE.DocsDSI.portal,Fields_GroupName;">
		<CHOICES>
			<CHOICE>1 – None</CHOICE>
			<CHOICE>2 - Minimal</CHOICE>
			<CHOICE>3 – Simple</CHOICE>
			<CHOICE>4 - detailed</CHOICE>
		</CHOICES>
		<Default></Default>
	</Field>

	<Field
       ID="{0adb68f3-d076-4ce1-85cd-465689b9bf9f}"
       Name="AppRTO"
        DisplayName="$Resources:BNPPI.RE.DocsDSI.portal,Fields_AppRTODisplayName;"
       Type="Choice"
	   Format="Dropdown"
	   Mult="FALSE"
       Required="TRUE"
	   Group="$Resources:BNPPI.RE.DocsDSI.portal,Fields_GroupName;">
		<CHOICES>
			<CHOICE>24h</CHOICE>
			<CHOICE>8 to 24h</CHOICE>
			<CHOICE>4h to 8h</CHOICE>
			<CHOICE>4h</CHOICE>
		</CHOICES>
		<Default></Default>
	</Field>

	<Field
       ID="{6ec1e447-d6f0-4c8c-8f62-220d156bf03b}"
       Name="AppRPO"
	   DisplayName="$Resources:BNPPI.RE.DocsDSI.portal,Fields_AppRPODisplayName;"
       Type="Choice"
	   Format="Dropdown"
	   Mult="FALSE"
       Required="TRUE"
	   Group="$Resources:BNPPI.RE.DocsDSI.portal,Fields_GroupName;">
		<CHOICES>
			<CHOICE>24h</CHOICE>
			<CHOICE>8 to 24h</CHOICE>
			<CHOICE>4h to 8h</CHOICE>
			<CHOICE>4h</CHOICE>
		</CHOICES>
		<Default></Default>
	</Field>

	<Field
	  ID="{d62c6eae-27ba-405a-b240-15886cf3659a}"
	  Name="AppPersonalData"
	  DisplayName="$Resources:BNPPI.RE.DocsDSI.portal,Fields_AppPersonalDataDisplayName;"
	  Type="Choice"
	  Format="Dropdown"
	  Mult="FALSE"
	  Required="FALSE"
	  Group="$Resources:BNPPI.RE.DocsDSI.portal,Fields_GroupName;">
		<CHOICES>
			<CHOICE>O</CHOICE>
			<CHOICE>N</CHOICE>
		</CHOICES>
		<Default></Default>
	</Field>

	<Field
		 ID="{7e9a0052-9c5e-43b7-8e1f-ae1e474e36b8}"
		 Name="AppLastCIAT"
	  DisplayName="$Resources:BNPPI.RE.DocsDSI.portal,Fields_AppLastCIATDisplayName;"
	  Type="DateTime"
	  Format="DateOnly"
	  Required="FALSE"
	  Indexed="FALSE"
	  Group="$Resources:BNPPI.RE.DocsDSI.portal,Fields_GroupName;">
	</Field>

	<Field
	  ID="{fde7fb13-df19-494f-8171-69992ed11e16}"
	  Name="AppInternetFacing"
	 DisplayName="$Resources:BNPPI.RE.DocsDSI.portal,Fields_AppInternetFacingDisplayName;"
	  Type="Choice"
	  Format="Dropdown"
	  Mult="FALSE"
	  Required="FALSE"
	  Group="$Resources:BNPPI.RE.DocsDSI.portal,Fields_GroupName;">
		<CHOICES>
			<CHOICE>O</CHOICE>
			<CHOICE>N</CHOICE>
		</CHOICES>
		<Default></Default>
	</Field>

	<Field
       ID="{44ef7f7d-c1bf-4cdf-a0ad-7e7080598a5f}"
       Name="AppIntegrity"
       DisplayName="$Resources:BNPPI.RE.DocsDSI.portal,Fields_AppIntegrityDisplayName;"
       Type="Choice"
	   Format="Dropdown"
	   Mult="FALSE"
       Required="FALSE"
	   Group="$Resources:BNPPI.RE.DocsDSI.portal,Fields_GroupName;">
		<CHOICES>
			<CHOICE>1 – None</CHOICE>
			<CHOICE>2 - Standard</CHOICE>
			<CHOICE>3 – Reinforced</CHOICE>
			<CHOICE>4 - Unalterable</CHOICE>
		</CHOICES>
		<Default></Default>
	</Field>

	<Field
		 ID="{8eabd117-412d-4abb-9e3f-291b91430f98}"
		 Name="AppHostingType"
			 DisplayName="$Resources:BNPPI.RE.DocsDSI.portal,Fields_AppHostingTypeDisplayName;"
		 Type="Choice"
		 Format="Dropdown"
		 Mult="FALSE"
		 Required="TRUE"
		 Group="$Resources:BNPPI.RE.DocsDSI.portal,Fields_GroupName;">
		<CHOICES>
			<CHOICE>Internal</CHOICE>
			<CHOICE>External</CHOICE>
		</CHOICES>
		<Default></Default>
	</Field>

	<Field
		 ID="{80c1cdb9-a983-4df0-8ea0-7d7400ecb4ea}"
		 Name="AppHostingProvider"
		 DisplayName="$Resources:BNPPI.RE.DocsDSI.portal,Fields_AppHostingProviderDisplayName;"
		 Type="Text"
		 Required="FALSE"
		   Group="$Resources:BNPPI.RE.DocsDSI.portal,Fields_GroupName;">
	</Field>

	<Field
		 ID="{0bd6a344-ed42-4127-8a5c-8c64cf76d3cc}"
		 Name="AppConfidentiality"
	   DisplayName="$Resources:BNPPI.RE.DocsDSI.portal,Fields_AppConfidentialityDisplayName;"
		 Type="Choice"
		 Format="Dropdown"
		 Mult="FALSE"
		 Required="TRUE"
		 Group="$Resources:BNPPI.RE.DocsDSI.portal,Fields_GroupName;">
		<CHOICES>
			<CHOICE>1 – Public</CHOICE>
			<CHOICE>2 – Internal</CHOICE>
			<CHOICE>3 – Confidential</CHOICE>
			<CHOICE>4 – Secret</CHOICE>
		</CHOICES>
		<Default></Default>
	</Field>

	<Field
		 ID="{b01a9891-f936-4385-a1da-f3c1c52e1aba}"
		 Name="AppCloudServiceModel"
		 DisplayName="$Resources:BNPPI.RE.DocsDSI.portal,Fields_AppCloudServiceModelDisplayName;"
		 Type="Choice"
		 Format="Dropdown"
		 Mult="FALSE"
		 Required="FALSE"
		 Group="$Resources:BNPPI.RE.DocsDSI.portal,Fields_GroupName;">
		<CHOICES>
			<CHOICE>N/A</CHOICE>
			<CHOICE>IaaS</CHOICE>
			<CHOICE>PaaS</CHOICE>
			<CHOICE>SaaS</CHOICE>
		</CHOICES>
		<Default></Default>
	</Field>

	<Field
		 ID="{b51ed3f0-71e4-47a1-8561-3ea73c830add}"
		 Name="AppClass"
		 DisplayName="$Resources:BNPPI.RE.DocsDSI.portal,Fields_AppClassDisplayName;"
		 Type="Choice"
		 Format="Dropdown"
		 Mult="FALSE"
		 Required="FALSE"
		 Group="$Resources:BNPPI.RE.DocsDSI.portal,Fields_GroupName;">
		<CHOICES>
			<CHOICE>Class 1</CHOICE>
			<CHOICE>Class 2</CHOICE>
			<CHOICE>Class 3</CHOICE>
		</CHOICES>
		<Default></Default>
	</Field>

	<Field
		 ID="{64553f5c-71f8-40bb-ade0-416162b53497}"
		 Name="AppAvaibility"
		 DisplayName="$Resources:BNPPI.RE.DocsDSI.portal,Fields_AppAvaibilityDisplayName;"
		 Type="Choice"
		 Format="Dropdown"
		 Mult="FALSE"
		 Required="TRUE"
		 Group="$Resources:BNPPI.RE.DocsDSI.portal,Fields_GroupName;">
		<CHOICES>
			<CHOICE>1 -  Minimum Service</CHOICE>
			<CHOICE>2 -  Medium</CHOICE>
			<CHOICE>3 -  Strong</CHOICE>
			<CHOICE>4 -  No unavailability tolerated</CHOICE>

		</CHOICES>
		<Default></Default>
	</Field>

	<Field
		 ID="{c28f1383-b933-4e71-8767-29b028620ed2}"
		 Name="AppAuthentification"
		 DisplayName="$Resources:BNPPI.RE.DocsDSI.portal,Fields_AppAuthentificationDisplayName;"
		 Type="Choice"
		 Format="Dropdown"
		 Mult="TRUE"
		 Required="TRUE"
		 Group="$Resources:BNPPI.RE.DocsDSI.portal,Fields_GroupName;">
		<CHOICES>
			<CHOICE>SSO/SSO</CHOICE>
			<CHOICE>ITG/SSO</CHOICE>
			<CHOICE>CIB/ADFS</CHOICE>
			<CHOICE>BNPPRE/ADFS</CHOICE>
			<CHOICE>EURO/GuideCas</CHOICE>
			<CHOICE>Internal</CHOICE>
			<CHOICE>Database</CHOICE>
			<CHOICE>No Authentification</CHOICE>
		</CHOICES>
		<Default></Default>
	</Field>

	<Field
	 ID="{9402aa12-ecac-456f-83b5-74d11a4f2604}"
	 Name="AppStatus"
	 DisplayName="$Resources:BNPPI.RE.DocsDSI.portal,Fields_AppStatusDisplayName;"
	 Type="Choice"
	 Format="Dropdown"
	 Mult="FALSE"
	 Required="FALSE"
	 Group="$Resources:BNPPI.RE.DocsDSI.portal,Fields_GroupName;">
		<CHOICES>
			<CHOICE>Live</CHOICE>
			<CHOICE>Decommissioned</CHOICE>
			<CHOICE>On-going decommissioning</CHOICE>
			<CHOICE>Business Stopped</CHOICE>
			<CHOICE>In Progress</CHOICE>
		</CHOICES>
		<Default></Default>
	</Field>

	<Field
	 ID="{498ec465-1223-4999-91f5-7540657404f4}"
	 Name="AppManagedApplication"
	  DisplayName="$Resources:BNPPI.RE.DocsDSI.portal,Fields_AppManagedApplicationDisplayName;"
	   Type="Choice"
   Format="Dropdown"
   Mult="FALSE"
   Required="FALSE"
   Group="$Resources:BNPPI.RE.DocsDSI.portal,Fields_GroupName;">
		<CHOICES>
			<CHOICE>0</CHOICE>
			<CHOICE>1</CHOICE>
		</CHOICES>
		<Default></Default>
	</Field>

	<Field
		 Type="Lookup"
		 DisplayName="$Resources:BNPPI.RE.DocsDSI.portal,Fields_AppITResponsibleDisplayName;"
		 Required="TRUE"
		 EnforceUniqueValues="FALSE"
		 List="ParamITResponsibleList"
		 ShowField="Title"
		 ID="{749d5388-c727-4a4e-9829-2d64c836e43f}"
         Name="AppITResponsible"
	     Group="$Resources:BNPPI.RE.DocsDSI.portal,Fields_GroupName;">
	</Field>
 </Elements>
