﻿<?xml version="1.0" encoding="utf-8"?>
<Elements xmlns="http://schemas.microsoft.com/sharepoint/">  
  <Field
       ID="{8d5a6412-a9a7-44ce-b509-c2be69cc625c}"
       Name="MandateProOutcomeBmc"
       DisplayName="Mandate Pro Outcome Bmc"
        Type="OutcomeChoice"
       Required="FALSE"
       Group="BNP RE Site Columns">
	  <CHOICES>

		  <CHOICE>Accept</CHOICE>
		  <CHOICE>Accept with reservations</CHOICE>
		  <CHOICE>Reject</CHOICE>
	  </CHOICES>
  </Field>
</Elements>
