﻿<?xml version="1.0" encoding="utf-8"?>
<Elements xmlns="http://schemas.microsoft.com/sharepoint/">  
  <Field
       ID="{ac77da13-c91e-4759-8825-1eb788f2b0ed}"
       Name="MandateProOutcomeLocalTeam"
       DisplayName="Mandate Pro Outcome Local Team"
       Type="OutcomeChoice"
       Required="FALSE"
       Group="BNP RE Site Columns">
	  <CHOICES>

		  <CHOICE>Accept</CHOICE>
		
		  <CHOICE>Accept with reservations</CHOICE>
		  <CHOICE>Reject</CHOICE>
	  </CHOICES>
  </Field>
</Elements>
