﻿<?xml version="1.0" encoding="utf-8"?>
<Elements xmlns="http://schemas.microsoft.com/sharepoint/">  
  <Field
       ID="{f86eaf7b-a23f-4ac4-9ffb-83f1f548f40f}"
       Name="ObiOutcomeSecondPhase"
       DisplayName="Obi Outcome Second Phase"
       Type="OutcomeChoice"
       Required="FALSE"
       Group="BNP RE Site Columns">
	  <CHOICES>

		  <CHOICE>Accept</CHOICE>
		  <CHOICE>Reject</CHOICE>
		  <CHOICE>Accept with reservations</CHOICE>

	  </CHOICES>
  </Field>
</Elements>
