﻿<?xml version="1.0" encoding="utf-8"?>
<List xmlns:ows="Microsoft SharePoint" Title="ListAnnual" FolderCreation="FALSE" Direction="$Resources:Direction;" Url="Lists/ListAnnual" BaseType="0" xmlns="http://schemas.microsoft.com/sharepoint/" EnableContentTypes="TRUE">
  <MetaData>
    <ContentTypes>
      
      
    <ContentType ID="0x01007A1972CDC2AE4C4BA2AF2C39215109C6" Name="CTAnnualList" Group="BNP RE Content Types" Description="Content Type for annual declaration" Inherits="TRUE" Version="0"><FieldRefs><FieldRef ID="{dcf21d80-bc59-4f9a-9b17-db2c079e887a}" Name="Annual_Q1" DisplayName="$Resources:bnp,Annual_Form_Year;" Required="FALSE" /><FieldRef ID="{ee0362c4-5b67-42f9-9ef3-6ee2893af660}" Name="Annual_Q2" DisplayName="$Resources:bnp,Annual_Q2;" Required="FALSE" /><FieldRef ID="{5b24d1e6-9beb-42fe-9e84-af4dcdec39f1}" Name="Annual_Q3" DisplayName="$Resources:bnp,Annual_Q12;" Required="FALSE" /><FieldRef ID="{fa4bc2e5-1ece-4534-85d8-16e0472435be}" Name="Annual_Q4" DisplayName="$Resources:bnp,Annual_Q4;" Required="FALSE" /><FieldRef ID="{bdf687ac-dc0d-4362-805e-b3ee45839e9a}" Name="Annual_Q5" DisplayName="$Resources:bnp,Annual_Q5;" Required="FALSE" /><FieldRef ID="{3006df20-0dc4-439f-8da5-946864eb74a0}" Name="Annual_Q6" DisplayName="$Resources:bnp,Annual_Q6;" Required="FALSE" /><FieldRef ID="{0a5fd4bd-8430-4722-ba3b-a636cc4b8731}" Name="Annual_Q7" DisplayName="$Resources:bnp,Annual_Q7;" Required="FALSE" /><FieldRef ID="{b6571cc6-3185-402a-9c41-993b8c706fe2}" Name="Annual_Q8" DisplayName="$Resources:bnp,Annual_Q8;" Required="FALSE" /><FieldRef ID="{7c2d5396-e1f1-4756-be34-b4204efc4f3c}" Name="Annual_Q9" DisplayName="$Resources:bnp,Annual_Q9;" Required="FALSE" /><FieldRef ID="{591f5766-844b-45b9-a9bd-66581ee0d361}" Name="Annual_Q10" DisplayName="$Resources:bnp,Annual_Q10;" Required="FALSE" /><FieldRef ID="{b14552ef-43f0-4d1f-8901-d356051983c7}" Name="Annual_QLanguage" DisplayName="Annual_Q Language" Required="FALSE" /><FieldRef ID="{0bad789b-bf33-449d-a893-6440c8440704}" Name="Annual_QLocalCountry" DisplayName="Annual_Q Local Country" Required="FALSE" /><FieldRef ID="{c6c67977-680e-4bf3-9e30-6d9ca7a370a0}" Name="AnnualRequestor" DisplayName="$Resources:bnp, Requestor;" Required="FALSE" /><FieldRef ID="{5211afb7-3a70-4647-b476-82b26e8bdaa5}" Name="RefEPId" DisplayName="Ref EP Id" Required="FALSE" ShowInDisplayForm="FALSE" /><FieldRef ID="{5e7e0332-de7f-4520-950d-8ddd89c6bb4d}" Name="RefUID" DisplayName="Ref UID" Required="FALSE" ShowInDisplayForm="FALSE" /><FieldRef ID="{132cf135-22eb-418b-9e3d-423d3ef1c250}" Name="AnnualEmployeeEntity" DisplayName="$Resources:bnp,EmployeeEntity;" Required="FALSE" /><FieldRef ID="{23993ffb-4497-46fa-9eed-8faf25ce2288}" Name="AnnualEmployeeFirstName" DisplayName="$Resources:bnp,FirstName;" Required="FALSE" /><FieldRef ID="{B388D2FF-14A1-4074-82EC-FE40C02EFDB4}" Name="AnnualEmployeeLastName" DisplayName="$Resources:bnp, LastName;" Required="FALSE" /><FieldRef ID="{5667F68A-0483-4F55-98A6-4A6218F99D40}" Name="AnnualEmployeeDepartment" DisplayName="$Resources:bnp, Department;" Required="FALSE" /><FieldRef ID="{1509195e-479a-46ea-9253-c875ac68a1eb}" DisplayName="$Resources:bnp,Annual_QSensibility;" Required="FALSE" Name="Annual_QSensibility" /></FieldRefs></ContentType></ContentTypes>
    <Fields>
      
    
      
      
    <Field ID="{fa564e0f-0c70-4ab9-b863-0177e6ddd247}" Type="Text" Name="Title" DisplayName="$Resources:core,Title;" Required="TRUE" SourceID="http://schemas.microsoft.com/sharepoint/v3" StaticName="Title" MaxLength="255" /><Field ID="{dcf21d80-bc59-4f9a-9b17-db2c079e887a}" Name="Annual_Q1" DisplayName="$Resources:bnp,Annual_Form_Year;" Type="Number" Required="FALSE" Group="BNP RE Site Columns"></Field><Field ID="{ee0362c4-5b67-42f9-9ef3-6ee2893af660}" Name="Annual_Q2" DisplayName="$Resources:bnp,Annual_Q2;" Type="Boolean" Required="FALSE" Group="BNP RE Site Columns"><Default>1</Default></Field><Field ID="{5b24d1e6-9beb-42fe-9e84-af4dcdec39f1}" Name="Annual_Q3" DisplayName="$Resources:bnp,Annual_Q12;" Type="Boolean" Required="FALSE" Group="BNP RE Site Columns"><Default>1</Default></Field><Field ID="{fa4bc2e5-1ece-4534-85d8-16e0472435be}" Name="Annual_Q4" DisplayName="$Resources:bnp,Annual_Q4;" Type="Boolean" Required="FALSE" Group="BNP RE Site Columns"><Default>1</Default></Field><Field ID="{bdf687ac-dc0d-4362-805e-b3ee45839e9a}" Name="Annual_Q5" DisplayName="$Resources:bnp,Annual_Q5;" Type="Boolean" Required="FALSE" Group="BNP RE Site Columns"><Default>1</Default></Field><Field ID="{3006df20-0dc4-439f-8da5-946864eb74a0}" Name="Annual_Q6" DisplayName="$Resources:bnp,Annual_Q6;" Type="Boolean" Required="FALSE" Group="BNP RE Site Columns"><Default>1</Default></Field><Field ID="{0a5fd4bd-8430-4722-ba3b-a636cc4b8731}" Name="Annual_Q7" DisplayName="$Resources:bnp,Annual_Q7;" Type="Boolean" Required="FALSE" Group="BNP RE Site Columns"><Default>1</Default></Field><Field ID="{b6571cc6-3185-402a-9c41-993b8c706fe2}" Name="Annual_Q8" DisplayName="$Resources:bnp,Annual_Q8;" Type="Boolean" Required="FALSE" Group="BNP RE Site Columns"><Default>1</Default></Field><Field ID="{7c2d5396-e1f1-4756-be34-b4204efc4f3c}" Name="Annual_Q9" DisplayName="$Resources:bnp,Annual_Q9;" Type="Boolean" Required="FALSE" Group="BNP RE Site Columns"><Default>1</Default></Field><Field ID="{591f5766-844b-45b9-a9bd-66581ee0d361}" Name="Annual_Q10" DisplayName="$Resources:bnp,Annual_Q10;" Type="Note" NumLines="6" Required="FALSE" Group="BNP RE Site Columns"><Default>1</Default></Field><Field ID="{b14552ef-43f0-4d1f-8901-d356051983c7}" Name="Annual_QLanguage" DisplayName="Annual_Q Language" Type="Text" Required="FALSE" Group="BNP RE Site Columns"></Field><Field ID="{0bad789b-bf33-449d-a893-6440c8440704}" Name="Annual_QLocalCountry" DisplayName="Annual_Q Local Country" Type="Text" Required="FALSE" Group="BNP RE Site Columns"></Field><Field ID="{c6c67977-680e-4bf3-9e30-6d9ca7a370a0}" Name="AnnualRequestor" DisplayName="$Resources:bnp, Requestor;" Type="Text" Required="FALSE" Group="BNP RE Site Columns"></Field><Field ID="{5211afb7-3a70-4647-b476-82b26e8bdaa5}" Name="RefEPId" DisplayName="Ref EP Id" Type="Number" Required="FALSE" Group="BNP RE Site Columns" ShowInDisplayForm="FALSE" /><Field ID="{5e7e0332-de7f-4520-950d-8ddd89c6bb4d}" Name="RefUID" DisplayName="Ref UID" Type="Text" Required="FALSE" Group="BNP RE Site Columns" ShowInDisplayForm="FALSE" /><Field ID="{132cf135-22eb-418b-9e3d-423d3ef1c250}" Name="AnnualEmployeeEntity" DisplayName="$Resources:bnp,EmployeeEntity;" Type="Text" Required="FALSE" Group="BNP RE Site Columns"></Field><Field ID="{23993ffb-4497-46fa-9eed-8faf25ce2288}" Name="AnnualEmployeeFirstName" DisplayName="$Resources:bnp,FirstName;" Type="Text" Required="FALSE" Group="BNP RE Site Columns"></Field><Field ID="{B388D2FF-14A1-4074-82EC-FE40C02EFDB4}" Name="AnnualEmployeeLastName" DisplayName="$Resources:bnp, LastName;" Type="Text" Required="FALSE" Group="BNP RE Site Columns"></Field><Field ID="{5667F68A-0483-4F55-98A6-4A6218F99D40}" Name="AnnualEmployeeDepartment" DisplayName="$Resources:bnp, Department;" Type="Text" Required="FALSE" Group="BNP RE Site Columns"></Field><Field ID="{1509195e-479a-46ea-9253-c875ac68a1eb}" Name="Annual_QSensibility" DisplayName="$Resources:bnp,Annual_QSensibility;" Type="Boolean" Required="FALSE" Group="BNP RE Site Columns"><Default>1</Default></Field></Fields>
    <Views>
      
      
    <View BaseViewID="0" Type="HTML" MobileView="TRUE" TabularView="FALSE">
        <Toolbar Type="Standard" />
        <XslLink Default="TRUE">main.xsl</XslLink>
        <RowLimit Paged="TRUE">30</RowLimit>
        <ViewFields>
          
        <FieldRef Name="LinkTitleNoMenu"></FieldRef></ViewFields>
        <Query>
          <OrderBy>
            
          <FieldRef Name="Modified" Ascending="FALSE"></FieldRef></OrderBy>
        </Query>
        <ParameterBindings>
          <ParameterBinding Name="AddNewAnnouncement" Location="Resource(wss,addnewitem)" />
          <ParameterBinding Name="NoAnnouncements" Location="Resource(wss,noXinviewofY_LIST)" />
          <ParameterBinding Name="NoAnnouncementsHowTo" Location="Resource(wss,noXinviewofY_ONET_HOME)" />
        </ParameterBindings>
      </View><View BaseViewID="1" Type="HTML" WebPartZoneID="Main" DisplayName="$Resources:core,objectiv_schema_mwsidcamlidC24;" DefaultView="TRUE" MobileView="TRUE" MobileDefaultView="TRUE" SetupPath="pages\viewpage.aspx" ImageUrl="/_layouts/15/images/generic.png?rev=23" Url="AllItems.aspx">
        <Toolbar Type="Standard" />
        <XslLink Default="TRUE">main.xsl</XslLink>
        <JSLink>clienttemplates.js</JSLink>
        <RowLimit Paged="TRUE">30</RowLimit>
        <ViewFields>
          
        <FieldRef Name="LinkTitle"></FieldRef><FieldRef Name="Annual_Q1" /><FieldRef Name="Annual_Q2" /><FieldRef Name="Annual_Q3" /><FieldRef Name="Annual_Q4" /><FieldRef Name="Annual_Q5" /><FieldRef Name="Annual_Q6" /><FieldRef Name="Annual_Q7" /><FieldRef Name="Annual_Q8" /><FieldRef Name="Annual_Q9" /><FieldRef Name="Annual_Q10" /><FieldRef Name="Annual_QLanguage" /><FieldRef Name="Annual_QLocalCountry" /><FieldRef Name="AnnualRequestor" /><FieldRef Name="RefEPId" /><FieldRef Name="RefUID" /><FieldRef Name="AnnualEmployeeEntity" /><FieldRef Name="AnnualEmployeeFirstName" /><FieldRef Name="AnnualEmployeeLastName" /><FieldRef Name="AnnualEmployeeDepartment" /><FieldRef Name="Annual_QSensibility" /></ViewFields>
        <Query>
          <OrderBy>
            
          <FieldRef Name="ID"></FieldRef></OrderBy>
        </Query>
        <ParameterBindings>
          <ParameterBinding Name="NoAnnouncements" Location="Resource(wss,noXinviewofY_LIST)" />
          <ParameterBinding Name="NoAnnouncementsHowTo" Location="Resource(wss,noXinviewofY_DEFAULT)" />
        </ParameterBindings>
      </View></Views>
    <Forms>
      <Form Type="DisplayForm" Url="DispForm.aspx" SetupPath="pages\form.aspx" WebPartZoneID="Main" />
      <Form Type="EditForm" Url="EditForm.aspx" SetupPath="pages\form.aspx" WebPartZoneID="Main" />
      <Form Type="NewForm" Url="NewForm.aspx" SetupPath="pages\form.aspx" WebPartZoneID="Main" />
    </Forms>
  </MetaData>
</List>