﻿<?xml version="1.0" encoding="utf-8"?>
<Elements xmlns="http://schemas.microsoft.com/sharepoint/">  
  <Field
       ID="{08097d68-de46-44b7-8edd-d89b77396ff8}"
       Name="MinutesType"
       DisplayName="$Resources:BNPPI.RE.DocsDSI.portal,Fields_MinutesTypeDisplayName;"
       Type="Choice"
         Format="Dropdown"
       FillInChoice="FALSE"
       Required="FALSE"
       Group="$Resources:BNPPI.RE.DocsDSI.portal,Fields_GroupName;">

    <CHOICES>
      <CHOICE>Test Unitaires</CHOICE>
      <CHOICE>Tests Techniques</CHOICE>
      <CHOICE>Tests Fonctionnels</CHOICE>
      <CHOICE> Tests de non regression</CHOICE>
    </CHOICES>
    
    
  </Field>
</Elements>
