﻿<?xml version="1.0" encoding="utf-8"?>
<Elements xmlns="http://schemas.microsoft.com/sharepoint/">  
  <Field
       ID="{9ac6b2ee-93aa-49b1-bd47-ea54f23a43a6}"
       Name="AnnualDeclarationStatus"
       DisplayName="$Resources:bnp,DeclarationStatus;"
       Type="Choice"
       Required="FALSE"
       Group="BNP RE Site Columns">
	  <CHOICES>
		  <CHOICE>$Resources:bnp,Ongoing</CHOICE>
		  <CHOICE>$Resources:bnp,Accepted</CHOICE>
		  <CHOICE>$Resources:bnp,Rejected</CHOICE>
	  </CHOICES>
  </Field>
</Elements>
