﻿<?xml version="1.0" encoding="utf-8"?>
<Elements xmlns="http://schemas.microsoft.com/sharepoint/">
	<!-- Application Hyper link columns-->
	<Field
	  ID="{d8e9d0e8-9af5-4d5d-9a8f-76e5a6eae9d3}"
	  Name="UrlRunArchitectureSchemeFile"
	  DisplayName="$Resources:BNPPI.RE.DocsDSI.portal,Fields_UrlRunArchitectureSchemeFileDisplayName;"
	  Type="URL"
	  Format="Hyperlink"
	  Required="FALSE"
	  EnforceUniqueValues="FALSE"
	  Indexed="FALSE"
	  Group="$Resources:BNPPI.RE.DocsDSI.portal,Fields_GroupName;">
	</Field>

	<Field
	  ID="{EAED8D41-DC48-4156-90DD-32C12B505F08}"
	  Name="UrlRunSchemeOfExploitationFile"
	  DisplayName="$Resources:BNPPI.RE.DocsDSI.portal,Fields_UrlRunSchemeOfExploitationFileDisplayName;"
	  Type="URL"
	  Format="Hyperlink"
	  Required="FALSE"
	  EnforceUniqueValues="FALSE"
	  Indexed="FALSE"
	  Group="$Resources:BNPPI.RE.DocsDSI.portal,Fields_GroupName;">
	</Field>

	<Field
	  ID="{66EF9FE8-DED8-4568-815B-889D5C26B264}"
	  Name="UrlRunSchemeOfInstallationFile"
	  DisplayName="$Resources:BNPPI.RE.DocsDSI.portal,Fields_UrlRunSchemeOfInstallationFileDisplayName;"
	  Type="URL"
	  Format="Hyperlink"
	  Required="FALSE"
	  EnforceUniqueValues="FALSE"
	  Indexed="FALSE"
	  Group="$Resources:BNPPI.RE.DocsDSI.portal,Fields_GroupName;">
	</Field>

	<Field
	  ID="{BE743122-4BFC-4242-B87D-9AC26ED3812E}"
	  Name="UrlRunSanityCheckApplicationFile"
	  DisplayName="$Resources:BNPPI.RE.DocsDSI.portal,Fields_UrlRunSanityCheckApplicationFileDisplayName;"
	  Type="URL"
	  Format="Hyperlink"
	  Required="FALSE"
	  EnforceUniqueValues="FALSE"
	  Indexed="FALSE"
	  Group="$Resources:BNPPI.RE.DocsDSI.portal,Fields_GroupName;">
	</Field>

	<Field
	  ID="{894DC05D-5A20-4DED-A023-1243AF1D9DA7}"
	  Name="UrlRunSupportDocumentationFile"
	  DisplayName="$Resources:BNPPI.RE.DocsDSI.portal,Fields_UrlRunSupportDocumentationFileDisplayName;"
	  Type="URL"
	  Format="Hyperlink"
	  Required="FALSE"
	  EnforceUniqueValues="FALSE"
	  Indexed="FALSE"
	  Group="$Resources:BNPPI.RE.DocsDSI.portal,Fields_GroupName;">
	</Field>

	<Field
	  ID="{5BFA5CBA-15FF-437A-8726-E9A514927F96}"
	  Name="UrlRunUserGuideFile"
	  DisplayName="$Resources:BNPPI.RE.DocsDSI.portal,Fields_UrlRunUserGuideFileDisplayName;"
	  Type="URL"
	  Format="Hyperlink"
	  Required="FALSE"
	  EnforceUniqueValues="FALSE"
	  Indexed="FALSE"
	  Group="$Resources:BNPPI.RE.DocsDSI.portal,Fields_GroupName;">
	</Field>

	<Field
	  ID="{AB05E0C1-1C18-4C87-A47D-7720D5A5D2CF}"
	  Name="UrlRunSecurityDocumentFile"
	  DisplayName="$Resources:BNPPI.RE.DocsDSI.portal,Fields_UrlRunSecurityDocumentFileDisplayName;"
	  Type="URL"
	  Format="Hyperlink"
	  Required="FALSE"
	  EnforceUniqueValues="FALSE"
	  Indexed="FALSE"
	  Group="$Resources:BNPPI.RE.DocsDSI.portal,Fields_GroupName;">
	</Field>

	<Field
	  ID="{A9BF55E1-1C6B-4EA9-8C04-CCBA70560EBE}"
	  Name="UrlRunNonRegressionTestsBookFile"
	  DisplayName="$Resources:BNPPI.RE.DocsDSI.portal,Fields_UrlRunNonRegressionTestsBookFileDisplayName;"
	  Type="URL"
	  Format="Hyperlink"
	  Required="FALSE"
	  EnforceUniqueValues="FALSE"
	  Indexed="FALSE"
	  Group="$Resources:BNPPI.RE.DocsDSI.portal,Fields_GroupName;">
	</Field>

	<Field
	  ID="{991faabc-72f6-4c71-a1ed-2291494252f8}"
	  Name="UrlRunOtherDocuments"
	  DisplayName="$Resources:BNPPI.RE.DocsDSI.portal,Fields_UrlRunOtherDocumentsDisplayName;"
	  Type="URL"
	  Format="Hyperlink"
	  Required="FALSE"
	  EnforceUniqueValues="FALSE"
	  Indexed="FALSE"
	  Group="$Resources:BNPPI.RE.DocsDSI.portal,Fields_GroupName;">
	</Field>


	<!-- Projects Hyper link columns-->
	<Field
	  ID="{68FFB796-B142-4095-88DD-F2F436DF39E3}"
	  Name="BalanceSheet"
	  DisplayName="$Resources:BNPPI.RE.DocsDSI.portal,Fields_UrlBalanceSheetFileDisplayName;"
	  Type="URL"
	  Format="Hyperlink"
	  Required="FALSE"
	  EnforceUniqueValues="FALSE"
	  Indexed="FALSE"
	  Group="$Resources:BNPPI.RE.DocsDSI.portal,Fields_GroupName;">
	</Field>

	<Field
	  ID="{F4BE182C-5C97-4248-9063-DD846196FE65}"
	  Name="C2I"
	  DisplayName="$Resources:BNPPI.RE.DocsDSI.portal,Fields_UrlC2iFileDisplayName;"
	  Type="URL"
	  Format="Hyperlink"
	  Required="FALSE"
	  EnforceUniqueValues="FALSE"
	  Indexed="FALSE"
	  Group="$Resources:BNPPI.RE.DocsDSI.portal,Fields_GroupName;">
	</Field>

	<Field
	  ID="{381A4A08-29CB-4508-AF39-629797DC09DD}"
	  Name="CMAT"
	  DisplayName="$Resources:BNPPI.RE.DocsDSI.portal,Fields_UrlCmatFileDisplayName;"
	  Type="URL"
	  Format="Hyperlink"
	  Required="FALSE"
	  EnforceUniqueValues="FALSE"
	  Indexed="FALSE"
	  Group="$Resources:BNPPI.RE.DocsDSI.portal,Fields_GroupName;">
	</Field>

	<Field
	  ID="{3a242a9b-ccfc-4671-83aa-7c86f7a81f6b}"
	  Name="COMIT"
	  DisplayName="$Resources:BNPPI.RE.DocsDSI.portal,Fields_UrlComitFileDisplayName;"
	  Type="URL"
	  Format="Hyperlink"
	  Required="FALSE"
	  EnforceUniqueValues="FALSE"
	  Indexed="FALSE"
	  Group="$Resources:BNPPI.RE.DocsDSI.portal,Fields_GroupName;">
	</Field>

	<Field
	  ID="{F43253AF-9199-451C-804B-B89E855581D8}"
	  Name="CVIT"
	  DisplayName="$Resources:BNPPI.RE.DocsDSI.portal,Fields_UrlCvitFileDisplayName;"
	  Type="URL"
	  Format="Hyperlink"
	  Required="FALSE"
	  EnforceUniqueValues="FALSE"
	  Indexed="FALSE"
	  Group="$Resources:BNPPI.RE.DocsDSI.portal,Fields_GroupName;">
	</Field>

	<Field
	  ID="{565151AA-EF31-44A4-9070-5D3CB828B443}"
	  Name="DeliveryCards"
	  DisplayName="$Resources:BNPPI.RE.DocsDSI.portal,Fields_UrlDeliveryCardsFileDisplayName;"
	  Type="URL"
	  Format="Hyperlink"
	  Required="FALSE"
	  EnforceUniqueValues="FALSE"
	  Indexed="FALSE"
	  Group="$Resources:BNPPI.RE.DocsDSI.portal,Fields_GroupName;">
	</Field>

	<Field
	  ID="{4B252B34-322A-4915-920E-A37F0BD42723}"
	  Name="Demands"
	  DisplayName="$Resources:BNPPI.RE.DocsDSI.portal,Fields_UrlDemandsFileDisplayName;"
	  Type="URL"
	  Format="Hyperlink"
	  Required="FALSE"
	  EnforceUniqueValues="FALSE"
	  Indexed="FALSE"
	  Group="$Resources:BNPPI.RE.DocsDSI.portal,Fields_GroupName;">
	</Field>

	<Field
	  ID="{E16A9984-052E-4EA0-982A-3464BE32612F}"
	  Name="IRPP"
	  DisplayName="$Resources:BNPPI.RE.DocsDSI.portal,Fields_UrlIRPPFileDisplayName;"
	  Type="URL"
	  Format="Hyperlink"
	  Required="FALSE"
	  EnforceUniqueValues="FALSE"
	  Indexed="FALSE"
	  Group="$Resources:BNPPI.RE.DocsDSI.portal,Fields_GroupName;">
	</Field>

	<Field
	  ID="{A9ED5CE3-259B-4679-8E5A-D136F016594E}"
	  Name="Minutes"
	  DisplayName="$Resources:BNPPI.RE.DocsDSI.portal,Fields_UrlMinutesFileDisplayName;"
	  Type="URL"
	  Format="Hyperlink"
	  Required="FALSE"
	  EnforceUniqueValues="FALSE"
	  Indexed="FALSE"
	  Group="$Resources:BNPPI.RE.DocsDSI.portal,Fields_GroupName;">
	</Field>

	<Field
	  ID="{DC1097A6-CD73-46EF-90CD-2048271097E0}"
	  Name="OtherDocs"
	  DisplayName="$Resources:BNPPI.RE.DocsDSI.portal,Fields_UrlOtherDocsFileDisplayName;"
	  Type="URL"
	  Format="Hyperlink"
	  Required="FALSE"
	  EnforceUniqueValues="FALSE"
	  Indexed="FALSE"
	  Group="$Resources:BNPPI.RE.DocsDSI.portal,Fields_GroupName;">
	</Field>

	<Field
	  ID="{4D8FF22B-14E5-4C95-98F1-55273FE38D0C}"
	  Name="ReleaseNotes"
	  DisplayName="$Resources:BNPPI.RE.DocsDSI.portal,Fields_UrlReleaseNotesFileDisplayName;"
	  Type="URL"
	  Format="Hyperlink"
	  Required="FALSE"
	  EnforceUniqueValues="FALSE"
	  Indexed="FALSE"
	  Group="$Resources:BNPPI.RE.DocsDSI.portal,Fields_GroupName;">
	</Field>

	<Field
	  ID="{2B1867C5-AF47-4762-808A-F25EF898DB3A}"
	  Name="Specifications"
	  DisplayName="$Resources:BNPPI.RE.DocsDSI.portal,Fields_UrlSpecificationsFileDisplayName;"
	  Type="URL"
	  Format="Hyperlink"
	  Required="FALSE"
	  EnforceUniqueValues="FALSE"
	  Indexed="FALSE"
	  Group="$Resources:BNPPI.RE.DocsDSI.portal,Fields_GroupName;">
	</Field>

	<Field
	  ID="{8E5A5486-F76E-4391-8614-CE317C3B0344}"
	  Name="TestsBook"
	  DisplayName="$Resources:BNPPI.RE.DocsDSI.portal,Fields_UrlTestsBookFileDisplayName;"
	  Type="URL"
	  Format="Hyperlink"
	  Required="FALSE"
	  EnforceUniqueValues="FALSE"
	  Indexed="FALSE"
	  Group="$Resources:BNPPI.RE.DocsDSI.portal,Fields_GroupName;">
	</Field>

	<Field
	   ID="{165d5eca-2007-4293-a52f-44d83251069b}"
	   Name="COPIL"
	   DisplayName="$Resources:BNPPI.RE.DocsDSI.portal,Fields_UrlCopilFileDisplayName;"
	   Type="URL"
	   Format="Hyperlink"
	   Required="FALSE"
	   EnforceUniqueValues="FALSE"
	   Indexed="FALSE"
	   Group="$Resources:BNPPI.RE.DocsDSI.portal,Fields_GroupName;">
	</Field>

	<Field
	   ID="{79faf09c-5107-48d2-bd64-5621d693999f}"
	   Name="SVC"
	   DisplayName="$Resources:BNPPI.RE.DocsDSI.portal,Fields_UrlSVCFileDisplayName;"
	   Type="URL"
	   Format="Hyperlink"
	   Required="FALSE"
	   EnforceUniqueValues="FALSE"
	   Indexed="FALSE"
	   Group="$Resources:BNPPI.RE.DocsDSI.portal,Fields_GroupName;">
	</Field>

	<Field
	   ID="{2d8284cb-c855-4101-a43d-c39057a0108d}"
	   Name="IDCard"
	   Type="URL"
	    DisplayName="$Resources:BNPPI.RE.DocsDSI.portal,Fields_UrlIdCardDisplayName;"
	   Format="Hyperlink"
	   Required="FALSE"
	   EnforceUniqueValues="FALSE"
	   Indexed="FALSE"
	   Group="$Resources:BNPPI.RE.DocsDSI.portal,Fields_GroupName;">
	</Field>

</Elements>
