﻿<?xml version="1.0" encoding="utf-8"?>
<Elements xmlns="http://schemas.microsoft.com/sharepoint/">
  <!-- Parent ContentType: Item (0x01) -->
  <ContentType ID="0x0100FCEDD8E1CBA04B41BB75087F21AF2536" Name="CTPresentDashboard" Group="Custom Content Types" Description="My Content Type" Inherits="TRUE" Version="0">
    <FieldRefs>
      <FieldRef ID="{54ae0287-8603-420d-aef0-f531dd651fc2}" DisplayName="Present_Employee Information" Required="FALSE" Name="Present_EmployeeInformation" />
      <FieldRef ID="{bc6cc549-8597-49ec-945e-00a641975cf9}" DisplayName="Present_Employee Entity" Required="FALSE" Name="Present_EmployeeEntity" />
      <FieldRef ID="{09ce5f15-aa0e-48b5-83af-90ecae264fde}" DisplayName="Present_Declaration Status" Required="FALSE" Name="Present_DeclarationStatus" />
      <FieldRef ID="{97a75e4c-8bde-4ba9-a90d-17762ed0e0ce}" DisplayName="Present_Declaration Type" Required="FALSE" Name="Present_DeclarationType" />
      <FieldRef ID="{cf57f026-7e85-46b1-8be6-ca0e2cd73681}" DisplayName="Present_Declaration Id" Required="FALSE" Name="Present_DeclarationId" />
      <FieldRef ID="{8c8a5498-9cd5-45e2-a6a4-3b449deec03d}" DisplayName="Present_Declaration Date" Required="FALSE" Name="Present_DeclarationDate" />
      <FieldRef ID="{6dd72add-e51f-45d7-bf80-49093cd21991}" DisplayName="Present_Employee Country" Required="FALSE" Name="Present_EmployeeCountry" />
    </FieldRefs>
  </ContentType>
</Elements>