﻿<?xml version="1.0" encoding="utf-8"?>
<Solution xmlns="http://schemas.microsoft.com/sharepoint/" SolutionId="11bc9d03-278e-4c55-9b7c-f8fc2bf241fc" ResetWebServer="TRUE" SharePointProductVersion="19.0">
  <Assemblies>
    <Assembly Location="BNPPI.RE.DocsDsi.Portal.dll" DeploymentTarget="GlobalAssemblyCache">
      <SafeControls>
        <SafeControl Assembly="BNPPI.RE.DocsDsi.Portal, Version=1.0.0.0, Culture=neutral, PublicKeyToken=7d338a002c73e681" Namespace="BNPPI.RE.DocsDsi.Portal.WebParts.AppSummary" TypeName="*" />
        <SafeControl Assembly="BNPPI.RE.DocsDsi.Portal, Version=1.0.0.0, Culture=neutral, PublicKeyToken=7d338a002c73e681" Namespace="BNPPI.RE.DocsDsi.Portal.WebParts.ProjectSummary" TypeName="*" />
      </SafeControls>
    </Assembly>
  </Assemblies>
  <RootFiles>
    <RootFile Location="Resources\BNPPI.RE.DocsDSI.portal.resx" />
    <RootFile Location="Resources\BNPPI.RE.DocsDSI.portal.fr-fr.resx" />
    <RootFile Location="Resources\BNPPI.RE.DocsDSI.portal.en-us.resx" />
    <RootFile Location="ISAPI\DocsDsi\HomeService.svc" />
  </RootFiles>
  <TemplateFiles>
    <TemplateFile Location="CONTROLTEMPLATES\BNPPI.RE.DocsDsi.Portal.WebParts\AppSummary\AppSummaryUserControl.ascx" />
    <TemplateFile Location="CONTROLTEMPLATES\BNPPI.RE.DocsDsi.Portal.WebParts\ProjectSummary\ProjectSummaryUserControl.ascx" />
    <TemplateFile Location="CONTROLTEMPLATES\DocsDsi\SwitchLanguage.ascx" />
    <TemplateFile Location="Layouts\BNPPI.RE.DocsDsi.Portal\ApplicationPage1.aspx" />
  </TemplateFiles>
  <FeatureManifests>
    <FeatureManifest Location="BNPPI.RE.DocsDsi.Portal_A-DocsDsi - SiteProvisionPages\Feature.xml" />
    <FeatureManifest Location="BNPPI.RE.DocsDsi.Portal_B-DocsDsi - SiteCommonDataSiteColumns\Feature.xml" />
    <FeatureManifest Location="BNPPI.RE.DocsDsi.Portal_D-DocsDsi - SiteBranding\Feature.xml" />
    <FeatureManifest Location="BNPPI.RE.DocsDsi.Portal_00-DocsDsi - WebCommonDataParamsLists\Feature.xml" />
    <FeatureManifest Location="BNPPI.RE.DocsDsi.Portal_01-DocsDsi - WebCommonDataApplicationsList\Feature.xml" />
    <FeatureManifest Location="BNPPI.RE.DocsDsi.Portal_C-DocsDsi - SiteWebPartsFeature\Feature.xml" />
    <FeatureManifest Location="BNPPI.RE.DocsDsi.Portal_02-DocsDsi - WebCommonDataRunLibraries\Feature.xml" />
    <FeatureManifest Location="BNPPI.RE.DocsDsi.Portal_03-DocsDsi - WebCommonDataProjectsList\Feature.xml" />
    <FeatureManifest Location="BNPPI.RE.DocsDsi.Portal_04-DocsDsi - WebCommonDataForProjectLibraries\Feature.xml" />
    <FeatureManifest Location="BNPPI.RE.DocsDsi.Portal_05-DocsDsi - WebCommonEventsReceivers\Feature.xml" />
  </FeatureManifests>
</Solution>
