﻿<?xml version="1.0" encoding="utf-8"?>
<Elements xmlns="http://schemas.microsoft.com/sharepoint/">
  <!-- Parent ContentType: Workflow Task (SharePoint 2013) (0x0108003365C4474CAE8C42BCE396314E88E51F) -->
  <ContentType ID="0x0108003365C4474CAE8C42BCE396314E88E51F00D43525D92F7A4A6B8F7A45FC7CB15F82" Name="CTObiOutcomeFirstPhase2" Group="Custom Content Types" Description="My Content Type" Inherits="TRUE" Version="0">
    <FieldRefs>
	    <FieldRef ID="{c36400c9-85b3-4a9f-be4d-ec91ddea1cc7}" DisplayName="Obi Local Comment" Required="TRUE" Name="ObiLocalComment" />
		<FieldRef ID="{66dda1a5-d5a7-4214-94b1-c2300e88af7c}" DisplayName="Obi Follow Up Actions" Required="TRUE" Name="ObiFollowUpActions" />
      <FieldRef ID="{930bf974-521c-44d2-9ca4-3ff005d035e4}" DisplayName="Obi Deadline Follow Up" Required="TRUE" Name="ObiDeadlineFollowUp" />
      <FieldRef ID="{ce434dd0-2319-4a77-9546-b7c2553eb357}" DisplayName="Obi Outcome First Phase" Required="FALSE" Name="ObiOutcomeFirstPhase" />
    </FieldRefs>
  </ContentType>
</Elements>