﻿<?xml version="1.0" encoding="utf-8"?>
<Elements xmlns="http://schemas.microsoft.com/sharepoint/">
  <!-- Parent ContentType: Item (0x01) -->
  <ContentType ID="0x010093A0F63E8A284E8E92BC76DB7E378AFF" Name="$Resources:BNPPI.RE.DocsDSI.portal,ContentTypes_CTProjectName;" Group="$Resources:BNPPI.RE.DocsDSI.portal,ContentTypes_GroupName" Description="$Resources:BNPPI.RE.DocsDSI.portal,ContentTypes_CTProjectDescription;" Inherits="TRUE" Version="0">
    <FieldRefs>
      <FieldRef ID="{292b25de-ff4e-488f-9646-bbcba414beb3}" DisplayName="$Resources:BNPPI.RE.DocsDSI.portal,Fields_IDProjetDisplayName;" Required="FALSE" Name="CodeIDProjet" ShowInEditForm="FALSE" ShowInNewForm="FALSE" />
      <FieldRef ID="{781d1f4f-3a45-4eb5-abd9-e823055053a3}" DisplayName="$Resources:BNPPI.RE.DocsDSI.portal,Fields_ProjectStatusDisplayName;" Required="TRUE" Name="ProjectStatus" Format="Dropdown" />
      <FieldRef ID="{a2c4b35f-eca8-466f-af0b-01cf2423875b}" DisplayName="$Resources:BNPPI.RE.DocsDSI.portal,Fields_ToContactDisplayName;" Required="FALSE" Name="ToContact" />
      <FieldRef ID="{7ad62956-79d0-49a1-9d49-4c296b77c82f}" DisplayName="$Resources:BNPPI.RE.DocsDSI.portal,Fields_ToNotifyDisplayName;" Required="FALSE" Name="ToNotify" />
      <FieldRef ID="{aa9b80c1-bb57-4f43-a90e-4e9efd5094e3}" DisplayName="$Resources:BNPPI.RE.DocsDSI.portal,Fields_CommonColCommentDisplayName;" Required="FALSE" Name="CommonColComment" />
      <FieldRef ID="{3a242a9b-ccfc-4671-83aa-7c86f7a81f6b}" DisplayName="$Resources:BNPPI.RE.DocsDSI.portal,Fields_UrlComitFileDisplayName;" Required="FALSE" Name="COMIT" Format="Hyperlink" ShowInEditForm="FALSE" ShowInNewForm="FALSE" />
      <FieldRef ID="{381A4A08-29CB-4508-AF39-629797DC09DD}" DisplayName="$Resources:BNPPI.RE.DocsDSI.portal,Fields_UrlCmatFileDisplayName;" Required="FALSE" Name="CMAT" Format="Hyperlink" ShowInEditForm="FALSE" ShowInNewForm="FALSE" />
      <FieldRef ID="{F43253AF-9199-451C-804B-B89E855581D8}" DisplayName="$Resources:BNPPI.RE.DocsDSI.portal,Fields_UrlCvitFileDisplayName;" Required="FALSE" Name="CVIT" Format="Hyperlink" ShowInEditForm="FALSE" ShowInNewForm="FALSE" />
      <FieldRef ID="{F4BE182C-5C97-4248-9063-DD846196FE65}" DisplayName="$Resources:BNPPI.RE.DocsDSI.portal,Fields_UrlC2iFileDisplayName;" Required="FALSE" Name="C2I" Format="Hyperlink" ShowInEditForm="FALSE" ShowInNewForm="FALSE" />
      <FieldRef ID="{E16A9984-052E-4EA0-982A-3464BE32612F}" DisplayName="$Resources:BNPPI.RE.DocsDSI.portal,Fields_UrlIRPPFileDisplayName;" Required="FALSE" Name="IRPP" Format="Hyperlink" ShowInEditForm="FALSE" ShowInNewForm="FALSE" />
      <FieldRef ID="{4B252B34-322A-4915-920E-A37F0BD42723}" DisplayName="$Resources:BNPPI.RE.DocsDSI.portal,Fields_UrlDemandsFileDisplayName;" Required="FALSE" Name="Demands" Format="Hyperlink" ShowInEditForm="FALSE" ShowInNewForm="FALSE" />
      <FieldRef ID="{2B1867C5-AF47-4762-808A-F25EF898DB3A}" DisplayName="$Resources:BNPPI.RE.DocsDSI.portal,Fields_UrlSpecificationsFileDisplayName;" Required="FALSE" Name="Specifications" Format="Hyperlink" ShowInEditForm="FALSE" ShowInNewForm="FALSE" />
      <FieldRef ID="{4D8FF22B-14E5-4C95-98F1-55273FE38D0C}" DisplayName="$Resources:BNPPI.RE.DocsDSI.portal,Fields_UrlReleaseNotesFileDisplayName;" Required="FALSE" Name="ReleaseNotes" Format="Hyperlink" ShowInEditForm="FALSE" ShowInNewForm="FALSE" />
      <FieldRef ID="{8E5A5486-F76E-4391-8614-CE317C3B0344}" DisplayName="$Resources:BNPPI.RE.DocsDSI.portal,Fields_UrlTestsBookFileDisplayName;" Required="FALSE" Name="TestsBook" Format="Hyperlink" ShowInEditForm="FALSE" ShowInNewForm="FALSE" />
      <FieldRef ID="{A9ED5CE3-259B-4679-8E5A-D136F016594E}" DisplayName="$Resources:BNPPI.RE.DocsDSI.portal,Fields_UrlMinutesFileDisplayName;" Required="FALSE" Name="Minutes" Format="Hyperlink" ShowInEditForm="FALSE" ShowInNewForm="FALSE" />
      <FieldRef ID="{565151AA-EF31-44A4-9070-5D3CB828B443}" DisplayName="$Resources:BNPPI.RE.DocsDSI.portal,Fields_UrlDeliveryCardsFileDisplayName;" Required="FALSE" Name="DeliveryCards" Format="Hyperlink" ShowInEditForm="FALSE" ShowInNewForm="FALSE" />
      <FieldRef ID="{68FFB796-B142-4095-88DD-F2F436DF39E3}" DisplayName="$Resources:BNPPI.RE.DocsDSI.portal,Fields_UrlBalanceSheetFileDisplayName;" Required="FALSE" Name="BalanceSheet" Format="Hyperlink" ShowInEditForm="FALSE" ShowInNewForm="FALSE" />
      <FieldRef ID="{DC1097A6-CD73-46EF-90CD-2048271097E0}" DisplayName="$Resources:BNPPI.RE.DocsDSI.portal,Fields_UrlOtherDocsFileDisplayName;" Required="FALSE" Name="OtherDocs" Format="Hyperlink" ShowInEditForm="FALSE" ShowInNewForm="FALSE" />
      <FieldRef ID="{165d5eca-2007-4293-a52f-44d83251069b}" DisplayName="$Resources:BNPPI.RE.DocsDSI.portal,Fields_UrlCopilFileDisplayName;" Required="FALSE" Name="COPIL" Format="Hyperlink" ShowInEditForm="FALSE" ShowInNewForm="FALSE" />
      <FieldRef ID="{79faf09c-5107-48d2-bd64-5621d693999f}" DisplayName="$Resources:BNPPI.RE.DocsDSI.portal,Fields_UrlSVCFileDisplayName;" Required="FALSE" Name="SVC" Format="Hyperlink" ShowInEditForm="FALSE" ShowInNewForm="FALSE" />
      <FieldRef ID="{2d8284cb-c855-4101-a43d-c39057a0108d}" DisplayName="ID CARD" Required="FALSE" Name="IDCard" Format="Hyperlink" ShowInEditForm="FALSE" ShowInNewForm="FALSE" />
    </FieldRefs>
  </ContentType>
</Elements>
