﻿<?xml version="1.0" encoding="utf-8"?>
<Elements xmlns="http://schemas.microsoft.com/sharepoint/">  
  <Field
       ID="{0adb68f3-d076-4ce1-85cd-465689b9bf9f}"
       Name="AppRTO"
        DisplayName="$Resources:BNPPI.RE.DocsDSI.portal,Fields_AppRTODisplayName;"
       Type="Choice"
	   Format="Dropdown"
	   Mult="FALSE"
       Required="TRUE"
	   Group="$Resources:BNPPI.RE.DocsDSI.portal,Fields_GroupName;">
	  <CHOICES>
		  <CHOICE>24h</CHOICE>
		  <CHOICE>8 to 24h</CHOICE>
		  <CHOICE>4h to 8h</CHOICE>
		  <CHOICE>4h</CHOICE>
	  </CHOICES>
	  <Default></Default>
  </Field>
</Elements>
