﻿<?xml version="1.0" encoding="utf-8"?>
<Elements xmlns="http://schemas.microsoft.com/sharepoint/">  
  <Field
       ID="{c28f1383-b933-4e71-8767-29b028620ed2}"
       Name="AppAuthentification"
	   DisplayName="$Resources:BNPPI.RE.DocsDSI.portal,Fields_AppAuthentificationDisplayName;"
       Type="Choice"
	   Format="RadioButtons"
	   Mult="TRUE"
       Required="TRUE"
	   Group="$Resources:BNPPI.RE.DocsDSI.portal,Fields_GroupName;">
	  <CHOICES>
		  <CHOICE>SSO/SSO</CHOICE>
		  <CHOICE>ITG/SSO</CHOICE>
		  <CHOICE>CIB/ADFS</CHOICE>
		  <CHOICE>BNPPRE/ADFS</CHOICE>
		  <CHOICE>EURO/GuideCas</CHOICE>
		  <CHOICE>Internal</CHOICE>
		  <CHOICE>Database</CHOICE>
		  <CHOICE>No Authentification</CHOICE>
	  </CHOICES>
	  <Default></Default>
  </Field>
</Elements>




