﻿<?xml version="1.0" encoding="utf-8"?>
<Elements xmlns="http://schemas.microsoft.com/sharepoint/">
  <ListInstance Title= "$Resources:BNPPI.RE.DocsDSI.portal,ListInstances_ParamCountryListName;"
                OnQuickLaunch="FALSE"
                TemplateType="100"
                FeatureId="00bfea71-de22-43b2-a848-c05709900100"
                Url="Lists/ParamCountryList"
                Description="$Resources:BNPPI.RE.DocsDSI.portal,ListInstances_ParamCountryListDescription;">
    <Data>
      <Rows>
        <Row >
          <Field Name='ID'>1</Field>
          <Field Name='Title'>Allemagne</Field>
        </Row>
        <Row >
          <Field Name='ID'>2</Field>
          <Field Name='Title'>Belgique</Field>
        </Row>
        <Row >
          <Field Name='ID'>3</Field>
          <Field Name='Title'>Espagne</Field>
        </Row>
        <Row >
          <Field Name='ID'>4</Field>
          <Field Name='Title'>France</Field>
        </Row>
        <Row >
          <Field Name='ID'>5</Field>
          <Field Name='Title'>Hongrie</Field>
        </Row>
        <Row >
          <Field Name='ID'>6</Field>
          <Field Name='Title'>Irlande</Field>
        </Row>
        <Row >
          <Field Name='ID'>7</Field>
          <Field Name='Title'>Italie</Field>
        </Row>
        <Row >
          <Field Name='ID'>8</Field>
          <Field Name='Title'>Luxembourg</Field>
        </Row>
        <Row >
          <Field Name='ID'>9</Field>
          <Field Name='Title'>Pays-Bas</Field>
        </Row>
        <Row >
          <Field Name='ID'>10</Field>
          <Field Name='Title'>Pologne</Field>
        </Row>
        <Row >
          <Field Name='ID'>11</Field>
          <Field Name='Title'>Portugal</Field>
        </Row>
        <Row >
          <Field Name='ID'>12</Field>
          <Field Name='Title'>République Tchèque</Field>
        </Row>
        <Row >
          <Field Name='ID'>13</Field>
          <Field Name='Title'>Royaume-Uni</Field>
        </Row>
        <Row >
          <Field Name='ID'>14</Field>
          <Field Name='Title'>Dubaï</Field>
        </Row>
        <Row >
          <Field Name='ID'>15</Field>
          <Field Name='Title'>Hong Kong, SAR China</Field>
        </Row>
        <Row >
          <Field Name='ID'>16</Field>
          <Field Name='Title'>Singapour</Field>
        </Row>
      </Rows>
    </Data>
  </ListInstance>
</Elements>
