﻿<?xml version="1.0" encoding="utf-8"?>
<Elements xmlns="http://schemas.microsoft.com/sharepoint/">  
  <Field
       ID="{6ec1e447-d6f0-4c8c-8f62-220d156bf03b}"
       Name="AppRPO"
	   DisplayName="$Resources:BNPPI.RE.DocsDSI.portal,Fields_AppRPODisplayName;"
       Type="Choice"
	   Format="Dropdown"
	   Mult="FALSE"
       Required="TRUE"
	   Group="$Resources:BNPPI.RE.DocsDSI.portal,Fields_GroupName;">
	  <CHOICES>
		  <CHOICE>24h</CHOICE>
		  <CHOICE>8 to 24h</CHOICE>
		  <CHOICE>4h to 8h</CHOICE>
		  <CHOICE>4h</CHOICE>
	  </CHOICES>
	  <Default></Default>
  </Field>
</Elements>
