﻿<?xml version="1.0" encoding="utf-8"?>
<List xmlns:ows="Microsoft SharePoint" Title="ListPresent" FolderCreation="FALSE" Direction="$Resources:Direction;" Url="Lists/ListPresent" BaseType="0" xmlns="http://schemas.microsoft.com/sharepoint/" EnableContentTypes="TRUE">
  <MetaData>
    <ContentTypes>
      
      
    <ContentType ID="0x0100320C051C85DE492D859EC0D68AA403E6" Name="CTPresentList" Group="Custom Content Types" Description="My Content Type" Inherits="TRUE" Version="0"><FieldRefs><FieldRef ID="{1ce160dd-e409-434d-a2d9-537627fb9ecc}" DisplayName="Present_Q 1" Required="FALSE" Name="Present_Q1" /><FieldRef ID="{a7bc3562-fa62-4e25-b60b-3d6dd6246112}" DisplayName="Present_Q 2" Required="FALSE" Name="Present_Q2" /><FieldRef ID="{abe8e3db-53e3-44f2-bf49-abe7ceea6095}" DisplayName="Present_Q 3" Required="FALSE" Name="Present_Q3" /><FieldRef ID="{79cdef43-7088-4b41-9fa4-55e8cd1a1a97}" DisplayName="Present_Q 4" Required="FALSE" Name="Present_Q4" /><FieldRef ID="{4475e374-2402-4a1b-87d7-0acb7cf1e312}" DisplayName="Present_Q 5" Required="FALSE" Name="Present_Q5" /><FieldRef ID="{1bd2a08d-952a-4f9c-bbab-21eaf97fe757}" DisplayName="Present_Q 6" Required="FALSE" Name="Present_Q6" /><FieldRef ID="{b8350138-7ef2-490b-b2f1-e74350bef9dc}" DisplayName="Present_Q 7" Required="FALSE" Name="Present_Q7" /><FieldRef ID="{840c0940-c521-4f89-9e04-7ef8e1edaab7}" DisplayName="Present_Q 8" Required="FALSE" Name="Present_Q8" /><FieldRef ID="{69494907-82fe-4b25-9b09-445e22189657}" DisplayName="Present_Q 9" Required="FALSE" Name="Present_Q9" /><FieldRef ID="{e14468f0-ae2d-4a44-8e1c-663b0d946a4f}" DisplayName="Present_Q 10" Required="FALSE" Name="Present_Q10" /><FieldRef ID="{6f69787b-d94e-4c21-9b99-c64a91786954}" DisplayName="Present_Q Language" Required="FALSE" Name="Present_QLanguage" /><FieldRef ID="{8bf52c4b-faec-46ee-9bc6-e806a93f1e63}" DisplayName="Present_Q Local Country" Required="FALSE" Name="Present_QLocalCountry" /><FieldRef ID="{49ec4382-36c7-45a3-902f-8e50dc4afa43}" DisplayName="Present_Q Manager" Required="FALSE" Name="Present_QManager" /></FieldRefs></ContentType><ContentTypeRef ID="0x01">
        <Folder TargetName="Item" />
      </ContentTypeRef><ContentTypeRef ID="0x0120" /></ContentTypes>
    <Fields>
      
    <Field ID="{fa564e0f-0c70-4ab9-b863-0177e6ddd247}" Type="Text" Name="Title" DisplayName="$Resources:core,Title;" Required="TRUE" SourceID="http://schemas.microsoft.com/sharepoint/v3" StaticName="Title" MaxLength="255" /><Field ID="{1ce160dd-e409-434d-a2d9-537627fb9ecc}" Name="Present_Q1" DisplayName="Present_Q 1" Type="Text" Required="FALSE" Group="Custom Site Columns"></Field><Field ID="{a7bc3562-fa62-4e25-b60b-3d6dd6246112}" Name="Present_Q2" DisplayName="Present_Q 2" Type="Text" Required="FALSE" Group="Custom Site Columns"></Field><Field ID="{abe8e3db-53e3-44f2-bf49-abe7ceea6095}" Name="Present_Q3" DisplayName="Present_Q 3" Type="Text" Required="FALSE" Group="Custom Site Columns"></Field><Field ID="{79cdef43-7088-4b41-9fa4-55e8cd1a1a97}" Name="Present_Q4" DisplayName="Present_Q 4" Type="Text" Required="FALSE" Group="Custom Site Columns"></Field><Field ID="{4475e374-2402-4a1b-87d7-0acb7cf1e312}" Name="Present_Q5" DisplayName="Present_Q 5" Type="Text" Required="FALSE" Group="Custom Site Columns"></Field><Field ID="{1bd2a08d-952a-4f9c-bbab-21eaf97fe757}" Name="Present_Q6" DisplayName="Present_Q 6" Type="Text" Required="FALSE" Group="Custom Site Columns"></Field><Field ID="{b8350138-7ef2-490b-b2f1-e74350bef9dc}" Name="Present_Q7" DisplayName="Present_Q 7" Type="Text" Required="FALSE" Group="Custom Site Columns"></Field><Field ID="{840c0940-c521-4f89-9e04-7ef8e1edaab7}" Name="Present_Q8" DisplayName="Present_Q 8" Type="Text" Required="FALSE" Group="Custom Site Columns"></Field><Field ID="{69494907-82fe-4b25-9b09-445e22189657}" Name="Present_Q9" DisplayName="Present_Q 9" Type="Text" Required="FALSE" Group="Custom Site Columns"></Field><Field ID="{e14468f0-ae2d-4a44-8e1c-663b0d946a4f}" Name="Present_Q10" DisplayName="Present_Q 10" Type="Text" Required="FALSE" Group="Custom Site Columns"></Field><Field ID="{6f69787b-d94e-4c21-9b99-c64a91786954}" Name="Present_QLanguage" DisplayName="Present_Q Language" Type="Text" Required="FALSE" Group="Custom Site Columns"></Field><Field ID="{8bf52c4b-faec-46ee-9bc6-e806a93f1e63}" Name="Present_QLocalCountry" DisplayName="Present_Q Local Country" Type="Text" Required="FALSE" Group="Custom Site Columns"></Field><Field ID="{49ec4382-36c7-45a3-902f-8e50dc4afa43}" Name="Present_QManager" DisplayName="Present_Q Manager" Type="Text" Required="FALSE" Group="Custom Site Columns"></Field></Fields>
    <Views>
      
      
    <View BaseViewID="0" Type="HTML" MobileView="TRUE" TabularView="FALSE">
        <Toolbar Type="Standard" />
        <XslLink Default="TRUE">main.xsl</XslLink>
        <RowLimit Paged="TRUE">30</RowLimit>
        <ViewFields>
          
        <FieldRef Name="LinkTitleNoMenu"></FieldRef></ViewFields>
        <Query>
          <OrderBy>
            
          <FieldRef Name="Modified" Ascending="FALSE"></FieldRef></OrderBy>
        </Query>
        <ParameterBindings>
          <ParameterBinding Name="AddNewAnnouncement" Location="Resource(wss,addnewitem)" />
          <ParameterBinding Name="NoAnnouncements" Location="Resource(wss,noXinviewofY_LIST)" />
          <ParameterBinding Name="NoAnnouncementsHowTo" Location="Resource(wss,noXinviewofY_ONET_HOME)" />
        </ParameterBindings>
      </View><View BaseViewID="1" Type="HTML" WebPartZoneID="Main" DisplayName="$Resources:core,objectiv_schema_mwsidcamlidC24;" DefaultView="TRUE" MobileView="TRUE" MobileDefaultView="TRUE" SetupPath="pages\viewpage.aspx" ImageUrl="/_layouts/15/images/generic.png?rev=23" Url="AllItems.aspx">
        <Toolbar Type="Standard" />
        <XslLink Default="TRUE">main.xsl</XslLink>
        <JSLink>clienttemplates.js</JSLink>
        <RowLimit Paged="TRUE">30</RowLimit>
        <ViewFields>
          
        <FieldRef Name="LinkTitle"></FieldRef><FieldRef Name="Present_Q1" /><FieldRef Name="Present_Q2" /><FieldRef Name="Present_Q3" /><FieldRef Name="Present_Q4" /><FieldRef Name="Present_Q5" /><FieldRef Name="Present_Q6" /><FieldRef Name="Present_Q7" /><FieldRef Name="Present_Q8" /><FieldRef Name="Present_Q9" /><FieldRef Name="Present_Q10" /><FieldRef Name="Present_QLanguage" /><FieldRef Name="Present_QLocalCountry" /><FieldRef Name="Present_QManager" /></ViewFields>
        <Query>
          <OrderBy>
            
          <FieldRef Name="ID"></FieldRef></OrderBy>
        </Query>
        <ParameterBindings>
          <ParameterBinding Name="NoAnnouncements" Location="Resource(wss,noXinviewofY_LIST)" />
          <ParameterBinding Name="NoAnnouncementsHowTo" Location="Resource(wss,noXinviewofY_DEFAULT)" />
        </ParameterBindings>
      </View></Views>
    <Forms>
      <Form Type="DisplayForm" Url="DispForm.aspx" SetupPath="pages\form.aspx" WebPartZoneID="Main" />
      <Form Type="EditForm" Url="EditForm.aspx" SetupPath="pages\form.aspx" WebPartZoneID="Main" />
      <Form Type="NewForm" Url="NewForm.aspx" SetupPath="pages\form.aspx" WebPartZoneID="Main" />
    </Forms>
  </MetaData>
</List>