﻿<?xml version="1.0" encoding="utf-8"?>
<List xmlns:ows="Microsoft SharePoint"
      Title="WorkListApplicationsList"
      FolderCreation="FALSE"
      Direction="$Resources:Direction;"
      Url="Lists/WorkListApplicationsList"
      BaseType="0"
      xmlns="http://schemas.microsoft.com/sharepoint/"
      EnableContentTypes="TRUE">
  <MetaData>
    <ContentTypes>









      <ContentType ID="0x01006CD0DD3AD75542F8AC347AB1E19C5600"
                   Name="$Resources:BNPPI.RE.DocsDSI.portal,ContentTypes_CTWorkListApplicationsName;"
                   Group="$Resources:BNPPI.RE.DocsDSI.portal,ContentTypes_GroupName;"
                   Description="$Resources:BNPPI.RE.DocsDSI.portal,ContentTypes_CTWorkListApplicationsDescription;"
                   Inherits="TRUE"
                   Version="0">
        <FieldRefs>
          <FieldRef ID="{d8e9d0e8-9af5-4d5d-9a8f-76e5a6eae9d3}"
                    DisplayName="$Resources:BNPPI.RE.DocsDSI.portal,Fields_UrlRunArchitectureSchemeFileDisplayName;"
                    Required="FALSE"
                    Name="UrlRunArchitectureSchemeFile"
                    Format="Hyperlink"
                    ShowInEditForm="FALSE"
                    ShowInNewForm="FALSE" />
          <FieldRef ID="{A9BF55E1-1C6B-4EA9-8C04-CCBA70560EBE}"
                    DisplayName="$Resources:BNPPI.RE.DocsDSI.portal,Fields_UrlRunNonRegressionTestsBookFileDisplayName;"
                    Required="FALSE"
                    Name="UrlRunNonRegressionTestsBookFile"
                    Format="Hyperlink"
                    ShowInEditForm="FALSE"
                    ShowInNewForm="FALSE" />
          <FieldRef ID="{BE743122-4BFC-4242-B87D-9AC26ED3812E}"
                    DisplayName="$Resources:BNPPI.RE.DocsDSI.portal,Fields_UrlRunSanityCheckApplicationFileDisplayName;"
                    Required="FALSE"
                    Name="UrlRunSanityCheckApplicationFile"
                    Format="Hyperlink"
                    ShowInEditForm="FALSE"
                    ShowInNewForm="FALSE" />
          <FieldRef ID="{EAED8D41-DC48-4156-90DD-32C12B505F08}"
                    DisplayName="$Resources:BNPPI.RE.DocsDSI.portal,Fields_UrlRunSchemeOfExploitationFileDisplayName;"
                    Required="FALSE"
                    Name="UrlRunSchemeOfExploitationFile"
                    Format="Hyperlink"
                    ShowInEditForm="FALSE"
                    ShowInNewForm="FALSE" />
          <FieldRef ID="{66EF9FE8-DED8-4568-815B-889D5C26B264}"
                    DisplayName="$Resources:BNPPI.RE.DocsDSI.portal,Fields_UrlRunSchemeOfInstallationFileDisplayName;"
                    Required="FALSE"
                    Name="UrlRunSchemeOfInstallationFile"
                    Format="Hyperlink"
                    ShowInEditForm="FALSE"
                    ShowInNewForm="FALSE" />
          <FieldRef ID="{AB05E0C1-1C18-4C87-A47D-7720D5A5D2CF}"
                    DisplayName="$Resources:BNPPI.RE.DocsDSI.portal,Fields_UrlRunSecurityDocumentFileDisplayName;"
                    Required="FALSE"
                    Name="UrlRunSecurityDocumentFile"
                    Format="Hyperlink"
                    ShowInEditForm="FALSE"
                    ShowInNewForm="FALSE" />
          <FieldRef ID="{894DC05D-5A20-4DED-A023-1243AF1D9DA7}"
                    DisplayName="$Resources:BNPPI.RE.DocsDSI.portal,Fields_UrlRunSupportDocumentationFileDisplayName;"
                    Required="FALSE"
                    Name="UrlRunSupportDocumentationFile"
                    Format="Hyperlink"
                    ShowInEditForm="FALSE"
                    ShowInNewForm="FALSE" />
          <FieldRef ID="{5BFA5CBA-15FF-437A-8726-E9A514927F96}"
                    DisplayName="$Resources:BNPPI.RE.DocsDSI.portal,Fields_UrlRunUserGuideFileDisplayName;"
                    Required="FALSE"
                    Name="UrlRunUserGuideFile"
                    Format="Hyperlink"
                    ShowInEditForm="FALSE"
                    ShowInNewForm="FALSE" />
        </FieldRefs>
      </ContentType>
    </ContentTypes>
    <Fields>

























































      <Field ID="{fa564e0f-0c70-4ab9-b863-0177e6ddd247}"
             Type="Text"
             Name="Title"
             DisplayName="$Resources:core,Title;"
             Required="TRUE"
             SourceID="http://schemas.microsoft.com/sharepoint/v3"
             StaticName="Title"
             MaxLength="255"
             ShowInDisplayForm="FALSE"
             ShowInViewForms="FALSE" />
      <Field ID="{d8e9d0e8-9af5-4d5d-9a8f-76e5a6eae9d3}"
             Name="UrlRunArchitectureSchemeFile"
             DisplayName="$Resources:BNPPI.RE.DocsDSI.portal,Fields_UrlRunArchitectureSchemeFileDisplayName;"
             Type="URL"
             Format="Hyperlink"
             Required="FALSE"
             EnforceUniqueValues="FALSE"
             Indexed="FALSE"
             Group="$Resources:BNPPI.RE.DocsDSI.portal,Fields_GroupName;"
             ShowInEditForm="FALSE"
             ShowInNewForm="FALSE"
             ShowInDisplayForm="FALSE"></Field>
      <Field ID="{A9BF55E1-1C6B-4EA9-8C04-CCBA70560EBE}"
             Name="UrlRunNonRegressionTestsBookFile"
             DisplayName="$Resources:BNPPI.RE.DocsDSI.portal,Fields_UrlRunNonRegressionTestsBookFileDisplayName;"
             Type="URL"
             Format="Hyperlink"
             Required="FALSE"
             EnforceUniqueValues="FALSE"
             Indexed="FALSE"
             Group="$Resources:BNPPI.RE.DocsDSI.portal,Fields_GroupName;"
             ShowInEditForm="FALSE"
             ShowInNewForm="FALSE"
             ShowInDisplayForm="FALSE"></Field>
      <Field ID="{BE743122-4BFC-4242-B87D-9AC26ED3812E}"
             Name="UrlRunSanityCheckApplicationFile"
             DisplayName="$Resources:BNPPI.RE.DocsDSI.portal,Fields_UrlRunSanityCheckApplicationFileDisplayName;"
             Type="URL"
             Format="Hyperlink"
             Required="FALSE"
             EnforceUniqueValues="FALSE"
             Indexed="FALSE"
             Group="$Resources:BNPPI.RE.DocsDSI.portal,Fields_GroupName;"
             ShowInEditForm="FALSE"
             ShowInNewForm="FALSE"
             ShowInDisplayForm="FALSE"></Field>
      <Field ID="{EAED8D41-DC48-4156-90DD-32C12B505F08}"
             Name="UrlRunSchemeOfExploitationFile"
             DisplayName="$Resources:BNPPI.RE.DocsDSI.portal,Fields_UrlRunSchemeOfExploitationFileDisplayName;"
             Type="URL"
             Format="Hyperlink"
             Required="FALSE"
             EnforceUniqueValues="FALSE"
             Indexed="FALSE"
             Group="$Resources:BNPPI.RE.DocsDSI.portal,Fields_GroupName;"
             ShowInEditForm="FALSE"
             ShowInNewForm="FALSE"
             ShowInDisplayForm="FALSE"></Field>
      <Field ID="{66EF9FE8-DED8-4568-815B-889D5C26B264}"
             Name="UrlRunSchemeOfInstallationFile"
             DisplayName="$Resources:BNPPI.RE.DocsDSI.portal,Fields_UrlRunSchemeOfInstallationFileDisplayName;"
             Type="URL"
             Format="Hyperlink"
             Required="FALSE"
             EnforceUniqueValues="FALSE"
             Indexed="FALSE"
             Group="$Resources:BNPPI.RE.DocsDSI.portal,Fields_GroupName;"
             ShowInEditForm="FALSE"
             ShowInNewForm="FALSE"
             ShowInDisplayForm="FALSE"></Field>
      <Field ID="{AB05E0C1-1C18-4C87-A47D-7720D5A5D2CF}"
             Name="UrlRunSecurityDocumentFile"
             DisplayName="$Resources:BNPPI.RE.DocsDSI.portal,Fields_UrlRunSecurityDocumentFileDisplayName;"
             Type="URL"
             Format="Hyperlink"
             Required="FALSE"
             EnforceUniqueValues="FALSE"
             Indexed="FALSE"
             Group="$Resources:BNPPI.RE.DocsDSI.portal,Fields_GroupName;"
             ShowInEditForm="FALSE"
             ShowInNewForm="FALSE"
             ShowInDisplayForm="FALSE"></Field>
      <Field ID="{894DC05D-5A20-4DED-A023-1243AF1D9DA7}"
             Name="UrlRunSupportDocumentationFile"
             DisplayName="$Resources:BNPPI.RE.DocsDSI.portal,Fields_UrlRunSupportDocumentationFileDisplayName;"
             Type="URL"
             Format="Hyperlink"
             Required="FALSE"
             EnforceUniqueValues="FALSE"
             Indexed="FALSE"
             Group="$Resources:BNPPI.RE.DocsDSI.portal,Fields_GroupName;"
             ShowInEditForm="FALSE"
             ShowInNewForm="FALSE"
             ShowInDisplayForm="FALSE"></Field>
      <Field ID="{5BFA5CBA-15FF-437A-8726-E9A514927F96}"
             Name="UrlRunUserGuideFile"
             DisplayName="$Resources:BNPPI.RE.DocsDSI.portal,Fields_UrlRunUserGuideFileDisplayName;"
             Type="URL"
             Format="Hyperlink"
             Required="FALSE"
             EnforceUniqueValues="FALSE"
             Indexed="FALSE"
             Group="$Resources:BNPPI.RE.DocsDSI.portal,Fields_GroupName;"
             ShowInEditForm="FALSE"
             ShowInNewForm="FALSE"
             ShowInDisplayForm="FALSE"></Field>
    </Fields>
    <Views>


















      <View BaseViewID="0"
            Type="HTML"
            MobileView="TRUE"
            TabularView="FALSE">
        <Toolbar Type="Standard" />
        <XslLink Default="TRUE">main.xsl</XslLink>
        <RowLimit Paged="TRUE">30</RowLimit>
        <ViewFields>









          <FieldRef Name="LinkTitleNoMenu"></FieldRef>
        </ViewFields>
        <Query>
          <OrderBy>









            <FieldRef Name="Modified"
                      Ascending="FALSE"></FieldRef>
          </OrderBy>
        </Query>
        <ParameterBindings>
          <ParameterBinding Name="AddNewAnnouncement"
                            Location="Resource(wss,addnewitem)" />
          <ParameterBinding Name="NoAnnouncements"
                            Location="Resource(wss,noXinviewofY_LIST)" />
          <ParameterBinding Name="NoAnnouncementsHowTo"
                            Location="Resource(wss,noXinviewofY_ONET_HOME)" />
        </ParameterBindings>
      </View>
      <View BaseViewID="1"
            Type="HTML"
            WebPartZoneID="Main"
            DisplayName="$Resources:core,objectiv_schema_mwsidcamlidC24;"
            DefaultView="TRUE"
            MobileView="TRUE"
            MobileDefaultView="TRUE"
            SetupPath="pages\viewpage.aspx"
            ImageUrl="/_layouts/15/images/generic.png?rev=23"
            Url="AllItems.aspx">
        <Toolbar Type="Standard" />
        <XslLink Default="TRUE">main.xsl</XslLink>
        <JSLink>clienttemplates.js</JSLink>
        <RowLimit Paged="TRUE">30</RowLimit>
        <ViewFields>









































          <FieldRef Name="LinkTitle"></FieldRef>
        </ViewFields>
        <Query>
          <OrderBy>









            <FieldRef Name="ID"></FieldRef>
          </OrderBy>
        </Query>
        <ParameterBindings>
          <ParameterBinding Name="NoAnnouncements"
                            Location="Resource(wss,noXinviewofY_LIST)" />
          <ParameterBinding Name="NoAnnouncementsHowTo"
                            Location="Resource(wss,noXinviewofY_DEFAULT)" />
        </ParameterBindings>
      </View>
    </Views>
    <Forms>
      <Form Type="DisplayForm"
            Url="DispForm.aspx"
            SetupPath="pages\form.aspx"
            WebPartZoneID="Main" />

      <!--<Form Type="DisplayForm"
            Url="DispForm.aspx"
            SetupPath="features\$SharePoint.Feature.DeploymentPath$\WorkListApplicationsList\DisplayApp.aspx"
            WebPartZoneID="Main" />-->

      <Form Type="EditForm"
            Url="EditForm.aspx"
            SetupPath="pages\form.aspx"
            WebPartZoneID="Main" />
      <Form Type="NewForm"
            Url="NewForm.aspx"
            SetupPath="pages\form.aspx"
            WebPartZoneID="Main" />
    </Forms>
  </MetaData>
</List>