﻿<?xml version="1.0" encoding="utf-8"?>
<List xmlns:ows="Microsoft SharePoint" Title="ListOBI" FolderCreation="FALSE" Direction="$Resources:Direction;" Url="Lists/ListOBI" BaseType="0" xmlns="http://schemas.microsoft.com/sharepoint/" EnableContentTypes="TRUE">
  <MetaData>
    <ContentTypes>
      
      
    <ContentType ID="0x010040C6B1CF72A941AEB0F7BA83FAE169D6" Name="CTObiList" Group="Custom Content Types" Description="My Content Type" Inherits="TRUE" Version="0"><FieldRefs><FieldRef ID="{762aa642-2653-42ba-9ce9-6237b2d0bd80}" DisplayName="$Resources:bnp, OBI_Form_Type_of_declaration;" Required="FALSE" Name="ObiQ1" /><FieldRef ID="{729640a3-af24-4289-a994-6d54cd62fd7a}" DisplayName="$Resources:bnp, OBI_Type_of_relation;" Required="FALSE" Name="ObiQ1_1" /><FieldRef ID="{deb2058e-466e-4f47-8456-198d04a30128}" DisplayName="$Resources:bnp, OBI_Name_of_associate;" Required="FALSE" Name="ObiQ1_2" /><FieldRef ID="{7a673352-9b3b-4e7b-8327-b2db56fdf564}" DisplayName="$Resources:bnp, OBI_New_activity;" Required="FALSE" Name="ObiQ1_3" /><FieldRef ID="{a425f48d-49d1-40c1-9578-d61ddedfb529}" DisplayName="$Resources:bnp, OBI_Q2;" Required="FALSE" Name="ObiQ2" /><FieldRef ID="{ad17733f-fef6-4934-8d0f-a2e4eea18790}" DisplayName="$Resources:bnp, OBI_Percentage_detention;" Required="FALSE" Name="ObiQ2_1" /><FieldRef ID="{b42eaf36-9b46-4e9e-bc65-f2eac3affd7c}" DisplayName="$Resources:bnp, OBI_Name_Company;" Required="FALSE" Name="ObiQ2_2" /><FieldRef ID="{24f8ec3b-84f4-40a8-bdf5-c36c39eb4732}" DisplayName="$Resources:bnp, OBI_Name_Public_Entity;" Required="FALSE" Name="ObiQ2_3" /><FieldRef ID="{774d95e8-3bd9-4cfa-99ac-5b1a2f8a0340}" DisplayName="$Resources:bnp, OBI_Description;" Required="FALSE" Name="ObiQ3" /><FieldRef ID="{821e17ff-4fd6-4ab5-b49c-9998c6ca4e1e}" DisplayName="$Resources:bnp, OBI_Q4;" Required="FALSE" Name="ObiQ4" /><FieldRef ID="{d5ef69ed-eba4-4047-83f4-7019469bded0}" DisplayName="$Resources:bnp, OBI_Form_BeginDate;" Required="FALSE" Name="ObiQ5" /><FieldRef ID="{7325aeda-8744-4a6c-91f1-c7e8d82a75ea}" DisplayName="$Resources:bnp, OBI_Form_EndDate;" Required="FALSE" Name="ObiQ5_1" /><FieldRef ID="{cdde4909-bedd-421a-b602-1a22765cd7fe}" DisplayName="$Resources:bnp, OBI_Q5_2;" Required="FALSE" Name="ObiQ5_2" /><FieldRef ID="{9a40ec15-86b1-462a-8110-1de155288a53}" DisplayName="$Resources:bnp, OBI_Q5_3;" Required="FALSE" Name="ObiQ5_3" /><FieldRef ID="{0e7fc744-19bc-4f31-83bd-621f7f94112c}" DisplayName="$Resources:bnp, OBI_Q6" Required="FALSE" Name="ObiQ6" /><FieldRef ID="{3ae0ef31-241b-441d-ad9e-32938e785705}" DisplayName="$Resources:bnp, OBI_Q7;" Required="FALSE" Name="ObiQ7" /><FieldRef ID="{72d70d38-7bbf-435d-a0a8-9049bc10fce0}" DisplayName="$Resources:bnp, OBI_Q8;" Required="FALSE" Name="ObiQ8" /><FieldRef ID="{76b6f3ae-26a9-428a-ad9e-940406289c27}" Name="ObiQ8_1" DisplayName="$Resources:bnp, OBI_Q81;" Required="FALSE" /><FieldRef ID="{5c6b5466-cd00-4b57-818f-441b2b06b981}" DisplayName="$Resources:bnp, OBI_Q9;" Required="FALSE" Name="ObiQ9" /><FieldRef ID="{27db4539-a7fe-47c7-b372-87af60a881de}" DisplayName="$Resources:bnp, OBI_Q9_1" Required="FALSE" Name="ObiQ9_1" /><FieldRef ID="{9caba86e-b792-4492-8603-f46391812180}" DisplayName="$Resources:bnp, OBI_Q10;" Required="FALSE" Name="ObiQ10" /><FieldRef ID="{b720e715-03e7-4039-a356-c23768970bf1}" DisplayName="$Resources:bnp, OBI_Q11;" Required="FALSE" Name="ObiQ11" /><FieldRef ID="{38b08984-c127-428b-bc27-0e6939c81d2a}" DisplayName="$Resources:bnp, OBI_Q12;" Required="FALSE" Name="ObiQ12" /><FieldRef ID="{efc9e24b-2234-40e8-9623-85776c310905}" DisplayName="$Resources:bnp, OBI_Explain;" Required="FALSE" Name="ObiQ12_1" /><FieldRef ID="{75733763-d74d-4010-b542-0588d9108e45}" DisplayName="Obi Q Local Compliance" Required="FALSE" Name="ObiQLocalCompliance" ShowInDisplayForm="FALSE" /><FieldRef ID="{cbbc9b40-7094-4111-8c84-62d597c5f8fd}" DisplayName="Obi Q Global Compliance" Required="FALSE" Name="ObiQGlobalCompliance" ShowInDisplayForm="FALSE" /><FieldRef ID="{6f44fd64-2490-4dd4-a291-20795b15f85b}" DisplayName="Obi Q Manager" Required="FALSE" Name="ObiQManager" /><FieldRef ID="{d3daa48f-7be7-4c82-b08e-c22abd1eafa0}" DisplayName="Obi Q Description" Required="FALSE" Name="ObiQDescription" /><FieldRef ID="{69642599-4735-4e5d-b881-84f26c4f5c46}" DisplayName="Obi Q Language" Required="FALSE" Name="ObiQLanguage" /><FieldRef ID="{dffc3506-905d-4f92-8205-e99377403170}" DisplayName="Obi Q Local Country" Required="FALSE" Name="ObiQLocalCountry" /><FieldRef ID="{7d0d0111-8281-4c8f-a773-89356eddd2fd}" DisplayName="$Resources:bnp, OBI_Q5_4;" Required="FALSE" Name="ObiQ5_4" /><FieldRef ID="{c36400c9-85b3-4a9f-be4d-ec91ddea1cc7}" DisplayName="Obi Local Comment" Required="FALSE" Name="ObiLocalComment" /><FieldRef ID="{4bdd6b09-c0ab-4b2d-9c79-d7dc94f0aa4d}" DisplayName="Obi Global Comment" Required="FALSE" Name="ObiGlobalComment" /><FieldRef ID="{1a3e4b08-9f1a-4d06-999f-f59af3ebbdeb}" DisplayName="Obi Manager Comment" Required="FALSE" Name="ObiManagerComment" /><FieldRef ID="{66dda1a5-d5a7-4214-94b1-c2300e88af7c}" DisplayName="Obi Follow Up Actions" Required="FALSE" Name="ObiFollowUpActions" /><FieldRef ID="{930bf974-521c-44d2-9ca4-3ff005d035e4}" DisplayName="Obi Deadline Follow Up" Required="FALSE" Name="ObiDeadlineFollowUp" /><FieldRef ID="{bcc882bd-efc5-4ae6-92b3-3790696f57ea}" Name="ObiGlobalFollowUpActions" DisplayName="Obi Global Follow Up Actions" Required="FALSE" /><FieldRef ID="{05ea7d8b-6a28-4379-82ca-6cd99a1124f3}" Name="ObiGlobaldeadlineFollowUp" DisplayName="Obi Globaldeadline Follow Up" Required="FALSE" /><FieldRef ID="{fd62e0a9-de9e-4265-83d3-51a45131070c}" DisplayName="$Resources:bnp, OBI_ISIN_Code;" Required="FALSE" Name="ObiQ3_1" /><FieldRef ID="{9dba2e60-50e9-4685-88b5-da69c7b353cb}" DisplayName="$Resources:bnp, OBI_Q12_2;" Required="FALSE" Name="ObiQ12_2" /><FieldRef ID="{aec73621-42d4-426b-a8a1-441c784e87f7}" DisplayName="$Resources:bnp, OBI_Explain;" Required="FALSE" Name="ObiQ4_1" /><FieldRef ID="{90D5E77F-0642-4E54-BC22-427F95E2B229}" Name="Actif" DisplayName="Actif" Required="FALSE" /><FieldRef ID="{DB883F20-9334-4135-BDA0-78B9B452E6DC}" Name="UpdateOBI" DisplayName="Update OBI" Required="FALSE" /><FieldRef ID="{A5B89EEB-D425-42DA-9E95-09E571BCC90A}" Name="OldRef" DisplayName="Old Ref" Required="FALSE" /><FieldRef ID="{1EC99EA4-E19E-4DDA-B370-116CD0FED6FD}" Name="WorkflowStatus" DisplayName="WorkflowStatus" Required="FALSE" /><FieldRef ID="{489C48AB-1790-456D-9A44-ADC0C862598C}" Name="ManagerCOI" DisplayName="ManagerCOI" Required="FALSE" /><FieldRef ID="{94F19A05-D691-4F19-8106-FDAD90ABA469}" Name="ManagerCOIComment" DisplayName="ManagerCOIComment" Required="FALSE" /><FieldRef ID="{1688E398-9F0B-4A61-AD19-D86488D79977}" Name="LocalcomplianceCOI" DisplayName="LocalcomplianceCOI" Required="FALSE" /><FieldRef ID="{5CB92F21-1564-4420-89F1-52E26D874179}" Name="LocalComplianceCOIComment" DisplayName="LocalComplianceCOIComment" Required="FALSE" /><FieldRef ID="{AF07DB85-6B3A-482A-9948-2FF8BF50F67F}" Name="GlobalComplianceCOI" DisplayName="GlobalComplianceCOI" Required="FALSE" /><FieldRef ID="{2BB19586-B962-484C-B7C1-9F8A02015DEC}" Name="GlobalComplianceCOIComment" DisplayName="GlobalComplianceCOIComment" Required="FALSE" /><FieldRef ID="{C56D4DAD-0039-4237-AB35-BD520931B65A}" Name="OBITypeList" DisplayName="OBITypeList" Required="FALSE" /><FieldRef ID="{DFBC3EC1-4E7F-4487-B882-788AD0285921}" Name="OBISubTypeList" DisplayName="OBISubTypeList" Required="FALSE" /><FieldRef ID="{37B277AE-6612-44E1-AAE7-103D96DA2940}" Name="ObiQ2_4" DisplayName="$Resources:bnp,Obi_Q2_4;" Required="FALSE" /><FieldRef ID="{A1A633EC-EFEE-4C01-926A-D97F96D254D3}" Name="ObiQ41" DisplayName="$Resources:bnp,Obi_Q41;" Required="FALSE" /><FieldRef ID="{21F06461-EC5B-415C-BD1A-4A0CC7E75460}" Name="ObiQ4_1_1" DisplayName="$Resources:bnp,Obi_Q4_1_1;" Required="FALSE" /><FieldRef ID="{5211afb7-3a70-4647-b476-82b26e8bdaa5}" Name="RefEPId" DisplayName="Ref EP Id" Required="FALSE" ShowInDisplayForm="FALSE" /></FieldRefs></ContentType></ContentTypes>
    <Fields>
      
    <Field ID="{fa564e0f-0c70-4ab9-b863-0177e6ddd247}" Type="Text" Name="Title" DisplayName="$Resources:core,Title;" Required="TRUE" SourceID="http://schemas.microsoft.com/sharepoint/v3" StaticName="Title" MaxLength="255" /><Field ID="{762aa642-2653-42ba-9ce9-6237b2d0bd80}" Name="ObiQ1" DisplayName="$Resources:bnp, OBI_Form_Type_of_declaration;" Type="Text" Required="FALSE" Group="BNP RE Site Columns"></Field><Field ID="{729640a3-af24-4289-a994-6d54cd62fd7a}" Name="ObiQ1_1" DisplayName="$Resources:bnp, OBI_Type_of_relation;" Type="Text" Required="FALSE" Group="BNP RE Site Columns"></Field><Field ID="{deb2058e-466e-4f47-8456-198d04a30128}" Name="ObiQ1_2" DisplayName="$Resources:bnp, OBI_Name_of_associate;" Type="Text" Required="FALSE" Group="BNP RE Site Columns"></Field><Field ID="{7a673352-9b3b-4e7b-8327-b2db56fdf564}" Name="ObiQ1_3" DisplayName="$Resources:bnp, OBI_New_activity;" Type="Text" Required="FALSE" Group="BNP RE Site Columns"></Field><Field ID="{a425f48d-49d1-40c1-9578-d61ddedfb529}" Name="ObiQ2" DisplayName="$Resources:bnp, OBI_Q2;" Type="Text" Required="FALSE" Group="BNP RE Site Columns"></Field><Field ID="{ad17733f-fef6-4934-8d0f-a2e4eea18790}" Name="ObiQ2_1" DisplayName="$Resources:bnp, OBI_Percentage_detention;" Type="Text" Required="FALSE" Group="BNP RE Site Columns"></Field><Field ID="{b42eaf36-9b46-4e9e-bc65-f2eac3affd7c}" Name="ObiQ2_2" DisplayName="$Resources:bnp, OBI_Name_Company;" Type="Text" Required="FALSE" Group="BNP RE Site Columns"></Field><Field ID="{24f8ec3b-84f4-40a8-bdf5-c36c39eb4732}" Name="ObiQ2_3" DisplayName="$Resources:bnp, OBI_Name_Public_Entity;" Type="Text" Required="FALSE" Group="BNP RE Site Columns"></Field><Field ID="{774d95e8-3bd9-4cfa-99ac-5b1a2f8a0340}" Name="ObiQ3" DisplayName="$Resources:bnp, OBI_Description;" Type="Text" Required="FALSE" Group="BNP RE Site Columns"></Field><Field ID="{821e17ff-4fd6-4ab5-b49c-9998c6ca4e1e}" Name="ObiQ4" DisplayName="$Resources:bnp, OBI_Q4;" Type="Text" Required="FALSE" Group="BNP RE Site Columns"></Field><Field ID="{d5ef69ed-eba4-4047-83f4-7019469bded0}" Name="ObiQ5" DisplayName="$Resources:bnp, OBI_Form_BeginDate;" Type="Text" Required="FALSE" Group="BNP RE Site Columns"></Field><Field ID="{7325aeda-8744-4a6c-91f1-c7e8d82a75ea}" Name="ObiQ5_1" DisplayName="$Resources:bnp, OBI_Form_EndDate;" Type="Text" Required="FALSE" Group="BNP RE Site Columns"></Field><Field ID="{cdde4909-bedd-421a-b602-1a22765cd7fe}" Name="ObiQ5_2" DisplayName="$Resources:bnp, OBI_Q5_2;" Type="Text" Required="FALSE" Group="BNP RE Site Columns"></Field><Field ID="{9a40ec15-86b1-462a-8110-1de155288a53}" Name="ObiQ5_3" DisplayName="$Resources:bnp, OBI_Q5_3;" Type="Text" Required="FALSE" Group="BNP RE Site Columns"></Field><Field ID="{0e7fc744-19bc-4f31-83bd-621f7f94112c}" Name="ObiQ6" DisplayName="$Resources:bnp, OBI_Q6" Type="Text" Required="FALSE" Group="BNP RE Site Columns"></Field><Field ID="{3ae0ef31-241b-441d-ad9e-32938e785705}" Name="ObiQ7" DisplayName="$Resources:bnp, OBI_Q7;" Type="Text" Required="FALSE" Group="BNP RE Site Columns"></Field><Field ID="{72d70d38-7bbf-435d-a0a8-9049bc10fce0}" Name="ObiQ8" DisplayName="$Resources:bnp, OBI_Q8;" Type="Text" Required="FALSE" Group="BNP RE Site Columns"></Field><Field ID="{76b6f3ae-26a9-428a-ad9e-940406289c27}" Name="ObiQ8_1" DisplayName="$Resources:bnp, OBI_Q81;" Type="Text" Required="FALSE" Group="Custom Site Columns"></Field><Field ID="{5c6b5466-cd00-4b57-818f-441b2b06b981}" Name="ObiQ9" DisplayName="$Resources:bnp, OBI_Q9;" Type="Text" Required="FALSE" Group="BNP RE Site Columns"></Field><Field ID="{27db4539-a7fe-47c7-b372-87af60a881de}" Name="ObiQ9_1" DisplayName="$Resources:bnp, OBI_Q9_1" Type="Text" Required="FALSE" Group="BNP RE Site Columns"></Field><Field ID="{9caba86e-b792-4492-8603-f46391812180}" Name="ObiQ10" DisplayName="$Resources:bnp, OBI_Q10;" Type="Text" Required="FALSE" Group="BNP RE Site Columns"></Field><Field ID="{b720e715-03e7-4039-a356-c23768970bf1}" Name="ObiQ11" DisplayName="$Resources:bnp, OBI_Q11;" Type="Text" Required="FALSE" Group="BNP RE Site Columns"></Field><Field ID="{38b08984-c127-428b-bc27-0e6939c81d2a}" Name="ObiQ12" DisplayName="$Resources:bnp, OBI_Q12;" Type="Text" Required="FALSE" Group="BNP RE Site Columns"></Field><Field ID="{efc9e24b-2234-40e8-9623-85776c310905}" Name="ObiQ12_1" DisplayName="$Resources:bnp, OBI_Explain;" Type="Text" Required="FALSE" Group="BNP RE Site Columns"></Field><Field ID="{75733763-d74d-4010-b542-0588d9108e45}" Name="ObiQLocalCompliance" DisplayName="Obi Q Local Compliance" Type="Text" Required="FALSE" Group="BNP RE Site Columns" ShowInDisplayForm="FALSE"></Field><Field ID="{cbbc9b40-7094-4111-8c84-62d597c5f8fd}" Name="ObiQGlobalCompliance" DisplayName="Obi Q Global Compliance" Type="Text" Required="FALSE" Group="BNP RE Site Columns" ShowInDisplayForm="FALSE"></Field><Field ID="{6f44fd64-2490-4dd4-a291-20795b15f85b}" Name="ObiQManager" DisplayName="Obi Q Manager" Type="Text" Required="FALSE" Group="BNP RE Site Columns"></Field><Field ID="{d3daa48f-7be7-4c82-b08e-c22abd1eafa0}" Name="ObiQDescription" DisplayName="Obi Q Description" Type="Note" NumLines="6" Required="FALSE" Group="BNP RE Site Columns"></Field><Field ID="{69642599-4735-4e5d-b881-84f26c4f5c46}" Name="ObiQLanguage" DisplayName="Obi Q Language" Type="Text" Required="FALSE" Group="BNP RE Site Columns"></Field><Field ID="{dffc3506-905d-4f92-8205-e99377403170}" Name="ObiQLocalCountry" DisplayName="Obi Q Local Country" Type="Text" Required="FALSE" Group="BNP RE Site Columns"></Field><Field ID="{7d0d0111-8281-4c8f-a773-89356eddd2fd}" Name="ObiQ5_4" DisplayName="$Resources:bnp, OBI_Q5_4;" Type="Text" Required="FALSE" Group="BNP RE Site Columns"></Field><Field ID="{c36400c9-85b3-4a9f-be4d-ec91ddea1cc7}" Name="ObiLocalComment" DisplayName="Obi Local Comment" Type="Note" NumLines="6" Required="TRUE" Group="BNP RE Site Columns"></Field><Field ID="{4bdd6b09-c0ab-4b2d-9c79-d7dc94f0aa4d}" Name="ObiGlobalComment" DisplayName="Obi Global Comment" Type="Note" NumLines="6" Required="FALSE" Group="BNP RE Site Columns"></Field><Field ID="{1a3e4b08-9f1a-4d06-999f-f59af3ebbdeb}" Name="ObiManagerComment" DisplayName="Obi Manager Comment" Type="Note" NumLines="6" Required="TRUE" Group="BNP RE Site Columns"></Field><Field ID="{66dda1a5-d5a7-4214-94b1-c2300e88af7c}" Name="ObiFollowUpActions" DisplayName="Obi Follow Up Actions" Type="Note" NumLines="6" Required="FALSE" Group="BNP RE Site Columns"></Field><Field ID="{930bf974-521c-44d2-9ca4-3ff005d035e4}" Name="ObiDeadlineFollowUp" DisplayName="Obi Deadline Follow Up" Type="DateTime" Format="DateOnly" Required="FALSE" Group="BNP RE Site Columns"></Field><Field ID="{bcc882bd-efc5-4ae6-92b3-3790696f57ea}" Name="ObiGlobalFollowUpActions" DisplayName="Obi Global Follow Up Actions" Type="Note" NumLines="6" Required="TRUE" Group="BNP RE Site Columns"></Field><Field ID="{05ea7d8b-6a28-4379-82ca-6cd99a1124f3}" Name="ObiGlobaldeadlineFollowUp" DisplayName="Obi Globaldeadline Follow Up" Type="DateTime" Format="DateOnly" Required="TRUE" Group="BNP RE Site Columns"></Field><Field ID="{fd62e0a9-de9e-4265-83d3-51a45131070c}" Name="ObiQ3_1" DisplayName="$Resources:bnp, OBI_ISIN_Code;" Type="Text" Required="FALSE" Group="BNP RE Site Columns"></Field><Field ID="{9dba2e60-50e9-4685-88b5-da69c7b353cb}" Name="ObiQ12_2" DisplayName="$Resources:bnp, OBI_Q12_2;" Type="Text" Required="FALSE" Group="BNP RE Site Columns"></Field><Field ID="{aec73621-42d4-426b-a8a1-441c784e87f7}" Name="ObiQ4_1" DisplayName="$Resources:bnp, OBI_Explain;" Type="Text" Required="FALSE" Group="BNP RE Site Columns"></Field><Field ID="{90D5E77F-0642-4E54-BC22-427F95E2B229}" Name="Actif" DisplayName="Actif" Type="Boolean" Required="FALSE" Group="BNP RE Site Columns"><Default>1</Default></Field><Field ID="{DB883F20-9334-4135-BDA0-78B9B452E6DC}" Name="UpdateOBI" DisplayName="Update OBI" Type="Note" NumLines="6" Required="FALSE" Group="BNP RE Site Columns"></Field><Field ID="{A5B89EEB-D425-42DA-9E95-09E571BCC90A}" Name="OldRef" DisplayName="Old Ref" Type="URL" Required="FALSE" Group="BNP RE Site Columns"></Field><Field ID="{1EC99EA4-E19E-4DDA-B370-116CD0FED6FD}" Name="WorkflowStatus" DisplayName="WorkflowStatus" Type="Text" Required="FALSE" Group="BNP RE Site Columns"></Field><Field ID="{489C48AB-1790-456D-9A44-ADC0C862598C}" Name="ManagerCOI" DisplayName="ManagerCOI" Type="Boolean" Required="FALSE" Group="BNP RE Site Columns"><Default>1</Default></Field><Field ID="{94F19A05-D691-4F19-8106-FDAD90ABA469}" Name="ManagerCOIComment" DisplayName="ManagerCOIComment" Type="Note" NumLines="6" Required="FALSE" Group="BNP RE Site Columns"></Field><Field ID="{1688E398-9F0B-4A61-AD19-D86488D79977}" Name="LocalcomplianceCOI" DisplayName="LocalcomplianceCOI" Type="Boolean" Required="FALSE" Group="BNP RE Site Columns"><Default>1</Default></Field><Field ID="{5CB92F21-1564-4420-89F1-52E26D874179}" Name="LocalComplianceCOIComment" DisplayName="LocalComplianceCOIComment" Type="Note" NumLines="6" Required="FALSE" Group="BNP RE Site Columns"></Field><Field ID="{AF07DB85-6B3A-482A-9948-2FF8BF50F67F}" Name="GlobalComplianceCOI" DisplayName="GlobalComplianceCOI" Type="Boolean" Required="FALSE" Group="BNP RE Site Columns"><Default>1</Default></Field><Field ID="{2BB19586-B962-484C-B7C1-9F8A02015DEC}" Name="GlobalComplianceCOIComment" DisplayName="GlobalComplianceCOIComment" Type="Note" NumLines="6" Required="FALSE" Group="BNP RE Site Columns"></Field><Field ID="{C56D4DAD-0039-4237-AB35-BD520931B65A}" Name="OBITypeList" DisplayName="OBITypeList" Type="Choice" Required="FALSE" Group="BNP RE Site Columns"><CHOICES><CHOICE>PER - Personal Mandate / Office</CHOICE><CHOICE>PRO - Profesionnal Mandate / Office</CHOICE><CHOICE>UDF - OBI / External activities</CHOICE></CHOICES></Field><Field ID="{DFBC3EC1-4E7F-4487-B882-788AD0285921}" Name="OBISubTypeList" DisplayName="OBISubTypeList" Type="Choice" Required="FALSE" Group="BNP RE Site Columns"><CHOICES><CHOICE>PI - Private investment</CHOICE><CHOICE>Public Office / Mandates</CHOICE><CHOICE>UDF - Other</CHOICE></CHOICES></Field><Field ID="{37B277AE-6612-44E1-AAE7-103D96DA2940}" Name="ObiQ2_4" DisplayName="$Resources:bnp,Obi_Q2_4;" Type="Text" Required="FALSE" Group="BNP RE Site Columns"></Field><Field ID="{A1A633EC-EFEE-4C01-926A-D97F96D254D3}" Name="ObiQ41" DisplayName="$Resources:bnp,Obi_Q41;" Type="Text" Required="FALSE" Group="BNP RE Site Columns"></Field><Field ID="{21F06461-EC5B-415C-BD1A-4A0CC7E75460}" Name="ObiQ4_1_1" DisplayName="$Resources:bnp,Obi_Q4_1_1;" Type="Text" Required="FALSE" Group="BNP RE Site Columns"></Field><Field ID="{5211afb7-3a70-4647-b476-82b26e8bdaa5}" Name="RefEPId" DisplayName="Ref EP Id" Type="Number" Required="FALSE" Group="BNP RE Site Columns" ShowInDisplayForm="FALSE" /></Fields>
    <Views>
      
      
    <View BaseViewID="0" Type="HTML" MobileView="TRUE" TabularView="FALSE">
        <Toolbar Type="Standard" />
        <XslLink Default="TRUE">main.xsl</XslLink>
        <RowLimit Paged="TRUE">30</RowLimit>
        <ViewFields>
          
        <FieldRef Name="LinkTitleNoMenu"></FieldRef></ViewFields>
        <Query>
          <OrderBy>
            
          <FieldRef Name="Modified" Ascending="FALSE"></FieldRef></OrderBy>
        </Query>
        <ParameterBindings>
          <ParameterBinding Name="AddNewAnnouncement" Location="Resource(wss,addnewitem)" />
          <ParameterBinding Name="NoAnnouncements" Location="Resource(wss,noXinviewofY_LIST)" />
          <ParameterBinding Name="NoAnnouncementsHowTo" Location="Resource(wss,noXinviewofY_ONET_HOME)" />
        </ParameterBindings>
      </View><View BaseViewID="1" Type="HTML" WebPartZoneID="Main" DisplayName="$Resources:core,objectiv_schema_mwsidcamlidC24;" DefaultView="TRUE" MobileView="TRUE" MobileDefaultView="TRUE" SetupPath="pages\viewpage.aspx" ImageUrl="/_layouts/15/images/generic.png?rev=23" Url="AllItems.aspx">
        <Toolbar Type="Standard" />
        <XslLink Default="TRUE">main.xsl</XslLink>
        <JSLink>clienttemplates.js</JSLink>
        <RowLimit Paged="TRUE">30</RowLimit>
        <ViewFields>
          
        <FieldRef Name="LinkTitle"></FieldRef><FieldRef Name="ObiQ1" /><FieldRef Name="ObiQ1_1" /><FieldRef Name="ObiQ1_2" /><FieldRef Name="ObiQ1_3" /><FieldRef Name="ObiQ2" /><FieldRef Name="ObiQ2_1" /><FieldRef Name="ObiQ2_2" /><FieldRef Name="ObiQ2_3" /><FieldRef Name="ObiQ3" /><FieldRef Name="ObiQ4" /><FieldRef Name="ObiQ5" /><FieldRef Name="ObiQ5_1" /><FieldRef Name="ObiQ5_2" /><FieldRef Name="ObiQ5_3" /><FieldRef Name="ObiQ6" /><FieldRef Name="ObiQ7" /><FieldRef Name="ObiQ8" /><FieldRef Name="ObiQ8_1" /><FieldRef Name="ObiQ9" /><FieldRef Name="ObiQ9_1" /><FieldRef Name="ObiQ10" /><FieldRef Name="ObiQ11" /><FieldRef Name="ObiQ12" /><FieldRef Name="ObiQ12_1" /><FieldRef Name="ObiQLocalCompliance" /><FieldRef Name="ObiQGlobalCompliance" /><FieldRef Name="ObiQManager" /><FieldRef Name="ObiQDescription" /><FieldRef Name="ObiQLanguage" /><FieldRef Name="ObiQLocalCountry" /><FieldRef Name="ObiQ5_4" /><FieldRef Name="ObiLocalComment" /><FieldRef Name="ObiGlobalComment" /><FieldRef Name="ObiManagerComment" /><FieldRef Name="ObiFollowUpActions" /><FieldRef Name="ObiDeadlineFollowUp" /><FieldRef Name="ObiGlobalFollowUpActions" /><FieldRef Name="ObiGlobaldeadlineFollowUp" /><FieldRef Name="ObiQ3_1" /><FieldRef Name="ObiQ12_2" /><FieldRef Name="ObiQ4_1" /><FieldRef Name="Actif" /><FieldRef Name="UpdateOBI" /><FieldRef Name="OldRef" /><FieldRef Name="WorkflowStatus" /><FieldRef Name="ManagerCOI" /><FieldRef Name="ManagerCOIComment" /><FieldRef Name="LocalcomplianceCOI" /><FieldRef Name="LocalComplianceCOIComment" /><FieldRef Name="GlobalComplianceCOI" /><FieldRef Name="GlobalComplianceCOIComment" /><FieldRef Name="OBITypeList" /><FieldRef Name="OBISubTypeList" /><FieldRef Name="ObiQ2_4" /><FieldRef Name="ObiQ41" /><FieldRef Name="ObiQ4_1_1" /><FieldRef Name="RefEPId" /></ViewFields>
        <Query>
          <OrderBy>
            
          <FieldRef Name="ID"></FieldRef></OrderBy>
        </Query>
        <ParameterBindings>
          <ParameterBinding Name="NoAnnouncements" Location="Resource(wss,noXinviewofY_LIST)" />
          <ParameterBinding Name="NoAnnouncementsHowTo" Location="Resource(wss,noXinviewofY_DEFAULT)" />
        </ParameterBindings>
      </View></Views>
    <Forms>
      <Form Type="DisplayForm" Url="DispForm.aspx" SetupPath="pages\form.aspx" WebPartZoneID="Main" />
      <Form Type="EditForm" Url="EditForm.aspx" SetupPath="pages\form.aspx" WebPartZoneID="Main" />
      <Form Type="NewForm" Url="NewForm.aspx" SetupPath="pages\form.aspx" WebPartZoneID="Main" />
    </Forms>
  </MetaData>
</List>