﻿<?xml version="1.0" encoding="utf-8"?>
<Elements xmlns="http://schemas.microsoft.com/sharepoint/">  
  <Field
       ID="{ce434dd0-2319-4a77-9546-b7c2553eb357}"
       Name="ObiOutcomeFirstPhase"
       DisplayName="Obi Outcome First Phase"
       Type="OutcomeChoice"
       Required="FALSE"
       Group="BNP RE Site Columns">
	  <CHOICES>

		  <CHOICE>Accept</CHOICE>
		  <CHOICE>Reject</CHOICE>
           <CHOICE>Accept with reservations</CHOICE>		 
	  </CHOICES>
  </Field>
</Elements>
