﻿<?xml version="1.0" encoding="utf-8"?>
<List xmlns:ows="Microsoft SharePoint" Title="RegisterGiftsInvitations" FolderCreation="FALSE" Direction="$Resources:Direction;" Url="Lists/RegisterGiftsInvitations" BaseType="0" xmlns="http://schemas.microsoft.com/sharepoint/" EnableContentTypes="TRUE">
  <MetaData>
    <ContentTypes>
      
      
    <ContentType ID="0x0100522ABCF082834B4AA918B24BF1532388" Name="CTRegisterGiftInvit" Group="BNP RE Content Types" Description="Content Type for register gifts and invitations" Inherits="TRUE" Version="0"><FieldRefs><FieldRef ID="{4ce7d012-c952-4079-bf6d-d7d99c687267}" Name="RegisterEmployeeDate" DisplayName="Employee Date of submission" Required="FALSE" /><FieldRef ID="{CA0A7DF1-B93E-4B4A-8D01-7DD808787592}" Name="RegisterEmployeeName" DisplayName="Employee Name" Required="FALSE" /><FieldRef ID="{0C7D7A05-8B10-4BD3-8112-A97E085AE458}" Name="RegisterEmployeeUID" DisplayName="Employee UID" Required="FALSE" /><FieldRef ID="{78001B4B-48A5-4FC8-8EBE-C0CAFB7F5153}" Name="RegisterEmployeeEntity" DisplayName="Employee Entity" Required="FALSE" /><FieldRef ID="{4B9E55A8-8815-4445-B63A-7AF63DCF1547}" Name="RegisterEmployeeBusinessLine" DisplayName="Employee Business Line" Required="FALSE" /><FieldRef ID="{89E5D525-BE3A-4CDE-98F5-8B40552BE607}" Name="Typeofrelation" DisplayName="Type of relation" Required="FALSE" /><FieldRef ID="{CB7D5DFA-7116-42DD-933E-1E0925C2B9D5}" Name="FullNameRelation" DisplayName="Full Name of relation" Required="FALSE" /><FieldRef ID="{883B63AB-7629-4581-8467-E52D33F7E478}" Name="ThirdPartyName" DisplayName="For corporates, full name of all individuals involved in the gifts/invitations" Required="FALSE" /><FieldRef ID="{81959CE7-A9EE-4268-A094-165C1B4ACDE4}" Name="TypeofGiftInvitation" DisplayName="Type of gift / invitation" Required="FALSE" /><FieldRef ID="{C0BE8B2D-9927-4B74-86BE-12452FD18EA2}" Name="NatureofGiftInvitation" DisplayName="Nature of gift / invitation" Required="FALSE" /><FieldRef ID="{5E246F30-FB79-40B5-9B38-B88FBE1671F2}" Name="ReceivedorGiven" DisplayName="Received or Given" Required="FALSE" /><FieldRef ID="{D4807434-BFD0-4F8A-A601-9048701E0C40}" Name="EstimatedValue" DisplayName="Estimated value in local currency and eq Euro" Required="FALSE" /><FieldRef ID="{58B69A7B-AC6C-42DE-A104-DC34B276D83A}" Name="GiftPEP" DisplayName="Public Official status" Required="FALSE" /><FieldRef ID="{FE358C7C-255E-4355-A90F-D5EF73618852}" Name="HighRisk" DisplayName="High risk counterpart" Required="FALSE" /><FieldRef ID="{94338C67-2777-4C06-88E0-956550710BE5}" Name="KYStatus" DisplayName="KY status" Required="FALSE" /><FieldRef ID="{5B29E0D0-B1EA-43C2-B633-241961EDA546}" Name="Travel" DisplayName="Travel and Accomodation expenses included" Required="FALSE" /><FieldRef ID="{F847ED04-9F01-4937-8236-34FEEC7A41BA}" Name="IntragroupInvitation" DisplayName="Intragroup invitation" Required="FALSE" /><FieldRef ID="{CB1AD211-C937-40A3-BA10-A4B374EC30C6}" Name="GuestNumber" DisplayName="Guest number" Required="FALSE" /><FieldRef ID="{CB7805DE-A992-47C2-AADE-216AEB8833BE}" Name="DescriptionGuest" DisplayName="If Guest+ describe" Required="FALSE" /><FieldRef ID="{86F87E9F-BEFF-48E9-8279-43B7EE7A720E}" Name="BackgroundRelationship" DisplayName="Background of the relationship" Required="FALSE" /><FieldRef ID="{9BEB25D0-C947-4D2D-92A9-CCC39E27EB64}" Name="RationaleInvitation" DisplayName="Rationale of the invitation / gift" Required="FALSE" /><FieldRef ID="{3479616E-FFE3-4842-B546-22E2CC98FE6D}" Name="GiftManagerDate" DisplayName="Manager Date of the decision/recommendation" Required="FALSE" /><FieldRef ID="{BC4F77C9-6668-46D7-80C1-6C442B7F5ED3}" Name="GiftManagerName" DisplayName="Manager Name" Required="FALSE" /><FieldRef ID="{837A4421-C945-4AFC-8883-F178D8EC6A7E}" Name="GiftManagerUID" DisplayName="Manager UID" Required="FALSE" /><FieldRef ID="{66101203-C4EC-42A0-BD5D-52A777035C6A}" Name="GiftManagerDecision" DisplayName="Manager Decision" Required="FALSE" /><FieldRef ID="{2B129DAA-435F-43DD-AE03-43A52F8ADC7A}" Name="GiftManagerRationale" DisplayName="Decision rationale" Required="FALSE" /><FieldRef ID="{1075BC08-A743-426D-90DA-8732891254D9}" Name="GiftCPLDate" DisplayName="CPL Date of the decision" Required="FALSE" /><FieldRef ID="{AC998A94-A7FD-4A6A-AE19-3C010103F450}" Name="GiftCPLName" DisplayName="CPL Name/function of decision-maker" Required="FALSE" /><FieldRef ID="{33CD45F9-8561-41BC-8D0D-6BF0B9EA0136}" Name="GiftCPLUID" DisplayName="CPL UID of decision-maker" Required="FALSE" /><FieldRef ID="{98225DBA-9F56-48B1-9104-494C5AEE16F0}" Name="GiftCPLDecision" DisplayName="CPL Decision" Required="FALSE" /><FieldRef ID="{428766D0-A68E-4E55-B4C2-68B2033D3721}" Name="GiftCPLRationale" DisplayName="CPL Decision rationale" Required="FALSE" /><FieldRef ID="{298ADCA1-63DD-42F0-8850-DB4FC0567190}" Name="GiftGCPLDate" DisplayName="GCPL Date of the decision" Required="FALSE" /><FieldRef ID="{819A1B4F-DDFA-42A3-80F0-EA599C56428C}" Name="GiftGCPLName" DisplayName="GCPL Name/function of decision-maker" Required="FALSE" /><FieldRef ID="{3AA1FDD9-775A-49A0-8E9D-A5A65E10D571}" Name="GiftGCPLUID" DisplayName="GCPL UID of decision-maker" Required="FALSE" /><FieldRef ID="{39E74525-CD8C-4B7C-A8C1-B7B9DA4CB304}" Name="GiftGCPLDecision" DisplayName="GCPL Decision" Required="FALSE" /><FieldRef ID="{26D64C50-C61A-4890-B40C-72616291F652}" Name="GiftGCPLRationale" DisplayName="GCPL Decision rationale" Required="FALSE" /></FieldRefs></ContentType></ContentTypes>
    <Fields>
      
    <Field ID="{fa564e0f-0c70-4ab9-b863-0177e6ddd247}" Type="Text" Name="Title" DisplayName="$Resources:core,Title;" Required="TRUE" SourceID="http://schemas.microsoft.com/sharepoint/v3" StaticName="Title" MaxLength="255" /><Field ID="{4ce7d012-c952-4079-bf6d-d7d99c687267}" Name="RegisterEmployeeDate" DisplayName="Employee Date of submission" Type="DateTime" Format="DateOnly" Required="FALSE" Group="BNP PRE RegisterGift Site Columns"></Field><Field ID="{CA0A7DF1-B93E-4B4A-8D01-7DD808787592}" Name="RegisterEmployeeName" DisplayName="Employee Name" Type="Text" Required="FALSE" Group="BNP PRE RegisterGift Site Columns"></Field><Field ID="{0C7D7A05-8B10-4BD3-8112-A97E085AE458}" Name="RegisterEmployeeUID" DisplayName="Employee UID" Type="Text" Required="FALSE" Group="BNP PRE RegisterGift Site Columns"></Field><Field ID="{78001B4B-48A5-4FC8-8EBE-C0CAFB7F5153}" Name="RegisterEmployeeEntity" DisplayName="Employee Entity" Type="Text" Required="FALSE" Group="BNP PRE RegisterGift Site Columns"></Field><Field ID="{4B9E55A8-8815-4445-B63A-7AF63DCF1547}" Name="RegisterEmployeeBusinessLine" DisplayName="Employee Business Line" Type="Text" Required="FALSE" Group="BNP PRE RegisterGift Site Columns"></Field><Field ID="{89E5D525-BE3A-4CDE-98F5-8B40552BE607}" Name="Typeofrelation" DisplayName="Type of relation" Type="Text" Required="FALSE" Group="BNP PRE RegisterGift Site Columns"></Field><Field ID="{CB7D5DFA-7116-42DD-933E-1E0925C2B9D5}" Name="FullNameRelation" DisplayName="Full Name of relation" Type="Text" Required="FALSE" Group="BNP PRE RegisterGift Site Columns"></Field><Field ID="{883B63AB-7629-4581-8467-E52D33F7E478}" Name="ThirdPartyName" DisplayName="Third Party Name" Type="Text" Required="FALSE" Group="BNP PRE RegisterGift Site Columns"></Field><Field ID="{81959CE7-A9EE-4268-A094-165C1B4ACDE4}" Name="TypeofGiftInvitation" DisplayName="Type of gift / invitation" Type="Text" Required="FALSE" Group="BNP PRE RegisterGift Site Columns"></Field><Field ID="{C0BE8B2D-9927-4B74-86BE-12452FD18EA2}" Name="NatureofGiftInvitation" DisplayName="Nature of gift / invitation" Type="Text" Required="FALSE" Group="BNP PRE RegisterGift Site Columns"></Field><Field ID="{5E246F30-FB79-40B5-9B38-B88FBE1671F2}" Name="ReceivedorGiven" DisplayName="Received or Given" Type="Text" Required="FALSE" Group="BNP PRE RegisterGift Site Columns"></Field><Field ID="{D4807434-BFD0-4F8A-A601-9048701E0C40}" Name="EstimatedValue" DisplayName="Estimated value in local currency and eq Euro" Type="Text" Required="FALSE" Group="BNP PRE RegisterGift Site Columns"></Field><Field ID="{58B69A7B-AC6C-42DE-A104-DC34B276D83A}" Name="GiftPEP" DisplayName="Public Official status" Type="Text" Required="FALSE" Group="BNP PRE RegisterGift Site Columns"></Field><Field ID="{FE358C7C-255E-4355-A90F-D5EF73618852}" Name="HighRisk" DisplayName="High risk counterpart" Type="Text" Required="FALSE" Group="BNP PRE RegisterGift Site Columns"></Field><Field ID="{94338C67-2777-4C06-88E0-956550710BE5}" Name="KYStatus" DisplayName="KY status" Type="Text" Required="FALSE" Group="BNP PRE RegisterGift Site Columns"></Field><Field ID="{5B29E0D0-B1EA-43C2-B633-241961EDA546}" Name="Travel" DisplayName="Travel and Accomodation expenses included" Type="Text" Required="FALSE" Group="BNP PRE RegisterGift Site Columns"></Field><Field ID="{F847ED04-9F01-4937-8236-34FEEC7A41BA}" Name="IntragroupInvitation" DisplayName="Intragroup invitation" Type="Text" Required="FALSE" Group="BNP PRE RegisterGift Site Columns"></Field><Field ID="{CB1AD211-C937-40A3-BA10-A4B374EC30C6}" Name="GuestNumber" DisplayName="Guest number" Type="Text" Required="FALSE" Group="BNP PRE RegisterGift Site Columns"></Field><Field ID="{CB7805DE-A992-47C2-AADE-216AEB8833BE}" Name="DescriptionGuest" DisplayName="If Guest+ describe" Type="Text" Required="FALSE" Group="BNP PRE RegisterGift Site Columns"></Field><Field ID="{86F87E9F-BEFF-48E9-8279-43B7EE7A720E}" Name="BackgroundRelationship" DisplayName="Background of the relationship" Type="Text" Required="FALSE" Group="BNP PRE RegisterGift Site Columns"></Field><Field ID="{9BEB25D0-C947-4D2D-92A9-CCC39E27EB64}" Name="RationaleInvitation" DisplayName="Rationale of the invitation / gift" Type="Text" Required="FALSE" Group="BNP PRE RegisterGift Site Columns"></Field><Field ID="{3479616E-FFE3-4842-B546-22E2CC98FE6D}" Name="GiftManagerDate" DisplayName="Manager Date of the decision/recommendation" Type="DateTime" Format="DateOnly" Required="FALSE" Group="BNP PRE RegisterGift Site Columns"></Field><Field ID="{BC4F77C9-6668-46D7-80C1-6C442B7F5ED3}" Name="GiftManagerName" DisplayName="Manager Name" Type="Text" Required="FALSE" Group="BNP PRE RegisterGift Site Columns"></Field><Field ID="{837A4421-C945-4AFC-8883-F178D8EC6A7E}" Name="GiftManagerUID" DisplayName="Manager UID" Type="Text" Required="FALSE" Group="BNP PRE RegisterGift Site Columns"></Field><Field ID="{66101203-C4EC-42A0-BD5D-52A777035C6A}" Name="GiftManagerDecision" DisplayName="Manager Decision" Type="Choice" Required="FALSE" Group="BNP PRE RegisterGift Site Columns"><CHOICES><CHOICE>BL approval</CHOICE><CHOICE>Pre-approval</CHOICE><CHOICE>Refusal</CHOICE></CHOICES></Field><Field ID="{2B129DAA-435F-43DD-AE03-43A52F8ADC7A}" Name="GiftManagerRationale" DisplayName="Decision rationale" Type="Note" NumLines="6" Required="FALSE" Group="BNP PRE RegisterGift Site Columns"></Field><Field ID="{1075BC08-A743-426D-90DA-8732891254D9}" Name="GiftCPLDate" DisplayName="CPL Date of the decision" Type="DateTime" Format="DateOnly" Required="FALSE" Group="BNP PRE RegisterGift Site Columns"></Field><Field ID="{AC998A94-A7FD-4A6A-AE19-3C010103F450}" Name="GiftCPLName" DisplayName="CPL Name/function of decision-maker" Type="Text" Required="FALSE" Group="BNP PRE RegisterGift Site Columns"></Field><Field ID="{33CD45F9-8561-41BC-8D0D-6BF0B9EA0136}" Name="GiftCPLUID" DisplayName="CPL UID of decision-maker" Type="Text" Required="FALSE" Group="BNP PRE RegisterGift Site Columns"></Field><Field ID="{98225DBA-9F56-48B1-9104-494C5AEE16F0}" Name="GiftCPLDecision" DisplayName="CPL Decision" Type="Choice" Required="FALSE" Group="BNP PRE RegisterGift Site Columns"><CHOICES><CHOICE>approval</CHOICE><CHOICE>Refusal</CHOICE></CHOICES></Field><Field ID="{428766D0-A68E-4E55-B4C2-68B2033D3721}" Name="GiftCPLRationale" DisplayName="CPL Decision rationale" Type="Note" NumLines="6" Required="FALSE" Group="BNP PRE RegisterGift Site Columns"></Field><Field ID="{298ADCA1-63DD-42F0-8850-DB4FC0567190}" Name="GiftGCPLDate" DisplayName="GCPL Date of the decision" Type="DateTime" Format="DateOnly" Required="FALSE" Group="BNP PRE RegisterGift Site Columns"></Field><Field ID="{819A1B4F-DDFA-42A3-80F0-EA599C56428C}" Name="GiftGCPLName" DisplayName="GCPL Name/function of decision-maker" Type="Text" Required="FALSE" Group="BNP PRE RegisterGift Site Columns"></Field><Field ID="{3AA1FDD9-775A-49A0-8E9D-A5A65E10D571}" Name="GiftGCPLUID" DisplayName="GCPL UID of decision-maker" Type="Text" Required="FALSE" Group="BNP PRE RegisterGift Site Columns"></Field><Field ID="{39E74525-CD8C-4B7C-A8C1-B7B9DA4CB304}" Name="GiftGCPLDecision" DisplayName="GCPL Decision" Type="Choice" Required="FALSE" Group="BNP PRE RegisterGift Site Columns"><CHOICES><CHOICE>approval</CHOICE><CHOICE>Refusal</CHOICE></CHOICES></Field><Field ID="{26D64C50-C61A-4890-B40C-72616291F652}" Name="GiftGCPLRationale" DisplayName="GCPL Decision rationale" Type="Note" NumLines="6" Required="FALSE" Group="BNP PRE RegisterGift Site Columns"></Field></Fields>
    <Views>
      
      
    <View BaseViewID="0" Type="HTML" MobileView="TRUE" TabularView="FALSE">
        <Toolbar Type="Standard" />
        <XslLink Default="TRUE">main.xsl</XslLink>
        <RowLimit Paged="TRUE">30</RowLimit>
        <ViewFields>
          
        <FieldRef Name="LinkTitleNoMenu"></FieldRef></ViewFields>
        <Query>
          <OrderBy>
            
          <FieldRef Name="Modified" Ascending="FALSE"></FieldRef></OrderBy>
        </Query>
        <ParameterBindings>
          <ParameterBinding Name="AddNewAnnouncement" Location="Resource(wss,addnewitem)" />
          <ParameterBinding Name="NoAnnouncements" Location="Resource(wss,noXinviewofY_LIST)" />
          <ParameterBinding Name="NoAnnouncementsHowTo" Location="Resource(wss,noXinviewofY_ONET_HOME)" />
        </ParameterBindings>
      </View><View BaseViewID="1" Type="HTML" WebPartZoneID="Main" DisplayName="$Resources:core,objectiv_schema_mwsidcamlidC24;" DefaultView="TRUE" MobileView="TRUE" MobileDefaultView="TRUE" SetupPath="pages\viewpage.aspx" ImageUrl="/_layouts/15/images/generic.png?rev=23" Url="AllItems.aspx">
        <Toolbar Type="Standard" />
        <XslLink Default="TRUE">main.xsl</XslLink>
        <JSLink>clienttemplates.js</JSLink>
        <RowLimit Paged="TRUE">30</RowLimit>
        <ViewFields>
          
        <FieldRef Name="LinkTitle"></FieldRef><FieldRef Name="RegisterEmployeeDate" /><FieldRef Name="RegisterEmployeeName" /><FieldRef Name="RegisterEmployeeUID" /><FieldRef Name="RegisterEmployeeEntity" /><FieldRef Name="RegisterEmployeeBusinessLine" /><FieldRef Name="Typeofrelation" /><FieldRef Name="FullNameRelation" /><FieldRef Name="ThirdPartyName" /><FieldRef Name="TypeofGiftInvitation" /><FieldRef Name="NatureofGiftInvitation" /><FieldRef Name="ReceivedorGiven" /><FieldRef Name="EstimatedValue" /><FieldRef Name="GiftPEP" /><FieldRef Name="HighRisk" /><FieldRef Name="KYStatus" /><FieldRef Name="Travel" /><FieldRef Name="IntragroupInvitation" /><FieldRef Name="GuestNumber" /><FieldRef Name="DescriptionGuest" /><FieldRef Name="BackgroundRelationship" /><FieldRef Name="RationaleInvitation" /><FieldRef Name="GiftManagerDate" /><FieldRef Name="GiftManagerName" /><FieldRef Name="GiftManagerUID" /><FieldRef Name="GiftManagerDecision" /><FieldRef Name="GiftManagerRationale" /><FieldRef Name="GiftCPLDate" /><FieldRef Name="GiftCPLName" /><FieldRef Name="GiftCPLUID" /><FieldRef Name="GiftCPLDecision" /><FieldRef Name="GiftCPLRationale" /><FieldRef Name="GiftGCPLDate" /><FieldRef Name="GiftGCPLName" /><FieldRef Name="GiftGCPLUID" /><FieldRef Name="GiftGCPLDecision" /><FieldRef Name="GiftGCPLRationale" /></ViewFields>
        <Query>
          <OrderBy>
            
          <FieldRef Name="ID"></FieldRef></OrderBy>
        </Query>
        <ParameterBindings>
          <ParameterBinding Name="NoAnnouncements" Location="Resource(wss,noXinviewofY_LIST)" />
          <ParameterBinding Name="NoAnnouncementsHowTo" Location="Resource(wss,noXinviewofY_DEFAULT)" />
        </ParameterBindings>
      </View></Views>
    <Forms>
      <Form Type="DisplayForm" Url="DispForm.aspx" SetupPath="pages\form.aspx" WebPartZoneID="Main" />
      <Form Type="EditForm" Url="EditForm.aspx" SetupPath="pages\form.aspx" WebPartZoneID="Main" />
      <Form Type="NewForm" Url="NewForm.aspx" SetupPath="pages\form.aspx" WebPartZoneID="Main" />
    </Forms>
  </MetaData>
</List>