﻿<?xml version="1.0" encoding="utf-8"?>
<Elements xmlns="http://schemas.microsoft.com/sharepoint/">
  <!-- Parent ContentType: Item (0x01) -->
  <ContentType ID="0x01006E1D95C7E7FC4F2FB038F3C48BF76C7D" Name="CTMandateProList" Group="BNP RE Content Types" Description="My Content Type" Inherits="TRUE" Version="0">
    <FieldRefs>
      <FieldRef ID="{41e798d6-eda0-4189-9321-589c7ed3c086}" DisplayName="$Resources:bnp, MandatePro_Form_Q1" Required="FALSE" Name="MandateProQ1" />
      <FieldRef ID="{fb1185e5-1523-46da-89b8-40dfdfdfa776}" DisplayName="$Resources:bnp, MandatePro_Form_Q1_1" Required="FALSE" Name="MandateProQ1_1" />
      <FieldRef ID="{04cda606-1ac8-4ce0-81fc-8f2b47a239c2}" DisplayName="$Resources:bnp, MandatePro_Form_Q1_2" Required="FALSE" Name="MandateProQ1_2" />
      <FieldRef ID="{fb1e77c2-c04b-405c-9022-98e5b1acf61b}" DisplayName="$Resources:bnp, MandatePro_Form_Q1_3" Required="FALSE" Name="MandateProQ1_3" />
      <FieldRef ID="{11e307dc-4dac-476c-881e-ac45086ed976}" DisplayName="$Resources:bnp, MandatePro_Form_Q1_4" Required="FALSE" Name="MandateProQ1_4" />
      <FieldRef ID="{ac5e185a-eff6-4714-a3f5-ac361512a0ba}" DisplayName="$Resources:bnp, MandatePro_Form_Q1_5" Required="FALSE" Name="MandateProQ1_5" />
      <FieldRef ID="{af6f17ce-2a0a-435c-bc35-1573923e5828}" DisplayName="$Resources:bnp, MandatePro_Form_Q2" Required="FALSE" Name="MandateProQ2" />
      <FieldRef ID="{45e3708a-456b-4709-b5c8-8c9846e92118}" DisplayName="$Resources:bnp, MandatePro_Form_Q2_1" Required="FALSE" Name="MandateProQ2_1" />
      <FieldRef ID="{c7374f5d-a95d-4486-99eb-f11fd281c2a5}" DisplayName="$Resources:bnp, MandatePro_Form_Q2_3" Required="FALSE" Name="MandateProQ2_3" />
      <FieldRef ID="{ce7b064c-bae4-4e85-ba28-f5025d4c18e2}" DisplayName="$Resources:bnp, MandatePro_Form_Q2_4" Required="FALSE" Name="MandateProQ2_4" />
      <FieldRef ID="{e39aca01-62a4-479c-ac20-d98d30e52b00}" DisplayName="$Resources:bnp, MandatePro_Form_Q2_5" Required="FALSE" Name="MandateProQ2_5" />
      <FieldRef ID="{653c9cda-5a3b-4693-9bb3-f88006ea2564}" DisplayName="$Resources:bnp, MandatePro_Form_Q2_6" Required="FALSE" Name="MandateProQ2_6" />
      <FieldRef ID="{b74169e8-87b0-41a3-af62-51c0c8594317}" DisplayName="$Resources:bnp, MandatePro_Form_Q2_7" Required="FALSE" Name="MandateProQ2_7" />
      <FieldRef ID="{a86eb014-188e-42ec-84a8-05c84e57faeb}" DisplayName="$Resources:bnp, MandatePro_Form_Q2_8" Required="FALSE" Name="MandateProQ2_8" />
      <FieldRef ID="{98791312-7133-4af9-b5f9-0883961449f8}" DisplayName="Mandate Pro Q Local Country" Required="FALSE" Name="MandateProQLocalCountry" />
      <FieldRef ID="{ed4d6c7c-1ca0-4c91-90a1-97566f4531c5}" DisplayName="Mandate Pro Q Legal Team" Required="FALSE" Name="MandateProQLegalTeam"   ShowInDisplayForm="FALSE" />
      <FieldRef ID="{d78f8d5c-ff16-4a2f-a505-de93e5ac0a95}" DisplayName="Mandate Pro Q Global Team" Required="FALSE" Name="MandateProQGlobalTeam"  ShowInDisplayForm="FALSE" />
      <FieldRef ID="{95b09ba3-c571-410f-b5c6-64cc151fc0ca}" DisplayName="Mandate Pro Q Local Ceo" Required="FALSE" Name="MandateProQLocalCeo"  ShowInDisplayForm="FALSE" />
	  <FieldRef ID="{1c527996-1b79-47c1-a481-784d236d9d0b}" Name="MandateProManager" DisplayName="Mandate Pro Manager" Required="FALSE" />
      <FieldRef ID="{f665dc34-67f5-437e-a1c3-58f25851bc7a}" DisplayName="$Resources:bnp, MandatePro_Form_ManagerComment" Required="FALSE" Name="MandateProManagerComment" />
      <FieldRef ID="{0e90ace9-5dc1-421c-bfcc-9aaa23308530}" DisplayName="$Resources:bnp, MandatePro_Form_BmcComment" Required="FALSE" Name="MandateProBmcComment" />
      <FieldRef ID="{ef3d0352-0c0a-48c4-8359-a42dff8d286c}" DisplayName="$Resources:bnp, MandatePro_Form_LegalTeamComment" Required="FALSE" Name="MandateProLegalTeamComment" />
      <FieldRef ID="{fe4344ac-f9b4-4f96-918f-f7dbbad35b57}" DisplayName="$Resources:bnp, MandatePro_Form_LocalTeamComment" Required="FALSE" Name="MandateProGlobalTeamComment" />
	  <FieldRef ID="{2D8BE951-62D3-4431-831A-D18221B9F865}" Name="MandateProGlobalTeamComment" DisplayName="MandateProGlobalTeamComment" Required="FALSE" />
		
      <FieldRef ID="{84983c22-f0d1-423f-954a-aaf71f86f92c}" DisplayName="$Resources:bnp, MandatePro_Form_LocalCeoComment" Required="FALSE" Name="MandateProLocalCeoComment" />
      <FieldRef ID="{fa3501be-49e5-49e8-a34f-8a199de9a699}" DisplayName="$Resources:bnp, MandatePro_Form_Description" Required="FALSE" Name="MandateProDescription" />
      <FieldRef ID="{c71350ad-949a-434e-b3c7-8aec61ee2d7a}" DisplayName="$Resources:bnp, MandatePro_Form_BmcReservation" Required="FALSE" Name="MandateProBmcReservation" />
      <FieldRef ID="{59449c59-06bd-466f-a77d-9623d39d585b}" DisplayName="$Resources:bnp, MandatePro_Form_LegalTeamReservation" Required="FALSE" Name="MandateProLegalTeamReservation" />
      <FieldRef ID="{13c05b69-994c-4879-8b9a-e8a30e1aed7e}" DisplayName="$Resources:bnp, MandatePro_Form_LocalTeamReservation" Required="FALSE" Name="MandateProLocalTeamReservation" />
	  <FieldRef ID="{5551B866-8099-4124-BD25-7C4CD1D018E8}" Name="MandateProGlobalTeamReservation" DisplayName="MandateProGlobalTeamReservation" Required="FALSE" />
      <FieldRef ID="{e7689b9e-dd85-4507-a649-50b7a0ada686}" DisplayName="$Resources:bnp, MandatePro_Form_LocalCeoReservation" Required="FALSE" Name="MandateProLocalCeoReservation" />
	  <FieldRef ID="{278423fd-7f0a-43e8-854f-5a96a6856966}"  Name="MandatProQLanguage"  DisplayName="Mandat Pro Q Language" Required="FALSE" />
	  <FieldRef ID="{bcc13969-d382-45d8-b308-31772d5c31a2}"  Name="MandateProQLocalCompliance" DisplayName="Mandate Pro Q Local Compliance" Required="FALSE"  ShowInDisplayForm="FALSE" />
	  <FieldRef	ID="{10f69ad0-443f-429f-99e4-71e5b9b537c2}" Name="MandateProQBmcValidation" DisplayName="Mandate Pro Q Bmc Validation" Required="FALSE"  ShowInDisplayForm="FALSE" />
	  <FieldRef ID="{803c80e1-1934-422c-b568-2fd5e091fa71}" Name="MandateProQCsrValidation"  DisplayName="Mandate Pro Q Csr Validation" Required="FALSE"  ShowInDisplayForm="FALSE" />
	  <FieldRef ID="{5211afb7-3a70-4647-b476-82b26e8bdaa5}" Name="RefEPId" DisplayName="Ref EP Id" Required="FALSE"  ShowInDisplayForm="FALSE" />
	  <FieldRef ID="{9896152e-f7b6-43c2-933b-6ca3d56be2c9}" Name="MandateProQGlobalCompliance" DisplayName="Mandate Pro Q Global Compliance" Required="FALSE"  ShowInDisplayForm="FALSE" />
				</FieldRefs>
  </ContentType>
</Elements>