﻿<?xml version="1.0" encoding="utf-8"?>
<Elements xmlns="http://schemas.microsoft.com/sharepoint/">
	<Field
		 ID="{e09720b6-b3d3-40c9-86e4-abe1f7bdbd49}"
		 Name="CoiOutcomeFirstPhase"
		 DisplayName="Coi Outcome First Phase"
		 Type="OutcomeChoice"
		 Required="FALSE"
		 Group="BNP RE Site Columns">
		<CHOICES>

			<CHOICE>Accept</CHOICE>
			<CHOICE>Reject</CHOICE>
			
			<CHOICE>Accept with obligation to disclose the COI to the client</CHOICE>
			<CHOICE>Accept with other protection measure</CHOICE>
			<CHOICE>Accept with obligation and proof of collection</CHOICE>
			<CHOICE>Escalade</CHOICE>
		</CHOICES>
		

	</Field>
</Elements>
