﻿<?xml version="1.0" encoding="utf-8"?>
<Elements xmlns="http://schemas.microsoft.com/sharepoint/">

  <Field
    ID="{22b185c4-8db4-4d84-a8ac-95d01783752c}"
    Name="DocumentCategory"
    DisplayName="$Resources:BNPPI.RE.DocsDSI.portal,Fields_DocumentCategoryDisplayName;"
    Type="Text"
    Required="FALSE"
    Group="$Resources:BNPPI.RE.DocsDSI.portal,Fields_GroupName;">
  </Field>
  
  <Field
    ID="{0efdbda6-9c2c-4fcb-aae4-eef3908cb8e3}"
    Name="DocumentStatus"
    DisplayName="$Resources:BNPPI.RE.DocsDSI.portal,Fields_DocumentStatusDisplayName;"
    Type="Choice"
    Required="FALSE"
    Format="Dropdown"
    FillInChoice="FALSE"
    EnforceUniqueValues="FALSE"
    Group="$Resources:BNPPI.RE.DocsDSI.portal,Fields_GroupName;"
       >
    <CHOICES>
      <CHOICE>Initié</CHOICE>
      <CHOICE>En cours</CHOICE>
      <CHOICE>Validé</CHOICE>
      <CHOICE>A archiver</CHOICE>
      <CHOICE>Archivé</CHOICE>
    </CHOICES>
    <Default>Initié</Default>
  </Field>

  <Field
    ID="{5b069dac-c045-4870-bd4f-825f31e7d752}"
    Name="IRPPType"
    DisplayName="$Resources:BNPPI.RE.DocsDSI.portal,Fields_IRPPTypeDisplayName;"
    Type="Choice"
    Format="Dropdown"
    FillInChoice="FALSE"
    Required="FALSE"
    Group="$Resources:BNPPI.RE.DocsDSI.portal,Fields_GroupName;">
    <CHOICES>
      <CHOICE>Project catégorisation</CHOICE>
      <CHOICE>PDP-Q</CHOICE>
      <CHOICE>ASC</CHOICE>
      <CHOICE>Analyse de risque IT</CHOICE>
      <CHOICE>DPIA</CHOICE>
      <CHOICE>Plan d'action Sécurité</CHOICE>
    </CHOICES>
  </Field>

  <Field
    ID="{08097d68-de46-44b7-8edd-d89b77396ff8}"
    Name="MinutesType"
    DisplayName="$Resources:BNPPI.RE.DocsDSI.portal,Fields_MinutesTypeDisplayName;"
    Type="Choice"
    Format="Dropdown"
    FillInChoice="FALSE"
    Required="FALSE"
    Group="$Resources:BNPPI.RE.DocsDSI.portal,Fields_GroupName;">

    <CHOICES>
      <CHOICE>Test Unitaires</CHOICE>
      <CHOICE>Tests Techniques</CHOICE>
      <CHOICE>Tests Fonctionnels</CHOICE>
      <CHOICE> Tests de non regression</CHOICE>
    </CHOICES>


  </Field>

  <Field
    ID="{09341b6b-2fb8-457a-8c30-e4918fc81b4f}"
    Name="SpecificationType"
    DisplayName="$Resources:BNPPI.RE.DocsDSI.portal,Fields_SpecificationTypeDisplayName;"
    Type="Choice"
    Required="True"
    Format="Dropdown"
    FillInChoice="FALSE"
    EnforceUniqueValues="FALSE"
    Group="$Resources:BNPPI.RE.DocsDSI.portal,Fields_GroupName;">


    <CHOICES>
      <CHOICE>Fonctionnelles</CHOICE>
      <CHOICE>Techniques</CHOICE>
      <CHOICE>Technico-Fonctionnelles</CHOICE>
    </CHOICES>
  </Field>

  <!-- Projects columns-->
  <Field
    ID="{781d1f4f-3a45-4eb5-abd9-e823055053a3}"
    Name="ProjectStatus"
    DisplayName="$Resources:BNPPI.RE.DocsDSI.portal,Fields_ProjectStatusDisplayName;"
    Type="Choice"
    Required="True"
    Format="Dropdown"
    FillInChoice="FALSE"
    EnforceUniqueValues="FALSE"
    Group="$Resources:BNPPI.RE.DocsDSI.portal,Fields_GroupName;">
    <CHOICES>
      <CHOICE>En cours</CHOICE>
      <CHOICE>Clôturé</CHOICE>
    </CHOICES>
    <Default>En cours</Default>
  </Field>

  <Field
    ID="{c47f51f8-8322-45fa-9153-58f341bb4483}"
    Name="DocumentTypeSecu"
    DisplayName="$Resources:BNPPI.RE.DocsDSI.portal,Fields_DocumentTypeSecuDisplayName;"
    Type="Choice"
    Required="True"
    Format="Dropdown"
    FillInChoice="FALSE"
    EnforceUniqueValues="FALSE"
    Group="$Resources:BNPPI.RE.DocsDSI.portal,Fields_GroupName;">
    <CHOICES>
      <CHOICE>ASC *</CHOICE>
      <CHOICE>Procédure d'habilitation</CHOICE>
      <CHOICE>IC plan (PSI)</CHOICE>
    </CHOICES>
  </Field>
  

</Elements>