﻿<?xml version="1.0" encoding="utf-8" ?>
<Elements xmlns="http://schemas.microsoft.com/sharepoint/">
  <Module Name="WorkflowAnnualv2" Url="wfsvc/ba6bac4e3155473081cbf689e2963aab">
    <File Url="Workflow.xaml" Type="GhostableInLibrary" Path="WorkflowAnnualv2\Workflow.xaml" DoGUIDFixUp="TRUE" ReplaceContent="TRUE">
      <Property Name="ContentType" Value="WorkflowServiceDefinition" />
      <Property Name="isReusable" Value="true" />
      <Property Name="RequiresInitiationForm" Value="False" />
      <Property Name="RequiresAssociationForm" Value="False" />
      <Property Name="WSPublishState" Value="3" />
      <Property Name="WSDisplayName" Value="WorkflowAnnualv2" />
      <Property Name="WSDescription" Value="My 'WorkflowAnnualv2' Workflow" />
      <!-- If you change the name or Url of your custom initiation or association form, 
           remember to update the corresponding property value (InitiationUrl or AssociationUrl) to match the new web relative url.
      -->
      <Property Name="RestrictToType" Value="List" />
      <Property Name="RestrictToScope" Value="{$ListId:Lists/ListAnnual;}" />
    </File>
    <File Url="ItemAddedAssociation" Path="WorkflowAnnualv2\ItemAddedAssociation" Type="GhostableInLibrary" ReplaceContent="TRUE">
      <Property Name="WSDisplayName" Value="WorkflowAnnualv2 - Item Added" />
      <Property Name="ContentType" Value="WorkflowServiceSubscription" />
      <Property Name="WSPublishState" Value="3" />
      <Property Name="WSEventType" Value="ItemAdded" />
      <Property Name="WSEnabled" Value="true" />
      <Property Name="WSGUID" Value="b471fc75-c8ba-43ae-a4a8-bc1d925dfaa0" />
      <Property Name="WSEventSourceGUID" Value="{$ListId:Lists/ListAnnual;}" />
      <Property Name="Microsoft.SharePoint.ActivationProperties.ListId" Value="{$ListId:Lists/ListAnnual;}" />
      <Property Name="HistoryListId" Value="{$ListId:Lists/WorkflowHistoryList;}" />
      <Property Name="TaskListId" Value="{$ListId:Lists/WorkflowTaskList;}" />
    </File>
  </Module>
  <ListInstance FeatureId="{2c63df2b-ceab-42c6-aeff-b3968162d4b1}"
                TemplateType="4501"
                Title="wfsvc"
                Description="This list instance is used by SharePoint to keep track of workflows. Do not modify."
                Url="wfsvc"
                RootWebOnly="FALSE" />
</Elements>