﻿<?xml version="1.0" encoding="utf-8"?>
<Elements xmlns="http://schemas.microsoft.com/sharepoint/">
  <Module Name="Commun"
          Url="Style Library"
          Path="">

    <File Path="Commun\Style Library\js\jquery-3.6.0.min.js"
          Url="DocsDSI/Commun/js/jquery-3.6.0.min.js"
          Type="GhostableInLibrary" />


    <File Path="Commun\Style Library\js\jquery.easy-ticker.min.js"
          Url="DocsDSI/Commun/js/jquery.easy-ticker.min.js"
          Type="GhostableInLibrary" />

    <File Path="Commun\Style Library\js\jquery.carouselTicker.min.js"
          Url="DocsDSI/Commun/js/jquery.carouselTicker.min.js"
          Type="GhostableInLibrary" />




    <File Path="Commun\Style Library\js\knockout-3.5.1.js"
          Url="DocsDSI/Commun/js/knockout-3.5.1.js"
          Type="GhostableInLibrary" />
    <File Path="Commun\Style Library\Css\BNPPI.RE.DocsDSI.css"
          Url="DocsDSI/Commun/Css/BNPPI.RE.DocsDSI.css"
          Type="GhostableInLibrary" />
    <File Path="Commun\Style Library\Css\BNPPI.RE.DocsDSI.MasterPage.css"
          Url="DocsDSI/Commun/Css/BNPPI.RE.DocsDSI.MasterPage.css"
          Type="GhostableInLibrary" />

    <File Path="Commun\Style Library\Css\carouselTicker.css"
          Url="DocsDSI/Commun/Css/carouselTicker.css"
          Type="GhostableInLibrary" />

    <File Path="Commun\Style Library\Css\bootstrap-utilities.min.css.map"
          Url="DocsDSI/Commun/Css/bootstrap-utilities.min.css.map"
          Type="GhostableInLibrary" />
    <File Path="Commun\Style Library\Css\bootstrap.min.css.map"
          Url="DocsDSI/Commun/Css/bootstrap.min.css.map"
          Type="GhostableInLibrary" />
    <File Path="Commun\Style Library\Css\bootstrap.rtl.min.css.map"
          Url="DocsDSI/Commun/Css/bootstrap.rtl.min.css.map"
          Type="GhostableInLibrary" />



    <File Path="Commun\Style Library\Css\bootstrap-grid.css"
          Url="DocsDSI/Commun/Css/bootstrap-grid.css"
          Type="GhostableInLibrary" />
    <File Path="Commun\Style Library\Css\bootstrap-grid.min.css"
          Url="DocsDSI/Commun/Css/bootstrap-grid.min.css"
          Type="GhostableInLibrary" />
    <File Path="Commun\Style Library\Css\bootstrap-grid.rtl.css"
          Url="DocsDSI/Commun/Css/bootstrap-grid.rtl.css"
          Type="GhostableInLibrary" />
    <File Path="Commun\Style Library\Css\bootstrap-grid.rtl.min.css"
          Url="DocsDSI/Commun/Css/bootstrap-grid.rtl.min.css"
          Type="GhostableInLibrary" />
    <File Path="Commun\Style Library\Css\bootstrap-reboot.css"
          Url="DocsDSI/Commun/Css/bootstrap-reboot.css"
          Type="GhostableInLibrary" />
    <File Path="Commun\Style Library\Css\bootstrap-reboot.min.css"
          Url="DocsDSI/Commun/Css/bootstrap-reboot.min.css"
          Type="GhostableInLibrary" />
    <File Path="Commun\Style Library\Css\bootstrap-reboot.rtl.css"
          Url="DocsDSI/Commun/Css/bootstrap-reboot.rtl.css"
          Type="GhostableInLibrary" />
    <File Path="Commun\Style Library\Css\bootstrap-reboot.rtl.min.css"
          Url="DocsDSI/Commun/Css/bootstrap-reboot.rtl.min.css"
          Type="GhostableInLibrary" />
    <File Path="Commun\Style Library\Css\bootstrap-utilities.css"
          Url="DocsDSI/Commun/Css/bootstrap-utilities.css"
          Type="GhostableInLibrary" />
    <File Path="Commun\Style Library\Css\bootstrap-utilities.min.css"
          Url="DocsDSI/Commun/Css/bootstrap-utilities.min.css"
          Type="GhostableInLibrary" />
    <File Path="Commun\Style Library\Css\bootstrap-utilities.rtl.css"
          Url="DocsDSI/Commun/Css/bootstrap-utilities.rtl.css"
          Type="GhostableInLibrary"  />
    <File Path="Commun\Style Library\Css\bootstrap-utilities.rtl.css"
          Url="DocsDSI/Commun/Css/bootstrap-utilities.rtl.css"
          Type="GhostableInLibrary"  />
    <File Path="Commun\Style Library\Css\bootstrap-utilities.rtl.min.css"
          Url="DocsDSI/Commun/Css/bootstrap-utilities.rtl.min.css"
          Type="GhostableInLibrary" />
    <File Path="Commun\Style Library\Css\bootstrap.css"
          Url="DocsDSI/Commun/Css/bootstrap.css"
          Type="GhostableInLibrary" />
    <File Path="Commun\Style Library\Css\bootstrap.min.css"
          Url="DocsDSI/Commun/Css/bootstrap.min.css"
          Type="GhostableInLibrary" />
    <File Path="Commun\Style Library\Css\bootstrap.rtl.css"
          Url="DocsDSI/Commun/Css/bootstrap.rtl.css"
          Type="GhostableInLibrary" />
    <File Path="Commun\Style Library\Css\bootstrap.rtl.min.css"
          Url="DocsDSI/Commun/Css/bootstrap.rtl.min.css"
          Type="GhostableInLibrary" />
    <File Path="Commun\Style Library\js\bootstrap.bundle.js"
          Url="DocsDSI/Commun/js/bootstrap.bundle.js"
          Type="GhostableInLibrary" />
    <File Path="Commun\Style Library\js\bootstrap.bundle.min.js"
          Url="DocsDSI/Commun/js/bootstrap.bundle.min.js"
          Type="GhostableInLibrary" />
    <File Path="Commun\Style Library\js\bootstrap.esm.js"
          Url="DocsDSI/Commun/js/bootstrap.esm.js"
          Type="GhostableInLibrary" />
    <File Path="Commun\Style Library\js\bootstrap.esm.min.js"
          Url="DocsDSI/Commun/js/bootstrap.esm.min.js"
          Type="GhostableInLibrary" />
    <File Path="Commun\Style Library\js\bootstrap.js"
          Url="DocsDSI/Commun/js/bootstrap.js"
          Type="GhostableInLibrary" />
    <File Path="Commun\Style Library\js\bootstrap.min.js"
          Url="DocsDSI/Commun/js/bootstrap.min.js"
          Type="GhostableInLibrary" />

    <File Path="Commun\Style Library\js\bootstrap.min.js.map"
          Url="DocsDSI/Commun/js/bootstrap.min.js.map"
          Type="GhostableInLibrary" />

    <File Path="Commun\Style Library\images\folder-yellow.png"
          Url="DocsDSI/Commun/images/folder-yellow.png"
          Type="GhostableInLibrary" />
    <File Path="Commun\Style Library\images\folder-grey.png"
          Url="DocsDSI/Commun/images/folder-grey.png"
          Type="GhostableInLibrary" />
    <File Path="Commun\Style Library\images\Documents-icon-90x90.png"
          Url="DocsDSI/Commun/images/Documents-icon-90x90.png"
          Type="GhostableInLibrary" />   
    <File Path="Commun\Style Library\images\Documents-icon-90x90.png"
          Url="DocsDSI/Commun/images/Documents-icon-32x32.png"
          Type="GhostableInLibrary" />
    <File Path="Commun\Style Library\images\folder-blue.png"
          Url="DocsDSI/Commun/images/folder-blue.png"
          Type="GhostableInLibrary" />
    <File Path="Commun\Style Library\images\folder-blue.png"
          Url="DocsDSI/Commun/images/folder-green-light.png"
          Type="GhostableInLibrary" />
    <File Path="Commun\Style Library\images\folder-greenLight.png"
          Url="DocsDSI/Commun/images/folder-greenLight.png"
          Type="GhostableInLibrary" />
    <File Path="Commun\Style Library\images\logo.jpg"
          Url="DocsDSI/Commun/images/logo.jpg"
          Type="GhostableInLibrary" />

	  <File Path="Commun\Style Library\images\information.png"
	  Url="DocsDSI/Commun/images/information.png"
	  Type="GhostableInLibrary" />
	  
	 
  </Module>
</Elements>