﻿<?xml version="1.0" encoding="utf-8" ?>
<Elements xmlns="http://schemas.microsoft.com/sharepoint/">
  <Module Name="WorkflowGift" Url="wfsvc/b401d9dfb5de413c910a64f3efb807cf">
    <File Url="Workflow.xaml" Type="GhostableInLibrary" Path="WorkflowGift\Workflow.xaml" DoGUIDFixUp="TRUE" ReplaceContent="TRUE">
      <Property Name="ContentType" Value="WorkflowServiceDefinition" />
      <Property Name="isReusable" Value="true" />
      <Property Name="RequiresInitiationForm" Value="False" />
      <Property Name="RequiresAssociationForm" Value="False" />
      <Property Name="WSPublishState" Value="3" />
      <Property Name="WSDisplayName" Value="WorkflowGift" />
      <Property Name="WSDescription" Value="My 'WorkflowGift' Workflow" />
      <!-- If you change the name or Url of your custom initiation or association form, 
           remember to update the corresponding property value (InitiationUrl or AssociationUrl) to match the new web relative url.
      -->
      <Property Name="RestrictToType" Value="List" />
      <Property Name="RestrictToScope" Value="{$ListId:Lists/Gift;}" />
    </File>
    <File Url="ItemAddedAssociation" Path="WorkflowGift\ItemAddedAssociation" Type="GhostableInLibrary">
      <Property Name="WSDisplayName" Value="WorkflowGift - Item Added" />
      <Property Name="ContentType" Value="WorkflowServiceSubscription" />
      <Property Name="WSPublishState" Value="3" />
      <Property Name="WSEventType" Value="ItemAdded" />
      <Property Name="WSEnabled" Value="true" />
      <Property Name="WSGUID" Value="dbeb13c2-58ac-49a3-8980-c23ffc2626ef" />
      <Property Name="WSEventSourceGUID" Value="{$ListId:Lists/Gift;}" />
      <Property Name="Microsoft.SharePoint.ActivationProperties.ListId" Value="{$ListId:Lists/Gift;}" />
      <Property Name="HistoryListId" Value="{$ListId:Lists/GiftWorkflowHistoryList;}" />
      <Property Name="TaskListId" Value="{$ListId:Lists/GiftWorkflowTaskList;}" />
    </File>
  </Module>
  <ListInstance FeatureId="{2c63df2b-ceab-42c6-aeff-b3968162d4b1}"
                TemplateType="4501"
                Title="wfsvc"
                Description="This list instance is used by SharePoint to keep track of workflows. Do not modify."
                Url="wfsvc"
                RootWebOnly="FALSE" />
</Elements>