﻿<?xml version="1.0" encoding="utf-8"?>
<Elements xmlns="http://schemas.microsoft.com/sharepoint/">  
  <Field
       ID="{54af0101-95f5-4578-9574-80f343e42290}"
       Name="InvitationOutcomeLocalCompliance"
       DisplayName="Invitation Outcome Local Compliance"
       Type="OutcomeChoice"
       Required="FALSE"
       Group="BNP RE Site Columns">
	  <CHOICES>
		  <CHOICE>Accept</CHOICE>
		  <CHOICE>Reject</CHOICE>
		  <CHOICE>Escalade to global compliance</CHOICE>
	  </CHOICES>
  </Field>
</Elements>
