﻿<?xml version="1.0" encoding="utf-8"?>
<List xmlns:ows="Microsoft SharePoint" Title="RegisterCOI" FolderCreation="FALSE" Direction="$Resources:Direction;" Url="Lists/RegisterCOI" BaseType="0" xmlns="http://schemas.microsoft.com/sharepoint/" EnableContentTypes="TRUE">
  <MetaData>
    <ContentTypes>
      
      
    <ContentType ID="0x01006433F169E21040F8A0E4C98794CE2220" Name="CTCOIRegister" Group="BNP PRE Content Types" Description="Content Type for COI Register" Inherits="TRUE" Version="0"><FieldRefs><FieldRef ID="{2e07bc87-843c-4012-88f6-04c3b6350f63}" Name="SubmissionDate" DisplayName="Date of submission of request for approval" Required="FALSE" /><FieldRef ID="{871468D6-7D68-4A93-ABF7-B2058309CE68}" Name="EmployeeIdentity" DisplayName="Employee identity" Required="FALSE" /><FieldRef ID="{6761D9BC-55D2-457A-8538-8A8B7690A83A}" Name="EmployeeUID" DisplayName="Employee UID" Required="FALSE" /><FieldRef ID="{D8C14A3F-F38E-4367-87ED-A64211D27354}" Name="COIEntity" DisplayName="Entity" Required="FALSE" /><FieldRef ID="{A3663771-CD39-48D9-8D75-0AB04B7BE558}" Name="COIBusinessLine" DisplayName="Business Line" Required="FALSE" /><FieldRef ID="{E1262CE3-2AAB-44CB-BD3B-4A2F0ACB3FB5}" Name="DateofDetection" DisplayName="Date of detection" Required="FALSE" /><FieldRef ID="{619FEE5F-5FAB-42A1-88B9-F51FB3A8819C}" Name="DeclarationDate" DisplayName="Declaration date" Required="FALSE" /><FieldRef ID="{0E80A088-A5EE-4B0D-AEBC-69ABADE5D461}" Name="TypeofConflict" DisplayName="Type of Conflict" Required="FALSE" /><FieldRef ID="{986FEE27-8E50-4B2C-9F5D-EFB2258A0716}" Name="COIDescription" DisplayName="COI Description" Required="FALSE" /><FieldRef ID="{FB07E151-B3AC-4BD7-9513-101C816F277A}" Name="PartiesInvolved" DisplayName="Parties involved in the COI" Required="FALSE" /><FieldRef ID="{AFA4F8CA-3FBF-4160-9FCD-4B55F939264D}" Name="NameofClient" DisplayName="Name(s) of the client(s) involved in the COI situation" Required="FALSE" /><FieldRef ID="{4DFC1813-0B8B-431E-9F1F-B50C47EB8D1C}" Name="COIReference" DisplayName="Reference in the Conflicts of interest Mapping" Required="FALSE" /><FieldRef ID="{C72F161A-D464-4CAD-AAC0-FAE260BAFA75}" Name="COIAutomatic" DisplayName="Automatic/Non automatic management" Required="FALSE" /><FieldRef ID="{2504E55F-7CF0-44A2-A9C4-EDC82AB2135E}" Name="SafetyMeasures" DisplayName="Safety measures provided by COI mapping" Required="FALSE" /><FieldRef ID="{300B9520-F2A2-4AA7-A7F1-A8A864CEAB5A}" Name="ComplementaryMitigating" DisplayName="Complementary mitigating measures proposed by the employee" Required="FALSE" /><FieldRef ID="{3CE0C967-AA95-4BC9-B723-D7B950E0E152}" Name="COIManagerDateDecision" DisplayName="Manager Date of the decision/recommmendation" Required="FALSE" /><FieldRef ID="{64374C0E-3DBA-464E-BFD5-F4332AE20EBC}" Name="COIManagerName" DisplayName="Manager Name /function of decision-maker" Required="FALSE" /><FieldRef ID="{D5AE1275-EB98-4B14-AF78-C35AE3E2FD64}" Name="COIManagerUID" DisplayName="Manager UID of decision-maker" Required="FALSE" /><FieldRef ID="{55D2C5AC-F50F-4B19-88D0-EFA496C85BC1}" Name="COIDecision" DisplayName="Manager Decision" Required="FALSE" /><FieldRef ID="{A39F7FD1-CF11-45B3-B95D-377DF2182AFA}" Name="COIDecisionRationale" DisplayName="Manager Decision rationale" Required="FALSE" /><FieldRef ID="{7460D96A-EA08-418D-A7A4-BE3FDC836273}" Name="COIComplianceDateDecision" DisplayName="CPL Date of the decision" Required="FALSE" /><FieldRef ID="{C6197F9D-62E5-41B3-93A6-54C06DFD8A1D}" Name="COIComplianceName" DisplayName="CPL Name/function of decision-maker" Required="FALSE" /><FieldRef ID="{35F73491-7167-48B3-9D21-E2524469C088}" Name="COIComplianceUID" DisplayName="CPL UID of decision-maker" Required="FALSE" /><FieldRef ID="{FFE4173C-6EDA-4F36-A2B2-0318ADAD57C0}" Name="COIComplianceDecision" DisplayName="CPL decision (approval /refusal)" Required="FALSE" /><FieldRef ID="{C4E98E87-BF14-4951-A0C1-38642F7B7793}" Name="COIComplianceDecisionRationale" DisplayName="CPL Decision rationale" Required="FALSE" /><FieldRef ID="{DF356A4E-BE97-481D-8E87-9FF000C7F487}" Name="COIComplianceFollowUpMeasures" DisplayName="CPL Follow Up Measures" Required="FALSE" /><FieldRef ID="{4898FE76-C4DD-4CC7-A98B-40454AF7BA8C}" Name="COIComplianceAdditionalProtectionMeasures" DisplayName="CPL Additional Protection Measures" Required="FALSE" /><FieldRef ID="{5F82AE94-8514-4E82-8613-0C1668B2E052}" Name="COIComplianceDeadlineFollowUp" DisplayName="CPL Deadline Follow Up" Required="FALSE" /><FieldRef ID="{6D28ADFF-D9D6-4EE7-9E89-1B0E7FDBC82F}" Name="COIGlobalCPLDateDecision" DisplayName="GCPL Date of the decision" Required="FALSE" /><FieldRef ID="{52AAE650-A82F-4F05-AACE-37B6A0203AE5}" Name="COIGlobalCPLName" DisplayName="GCPL Name/function of decision-maker" Required="FALSE" /><FieldRef ID="{E2A40C24-0E33-4BB1-A3AD-02DE981BECB7}" Name="COIGlobalCPLUID" DisplayName="GCPL UID of decision-maker" Required="FALSE" /><FieldRef ID="{77677AB9-B967-465D-8BFE-FD4E9EBE7620}" Name="COIGlobalCPLDecision" DisplayName="GCPL decision (approval /refusal)" Required="FALSE" /><FieldRef ID="{A46B79CB-5790-4744-90D5-5DE24D39E390}" Name="COIGlobalCPLDecisionRationale" DisplayName="GCPL Decision rationale" Required="FALSE" /></FieldRefs></ContentType></ContentTypes>
    <Fields>
      
    <Field ID="{fa564e0f-0c70-4ab9-b863-0177e6ddd247}" Type="Text" Name="Title" DisplayName="$Resources:core,Title;" Required="TRUE" SourceID="http://schemas.microsoft.com/sharepoint/v3" StaticName="Title" MaxLength="255" /><Field ID="{2e07bc87-843c-4012-88f6-04c3b6350f63}" Name="SubmissionDate" DisplayName="Date of submission of request for approval" Type="DateTime" Format="DateOnly" Required="FALSE" Group="BNP PRE RegisterCOI Site Columns"></Field><Field ID="{871468D6-7D68-4A93-ABF7-B2058309CE68}" Name="EmployeeIdentity" DisplayName="Employee identity" Type="Text" Required="FALSE" Group="BNP PRE RegisterCOI Site Columns"></Field><Field ID="{6761D9BC-55D2-457A-8538-8A8B7690A83A}" Name="EmployeeUID" DisplayName="Employee UID" Type="Text" Required="FALSE" Group="BNP PRE RegisterCOI Site Columns"></Field><Field ID="{D8C14A3F-F38E-4367-87ED-A64211D27354}" Name="COIEntity" DisplayName="Entity" Type="Text" Required="FALSE" Group="BNP PRE RegisterCOI Site Columns"></Field><Field ID="{A3663771-CD39-48D9-8D75-0AB04B7BE558}" Name="COIBusinessLine" DisplayName="Business Line" Type="Text" Required="FALSE" Group="BNP PRE RegisterCOI Site Columns"></Field><Field ID="{E1262CE3-2AAB-44CB-BD3B-4A2F0ACB3FB5}" Name="DateofDetection" DisplayName="Date of detection" Type="DateTime" Format="DateOnly" Required="FALSE" Group="BNP PRE RegisterCOI Site Columns"></Field><Field ID="{619FEE5F-5FAB-42A1-88B9-F51FB3A8819C}" Name="DeclarationDate" DisplayName="Declaration date" Type="DateTime" Format="DateOnly" Required="FALSE" Group="BNP PRE RegisterCOI Site Columns"></Field><Field ID="{0E80A088-A5EE-4B0D-AEBC-69ABADE5D461}" Name="TypeofConflict" DisplayName="Type of Conflict" Type="Choice" Required="FALSE" Group="BNP PRE RegisterCOI Site Columns"><CHOICES><CHOICE>Private</CHOICE><CHOICE>Professional</CHOICE></CHOICES></Field><Field ID="{986FEE27-8E50-4B2C-9F5D-EFB2258A0716}" Name="COIDescription" DisplayName="COI Description" Type="Note" NumLines="6" Required="FALSE" Group="BNP PRE RegisterCOI Site Columns"></Field><Field ID="{FB07E151-B3AC-4BD7-9513-101C816F277A}" Name="PartiesInvolved" DisplayName="Parties involved in the COI" Type="Note" NumLines="6" Required="FALSE" Group="BNP PRE RegisterCOI Site Columns"></Field><Field ID="{AFA4F8CA-3FBF-4160-9FCD-4B55F939264D}" Name="NameofClient" DisplayName="Name(s) of the client(s) involved in the COI situation" Type="Note" NumLines="6" Required="FALSE" Group="BNP PRE RegisterCOI Site Columns"></Field><Field ID="{4DFC1813-0B8B-431E-9F1F-B50C47EB8D1C}" Name="COIReference" DisplayName="Reference in the Conflicts of interest Mapping" Type="Note" NumLines="6" Required="FALSE" Group="BNP PRE RegisterCOI Site Columns"></Field><Field ID="{C72F161A-D464-4CAD-AAC0-FAE260BAFA75}" Name="COIAutomatic" DisplayName="Automatic/Non automatic management" Type="Choice" Required="FALSE" Group="BNP PRE RegisterCOI Site Columns"><CHOICES><CHOICE></CHOICE><CHOICE>Yes</CHOICE><CHOICE>No</CHOICE></CHOICES></Field><Field ID="{2504E55F-7CF0-44A2-A9C4-EDC82AB2135E}" Name="SafetyMeasures" DisplayName="Safety measures provided by COI mapping" Type="Note" NumLines="6" Required="FALSE" Group="BNP PRE RegisterCOI Site Columns"></Field><Field ID="{300B9520-F2A2-4AA7-A7F1-A8A864CEAB5A}" Name="ComplementaryMitigating" DisplayName="Complementary mitigating measures proposed by the employee" Type="Note" NumLines="6" Required="FALSE" Group="BNP PRE RegisterCOI Site Columns"></Field><Field ID="{3CE0C967-AA95-4BC9-B723-D7B950E0E152}" Name="COIManagerDateDecision" DisplayName="Manager Date of the decision/recommmendation" Type="DateTime" Format="DateOnly" Required="FALSE" Group="BNP PRE RegisterCOI Site Columns"></Field><Field ID="{64374C0E-3DBA-464E-BFD5-F4332AE20EBC}" Name="COIManagerName" DisplayName="Manager Name /function of decision-maker" Type="Text" Required="FALSE" Group="BNP PRE RegisterCOI Site Columns"></Field><Field ID="{D5AE1275-EB98-4B14-AF78-C35AE3E2FD64}" Name="COIManagerUID" DisplayName="Manager UID of decision-maker" Type="Text" Required="FALSE" Group="BNP PRE RegisterCOI Site Columns"></Field><Field ID="{55D2C5AC-F50F-4B19-88D0-EFA496C85BC1}" Name="COIDecision" DisplayName="Manager Decision" Type="Choice" Required="FALSE" Group="BNP PRE RegisterCOI Site Columns"><CHOICES><CHOICE>BL approval</CHOICE><CHOICE>Pre-approval</CHOICE><CHOICE>Refusal</CHOICE></CHOICES></Field><Field ID="{A39F7FD1-CF11-45B3-B95D-377DF2182AFA}" Name="COIDecisionRationale" DisplayName="Manager Decision rationale" Type="Note" NumLines="6" Required="FALSE" Group="BNP PRE RegisterCOI Site Columns"></Field><Field ID="{7460D96A-EA08-418D-A7A4-BE3FDC836273}" Name="COIComplianceDateDecision" DisplayName="CPL Date of the decision" Type="DateTime" Format="DateOnly" Required="FALSE" Group="BNP PRE RegisterCOI Site Columns"></Field><Field ID="{C6197F9D-62E5-41B3-93A6-54C06DFD8A1D}" Name="COIComplianceName" DisplayName="CPL Name/function of decision-maker" Type="Text" Required="FALSE" Group="BNP PRE RegisterCOI Site Columns"></Field><Field ID="{35F73491-7167-48B3-9D21-E2524469C088}" Name="COIComplianceUID" DisplayName="CPL UID of decision-maker" Type="Text" Required="FALSE" Group="BNP PRE RegisterCOI Site Columns"></Field><Field ID="{FFE4173C-6EDA-4F36-A2B2-0318ADAD57C0}" Name="COIComplianceDecision" DisplayName="CPL decision (approval /refusal)" Type="Choice" Required="FALSE" Group="BNP PRE RegisterCOI Site Columns"><CHOICES><CHOICE>approval</CHOICE><CHOICE>refusal</CHOICE></CHOICES></Field><Field ID="{C4E98E87-BF14-4951-A0C1-38642F7B7793}" Name="COIComplianceDecisionRationale" DisplayName="CPL Decision rationale" Type="Note" NumLines="6" Required="FALSE" Group="BNP PRE RegisterCOI Site Columns"></Field><Field ID="{DF356A4E-BE97-481D-8E87-9FF000C7F487}" Name="COIComplianceFollowUpMeasures" DisplayName="CPL Follow Up Measures" Type="Note" NumLines="6" Required="FALSE" Group="BNP PRE RegisterCOI Site Columns"></Field><Field ID="{4898FE76-C4DD-4CC7-A98B-40454AF7BA8C}" Name="COIComplianceAdditionalProtectionMeasures" DisplayName="CPL Additional Protection Measures" Type="Note" NumLines="6" Required="FALSE" Group="BNP PRE RegisterCOI Site Columns"></Field><Field ID="{5F82AE94-8514-4E82-8613-0C1668B2E052}" Name="COIComplianceDeadlineFollowUp" DisplayName="CPL Deadline Follow Up" Type="DateTime" Format="DateOnly" Required="FALSE" Group="BNP PRE RegisterCOI Site Columns"></Field><Field ID="{6D28ADFF-D9D6-4EE7-9E89-1B0E7FDBC82F}" Name="COIGlobalCPLDateDecision" DisplayName="GCPL Date of the decision" Type="DateTime" Format="DateOnly" Required="FALSE" Group="BNP PRE RegisterCOI Site Columns"></Field><Field ID="{52AAE650-A82F-4F05-AACE-37B6A0203AE5}" Name="COIGlobalCPLName" DisplayName="GCPL Name/function of decision-maker" Type="Text" Required="FALSE" Group="BNP PRE RegisterCOI Site Columns"></Field><Field ID="{E2A40C24-0E33-4BB1-A3AD-02DE981BECB7}" Name="COIGlobalCPLUID" DisplayName="GCPL UID of decision-maker" Type="Text" Required="FALSE" Group="BNP PRE RegisterCOI Site Columns"></Field><Field ID="{77677AB9-B967-465D-8BFE-FD4E9EBE7620}" Name="COIGlobalCPLDecision" DisplayName="GCPL decision (approval /refusal)" Type="Choice" Required="FALSE" Group="BNP PRE RegisterCOI Site Columns"><CHOICES><CHOICE>approval</CHOICE><CHOICE>refusal</CHOICE></CHOICES></Field><Field ID="{A46B79CB-5790-4744-90D5-5DE24D39E390}" Name="COIGlobalCPLDecisionRationale" DisplayName="GCPL Decision rationale" Type="Note" NumLines="6" Required="FALSE" Group="BNP PRE RegisterCOI Site Columns"></Field></Fields>
    <Views>
      
      
    <View BaseViewID="0" Type="HTML" MobileView="TRUE" TabularView="FALSE">
        <Toolbar Type="Standard" />
        <XslLink Default="TRUE">main.xsl</XslLink>
        <RowLimit Paged="TRUE">30</RowLimit>
        <ViewFields>
          
        <FieldRef Name="LinkTitleNoMenu"></FieldRef></ViewFields>
        <Query>
          <OrderBy>
            
          <FieldRef Name="Modified" Ascending="FALSE"></FieldRef></OrderBy>
        </Query>
        <ParameterBindings>
          <ParameterBinding Name="AddNewAnnouncement" Location="Resource(wss,addnewitem)" />
          <ParameterBinding Name="NoAnnouncements" Location="Resource(wss,noXinviewofY_LIST)" />
          <ParameterBinding Name="NoAnnouncementsHowTo" Location="Resource(wss,noXinviewofY_ONET_HOME)" />
        </ParameterBindings>
      </View><View BaseViewID="1" Type="HTML" WebPartZoneID="Main" DisplayName="$Resources:core,objectiv_schema_mwsidcamlidC24;" DefaultView="TRUE" MobileView="TRUE" MobileDefaultView="TRUE" SetupPath="pages\viewpage.aspx" ImageUrl="/_layouts/15/images/generic.png?rev=23" Url="AllItems.aspx">
        <Toolbar Type="Standard" />
        <XslLink Default="TRUE">main.xsl</XslLink>
        <JSLink>clienttemplates.js</JSLink>
        <RowLimit Paged="TRUE">30</RowLimit>
        <ViewFields>
          
        <FieldRef Name="LinkTitle"></FieldRef><FieldRef Name="SubmissionDate" /><FieldRef Name="EmployeeIdentity" /><FieldRef Name="EmployeeUID" /><FieldRef Name="COIEntity" /><FieldRef Name="COIBusinessLine" /><FieldRef Name="DateofDetection" /><FieldRef Name="DeclarationDate" /><FieldRef Name="TypeofConflict" /><FieldRef Name="COIDescription" /><FieldRef Name="PartiesInvolved" /><FieldRef Name="NameofClient" /><FieldRef Name="COIReference" /><FieldRef Name="COIAutomatic" /><FieldRef Name="SafetyMeasures" /><FieldRef Name="ComplementaryMitigating" /><FieldRef Name="COIManagerDateDecision" /><FieldRef Name="COIManagerName" /><FieldRef Name="COIManagerUID" /><FieldRef Name="COIDecision" /><FieldRef Name="COIDecisionRationale" /><FieldRef Name="COIComplianceDateDecision" /><FieldRef Name="COIComplianceName" /><FieldRef Name="COIComplianceUID" /><FieldRef Name="COIComplianceDecision" /><FieldRef Name="COIComplianceDecisionRationale" /><FieldRef Name="COIComplianceFollowUpMeasures" /><FieldRef Name="COIComplianceAdditionalProtectionMeasures" /><FieldRef Name="COIComplianceDeadlineFollowUp" /><FieldRef Name="COIGlobalCPLDateDecision" /><FieldRef Name="COIGlobalCPLName" /><FieldRef Name="COIGlobalCPLUID" /><FieldRef Name="COIGlobalCPLDecision" /><FieldRef Name="COIGlobalCPLDecisionRationale" /></ViewFields>
        <Query>
          <OrderBy>
            
          <FieldRef Name="ID"></FieldRef></OrderBy>
        </Query>
        <ParameterBindings>
          <ParameterBinding Name="NoAnnouncements" Location="Resource(wss,noXinviewofY_LIST)" />
          <ParameterBinding Name="NoAnnouncementsHowTo" Location="Resource(wss,noXinviewofY_DEFAULT)" />
        </ParameterBindings>
      </View></Views>
    <Forms>
      <Form Type="DisplayForm" Url="DispForm.aspx" SetupPath="pages\form.aspx" WebPartZoneID="Main" />
      <Form Type="EditForm" Url="EditForm.aspx" SetupPath="pages\form.aspx" WebPartZoneID="Main" />
      <Form Type="NewForm" Url="NewForm.aspx" SetupPath="pages\form.aspx" WebPartZoneID="Main" />
    </Forms>
  </MetaData>
</List>