﻿<?xml version="1.0" encoding="utf-8"?>
<Elements xmlns="http://schemas.microsoft.com/sharepoint/">  
  <Field
       ID="{e622714c-5b83-48db-8b6d-d8f5a76deefd}"
       Name="InvitationQ1"
       DisplayName="$Resources:bnp, Invitation_Q1;"
       Type="Text"
       Required="FALSE"
       Group="BNP RE Site Columns">
  </Field>

  <Field
      ID="{4E2F6267-A23E-4074-9D8E-1D832355822F}"
      Name="InvitationPEP"
      DisplayName="$Resources:bnp, Invitation_PEP;"
      Type="Text"
      Required="FALSE"
      Group="BNP PRE Site Columns">
  </Field>

  <Field
      ID="{D887B4B5-CD3E-4574-9AE2-324D81B911A8}"
      Name="InvitationQ9_1"
      DisplayName="$Resources:bnp, Invitation_Q9_1;"
      Type="Text"
      Required="FALSE"
      Group="BNP PRE Site Columns">
  </Field>

  <Field
    ID="{3B5AB621-E0F8-4E67-A8B9-8B5E1F9EF99A}"
    Name="InvitationQ9_2"
    DisplayName="$Resources:bnp, Invitation_Q9_2;"
    Type="Text"
    Required="FALSE"
    Group="BNP PRE Site Columns">
  </Field>

  <Field
    ID="{1A5868EC-9138-40AC-B120-AF30840DB8DC}"
    Name="InvitationQ18_1"
    DisplayName="$Resources:bnp, Invitation_Q18_1;"
    Type="Text"
    Required="FALSE"
    Group="BNP PRE Site Columns">
  </Field>

  <Field
   ID="{6FA03EE2-ACD9-4B58-B976-B1B6B03A9EC4}"
   Name="InvitationQ41_1"
   DisplayName="$Resources:bnp, Invitation_Q41_1;"
   Type="Text"
   Required="FALSE"
   Group="BNP PRE Site Columns">
  </Field>

  <Field
   ID="{16CB9722-ECC1-482F-B43D-F15DD3195C74}"
   Name="InvitationQ47"
   DisplayName="$Resources:bnp, Invitation_Q47;"
   Type="Text"
   Required="FALSE"
   Group="BNP PRE Site Columns">
  </Field>

  <Field
     ID="{B22AA139-D5DF-445E-8287-E5286900BDBD}"
     Name="InvitationQ49"
     DisplayName="$Resources:bnp, Invitation_Q49;"
     Type="Text"
     Required="FALSE"
     Group="BNP PRE Site Columns">
  </Field>

  <Field
     ID="{91810CB3-971E-466D-A87F-16911CEACF7D}"
     Name="InvitationQ51"
     DisplayName="$Resources:bnp, Invitation_Q51;"
     Type="Text"
     Required="FALSE"
     Group="BNP PRE Site Columns">
  </Field>


  <Field
   ID="{67FEF04E-1834-4DE3-A225-C87ADED0B2A5}"
   Name="InvitationQ53"
   DisplayName="$Resources:bnp, Invitation_Q53;"
   Type="Text"
   Required="FALSE"
   Group="BNP PRE Site Columns">
  </Field>

  <Field
   ID="{34605275-A71A-49BD-AF88-850833CDB355}"
   Name="InvitationQ55"
   DisplayName="$Resources:bnp, Invitation_Q55;"
   Type="Text"
   Required="FALSE"
   Group="BNP PRE Site Columns">
  </Field>

  <Field
     ID="{31164265-766E-41C3-B4D5-78C287284110}"
     Name="InvitationQ56"
     DisplayName="$Resources:bnp, Invitation_Q56;"
     Type="Text"
     Required="FALSE"
     Group="BNP PRE Site Columns">
  </Field>

	
	<Field
       ID="{0AC2303E-E62E-4914-B803-6F441CE9F5AF}"
       Name="InvitationQRestrictedPEP"
       DisplayName="Restricted public official"
       Type="Text"
       Required="FALSE"
       Group="BNP PRE Site Columns">
	</Field>

	<Field
	    ID="{F1A197F5-D7D0-4D4F-837A-1E55AB59D90F}"
	    Name="InvitationQ57"
	    DisplayName="$Resources:bnp, Gift_Q46;"
	    Type="Text"
	    Required="FALSE"
	    Group="BNP PRE Site Columns">
	</Field>


</Elements>
